order_id,customer_id,order_status,order_purchase_timestamp,order_delivered_customer_date,order_estimated_delivery_date,actual_delivery_days,is_delayed
ORD_50001,CUST_9179,delivered,2017-07-22 00:00:00,2017-08-15 00:00:00,2017-08-05 00:00:00,24,1
ORD_50002,CUST_8019,delivered,2018-04-05 00:00:00,2018-04-26 00:00:00,2018-04-19 00:00:00,21,1
ORD_50003,CUST_3621,delivered,2018-02-10 00:00:00,2018-03-07 00:00:00,2018-02-24 00:00:00,25,1
ORD_50004,CUST_1188,delivered,2017-12-15 00:00:00,2018-01-14 00:00:00,2017-12-29 00:00:00,30,1
ORD_50005,CUST_8433,delivered,2017-01-02 00:00:00,2017-01-23 00:00:00,2017-01-16 00:00:00,21,1
ORD_50006,CUST_9317,delivered,2017-11-08 00:00:00,2017-11-29 00:00:00,2017-11-22 00:00:00,21,1
ORD_50007,CUST_6310,delivered,2017-09-08 00:00:00,2017-10-04 00:00:00,2017-09-22 00:00:00,26,1
ORD_50008,CUST_8962,delivered,2018-02-22 00:00:00,2018-03-14 00:00:00,2018-03-08 00:00:00,20,1
ORD_50009,CUST_7932,delivered,2018-05-09 00:00:00,2018-06-03 00:00:00,2018-05-23 00:00:00,25,1
ORD_50010,CUST_7118,delivered,2017-08-13 00:00:00,2017-09-02 00:00:00,2017-08-27 00:00:00,20,1
ORD_50011,CUST_1117,delivered,2017-02-06 00:00:00,2017-02-26 00:00:00,2017-02-20 00:00:00,20,1
ORD_50012,CUST_9423,delivered,2017-05-02 00:00:00,2017-05-14 00:00:00,2017-05-16 00:00:00,12,0
ORD_50013,CUST_8744,delivered,2017-05-05 00:00:00,2017-05-24 00:00:00,2017-05-19 00:00:00,19,1
ORD_50014,CUST_8651,delivered,2018-03-19 00:00:00,2018-04-05 00:00:00,2018-04-02 00:00:00,17,1
ORD_50015,CUST_4139,delivered,2017-04-08 00:00:00,2017-05-01 00:00:00,2017-04-22 00:00:00,23,1
ORD_50016,CUST_2604,delivered,2017-01-26 00:00:00,2017-02-12 00:00:00,2017-02-09 00:00:00,17,1
ORD_50017,CUST_7570,delivered,2018-04-08 00:00:00,2018-04-23 00:00:00,2018-04-22 00:00:00,15,1
ORD_50018,CUST_7930,delivered,2017-12-23 00:00:00,2018-01-13 00:00:00,2018-01-06 00:00:00,21,1
ORD_50019,CUST_1958,delivered,2017-10-24 00:00:00,2017-11-15 00:00:00,2017-11-07 00:00:00,22,1
ORD_50020,CUST_3579,delivered,2017-01-30 00:00:00,2017-02-14 00:00:00,2017-02-13 00:00:00,15,1
ORD_50021,CUST_5033,delivered,2017-10-24 00:00:00,2017-11-12 00:00:00,2017-11-07 00:00:00,19,1
ORD_50022,CUST_6147,delivered,2017-05-03 00:00:00,2017-05-25 00:00:00,2017-05-17 00:00:00,22,1
ORD_50023,CUST_2638,delivered,2017-02-07 00:00:00,2017-02-23 00:00:00,2017-02-21 00:00:00,16,1
ORD_50024,CUST_7054,delivered,2017-05-26 00:00:00,2017-06-14 00:00:00,2017-06-09 00:00:00,19,1
ORD_50025,CUST_5905,delivered,2018-04-23 00:00:00,2018-05-13 00:00:00,2018-05-07 00:00:00,20,1
ORD_50026,CUST_3546,delivered,2017-05-20 00:00:00,2017-06-20 00:00:00,2017-06-03 00:00:00,31,1
ORD_50027,CUST_5114,delivered,2018-04-09 00:00:00,2018-05-01 00:00:00,2018-04-23 00:00:00,22,1
ORD_50028,CUST_3647,delivered,2018-01-15 00:00:00,2018-02-01 00:00:00,2018-01-29 00:00:00,17,1
ORD_50029,CUST_7049,delivered,2017-10-26 00:00:00,2017-11-21 00:00:00,2017-11-09 00:00:00,26,1
ORD_50030,CUST_5088,delivered,2017-12-08 00:00:00,2017-12-24 00:00:00,2017-12-22 00:00:00,16,1
ORD_50031,CUST_7755,delivered,2017-01-13 00:00:00,2017-02-05 00:00:00,2017-01-27 00:00:00,23,1
ORD_50032,CUST_3608,delivered,2018-02-08 00:00:00,2018-02-23 00:00:00,2018-02-22 00:00:00,15,1
ORD_50033,CUST_4728,delivered,2017-04-25 00:00:00,2017-05-18 00:00:00,2017-05-09 00:00:00,23,1
ORD_50034,CUST_9346,delivered,2017-07-24 00:00:00,2017-08-16 00:00:00,2017-08-07 00:00:00,23,1
ORD_50035,CUST_5349,delivered,2017-01-20 00:00:00,2017-02-10 00:00:00,2017-02-03 00:00:00,21,1
ORD_50036,CUST_4114,delivered,2017-05-11 00:00:00,2017-05-31 00:00:00,2017-05-25 00:00:00,20,1
ORD_50037,CUST_2146,delivered,2018-05-01 00:00:00,2018-05-16 00:00:00,2018-05-15 00:00:00,15,1
ORD_50038,CUST_9308,delivered,2017-06-08 00:00:00,2017-06-28 00:00:00,2017-06-22 00:00:00,20,1
ORD_50039,CUST_7211,delivered,2017-12-13 00:00:00,2018-01-09 00:00:00,2017-12-27 00:00:00,27,1
ORD_50040,CUST_4443,delivered,2017-08-09 00:00:00,2017-09-02 00:00:00,2017-08-23 00:00:00,24,1
ORD_50041,CUST_3780,delivered,2017-12-04 00:00:00,2017-12-17 00:00:00,2017-12-18 00:00:00,13,0
ORD_50042,CUST_2530,delivered,2018-02-24 00:00:00,2018-03-16 00:00:00,2018-03-10 00:00:00,20,1
ORD_50043,CUST_2193,delivered,2017-08-22 00:00:00,2017-09-10 00:00:00,2017-09-05 00:00:00,19,1
ORD_50044,CUST_3417,delivered,2017-12-02 00:00:00,2017-12-27 00:00:00,2017-12-16 00:00:00,25,1
ORD_50045,CUST_5082,delivered,2018-04-15 00:00:00,2018-05-12 00:00:00,2018-04-29 00:00:00,27,1
ORD_50046,CUST_9270,delivered,2017-08-07 00:00:00,2017-08-25 00:00:00,2017-08-21 00:00:00,18,1
ORD_50047,CUST_9540,delivered,2017-09-06 00:00:00,2017-09-26 00:00:00,2017-09-20 00:00:00,20,1
ORD_50048,CUST_9849,delivered,2017-02-11 00:00:00,2017-03-07 00:00:00,2017-02-25 00:00:00,24,1
ORD_50049,CUST_6421,delivered,2017-10-05 00:00:00,2017-11-01 00:00:00,2017-10-19 00:00:00,27,1
ORD_50050,CUST_1320,delivered,2018-03-15 00:00:00,2018-04-05 00:00:00,2018-03-29 00:00:00,21,1
ORD_50051,CUST_9947,delivered,2018-02-14 00:00:00,2018-03-02 00:00:00,2018-02-28 00:00:00,16,1
ORD_50052,CUST_7624,delivered,2018-01-06 00:00:00,2018-01-22 00:00:00,2018-01-20 00:00:00,16,1
ORD_50053,CUST_1444,delivered,2017-02-12 00:00:00,2017-03-10 00:00:00,2017-02-26 00:00:00,26,1
ORD_50054,CUST_6355,delivered,2017-06-22 00:00:00,2017-07-21 00:00:00,2017-07-06 00:00:00,29,1
ORD_50055,CUST_1317,delivered,2018-01-19 00:00:00,2018-02-15 00:00:00,2018-02-02 00:00:00,27,1
ORD_50056,CUST_4266,delivered,2018-03-06 00:00:00,2018-03-30 00:00:00,2018-03-20 00:00:00,24,1
ORD_50057,CUST_5198,delivered,2018-01-28 00:00:00,2018-02-16 00:00:00,2018-02-11 00:00:00,19,1
ORD_50058,CUST_1420,delivered,2018-04-21 00:00:00,2018-05-15 00:00:00,2018-05-05 00:00:00,24,1
ORD_50059,CUST_5941,delivered,2018-03-12 00:00:00,2018-04-11 00:00:00,2018-03-26 00:00:00,30,1
ORD_50060,CUST_2129,delivered,2017-09-17 00:00:00,2017-10-09 00:00:00,2017-10-01 00:00:00,22,1
ORD_50061,CUST_3506,delivered,2017-08-11 00:00:00,2017-09-10 00:00:00,2017-08-25 00:00:00,30,1
ORD_50062,CUST_8616,delivered,2017-08-12 00:00:00,2017-09-07 00:00:00,2017-08-26 00:00:00,26,1
ORD_50063,CUST_7209,delivered,2017-06-22 00:00:00,2017-07-14 00:00:00,2017-07-06 00:00:00,22,1
ORD_50064,CUST_5526,delivered,2017-10-12 00:00:00,2017-11-01 00:00:00,2017-10-26 00:00:00,20,1
ORD_50065,CUST_8800,delivered,2017-11-27 00:00:00,2017-12-19 00:00:00,2017-12-11 00:00:00,22,1
ORD_50066,CUST_7046,delivered,2017-08-31 00:00:00,2017-09-12 00:00:00,2017-09-14 00:00:00,12,0
ORD_50067,CUST_6764,delivered,2017-12-26 00:00:00,2018-01-19 00:00:00,2018-01-09 00:00:00,24,1
ORD_50068,CUST_9779,delivered,2018-05-02 00:00:00,2018-05-31 00:00:00,2018-05-16 00:00:00,29,1
ORD_50069,CUST_5853,delivered,2017-04-27 00:00:00,2017-05-16 00:00:00,2017-05-11 00:00:00,19,1
ORD_50070,CUST_5786,delivered,2017-12-24 00:00:00,2018-01-11 00:00:00,2018-01-07 00:00:00,18,1
ORD_50071,CUST_8690,delivered,2017-09-03 00:00:00,2017-09-29 00:00:00,2017-09-17 00:00:00,26,1
ORD_50072,CUST_2213,delivered,2017-10-23 00:00:00,2017-11-16 00:00:00,2017-11-06 00:00:00,24,1
ORD_50073,CUST_2940,delivered,2017-10-13 00:00:00,2017-11-06 00:00:00,2017-10-27 00:00:00,24,1
ORD_50074,CUST_8381,delivered,2018-04-11 00:00:00,2018-05-08 00:00:00,2018-04-25 00:00:00,27,1
ORD_50075,CUST_2625,delivered,2018-05-01 00:00:00,2018-05-19 00:00:00,2018-05-15 00:00:00,18,1
ORD_50076,CUST_2229,delivered,2017-03-22 00:00:00,2017-04-11 00:00:00,2017-04-05 00:00:00,20,1
ORD_50077,CUST_5632,delivered,2017-12-26 00:00:00,2018-01-15 00:00:00,2018-01-09 00:00:00,20,1
ORD_50078,CUST_9922,delivered,2017-04-26 00:00:00,2017-05-11 00:00:00,2017-05-10 00:00:00,15,1
ORD_50079,CUST_5728,delivered,2017-08-13 00:00:00,2017-09-05 00:00:00,2017-08-27 00:00:00,23,1
ORD_50080,CUST_9847,delivered,2017-09-10 00:00:00,2017-10-02 00:00:00,2017-09-24 00:00:00,22,1
ORD_50081,CUST_4750,delivered,2018-05-08 00:00:00,2018-05-29 00:00:00,2018-05-22 00:00:00,21,1
ORD_50082,CUST_1659,delivered,2018-01-26 00:00:00,2018-02-15 00:00:00,2018-02-09 00:00:00,20,1
ORD_50083,CUST_8141,delivered,2017-11-22 00:00:00,2017-12-10 00:00:00,2017-12-06 00:00:00,18,1
ORD_50084,CUST_7744,delivered,2017-12-22 00:00:00,2018-01-12 00:00:00,2018-01-05 00:00:00,21,1
ORD_50085,CUST_2899,delivered,2018-05-12 00:00:00,2018-06-05 00:00:00,2018-05-26 00:00:00,24,1
ORD_50086,CUST_1888,delivered,2017-04-07 00:00:00,2017-04-30 00:00:00,2017-04-21 00:00:00,23,1
ORD_50087,CUST_9998,delivered,2017-03-09 00:00:00,2017-04-01 00:00:00,2017-03-23 00:00:00,23,1
ORD_50088,CUST_6091,delivered,2017-10-10 00:00:00,2017-11-01 00:00:00,2017-10-24 00:00:00,22,1
ORD_50089,CUST_9165,delivered,2018-04-23 00:00:00,2018-05-05 00:00:00,2018-05-07 00:00:00,12,0
ORD_50090,CUST_8736,delivered,2017-05-05 00:00:00,2017-05-27 00:00:00,2017-05-19 00:00:00,22,1
ORD_50091,CUST_7798,delivered,2017-06-24 00:00:00,2017-07-28 00:00:00,2017-07-08 00:00:00,34,1
ORD_50092,CUST_9824,delivered,2017-09-05 00:00:00,2017-09-26 00:00:00,2017-09-19 00:00:00,21,1
ORD_50093,CUST_4912,delivered,2017-10-20 00:00:00,2017-11-12 00:00:00,2017-11-03 00:00:00,23,1
ORD_50094,CUST_7325,delivered,2017-12-06 00:00:00,2017-12-28 00:00:00,2017-12-20 00:00:00,22,1
ORD_50095,CUST_2633,delivered,2017-09-27 00:00:00,2017-10-13 00:00:00,2017-10-11 00:00:00,16,1
ORD_50096,CUST_5342,delivered,2017-06-23 00:00:00,2017-07-19 00:00:00,2017-07-07 00:00:00,26,1
ORD_50097,CUST_8994,delivered,2018-03-23 00:00:00,2018-04-09 00:00:00,2018-04-06 00:00:00,17,1
ORD_50098,CUST_2480,delivered,2017-08-11 00:00:00,2017-09-09 00:00:00,2017-08-25 00:00:00,29,1
ORD_50099,CUST_6314,delivered,2018-02-12 00:00:00,2018-02-27 00:00:00,2018-02-26 00:00:00,15,1
ORD_50100,CUST_3950,delivered,2017-03-29 00:00:00,2017-04-23 00:00:00,2017-04-12 00:00:00,25,1
ORD_50101,CUST_5161,delivered,2017-08-24 00:00:00,2017-09-26 00:00:00,2017-09-07 00:00:00,33,1
ORD_50102,CUST_5901,delivered,2017-11-24 00:00:00,2017-12-11 00:00:00,2017-12-08 00:00:00,17,1
ORD_50103,CUST_4886,delivered,2017-07-15 00:00:00,2017-08-06 00:00:00,2017-07-29 00:00:00,22,1
ORD_50104,CUST_1803,delivered,2018-04-12 00:00:00,2018-05-01 00:00:00,2018-04-26 00:00:00,19,1
ORD_50105,CUST_4115,delivered,2017-11-14 00:00:00,2017-12-06 00:00:00,2017-11-28 00:00:00,22,1
ORD_50106,CUST_1645,delivered,2017-06-08 00:00:00,2017-07-02 00:00:00,2017-06-22 00:00:00,24,1
ORD_50107,CUST_7807,delivered,2017-03-31 00:00:00,2017-04-17 00:00:00,2017-04-14 00:00:00,17,1
ORD_50108,CUST_8894,delivered,2018-05-11 00:00:00,2018-06-10 00:00:00,2018-05-25 00:00:00,30,1
ORD_50109,CUST_7511,delivered,2018-05-11 00:00:00,2018-05-31 00:00:00,2018-05-25 00:00:00,20,1
ORD_50110,CUST_5295,delivered,2017-10-27 00:00:00,2017-11-22 00:00:00,2017-11-10 00:00:00,26,1
ORD_50111,CUST_6374,delivered,2018-04-14 00:00:00,2018-04-30 00:00:00,2018-04-28 00:00:00,16,1
ORD_50112,CUST_7689,delivered,2017-03-01 00:00:00,2017-03-29 00:00:00,2017-03-15 00:00:00,28,1
ORD_50113,CUST_7367,delivered,2017-08-21 00:00:00,2017-09-04 00:00:00,2017-09-04 00:00:00,14,0
ORD_50114,CUST_3531,delivered,2018-03-30 00:00:00,2018-04-22 00:00:00,2018-04-13 00:00:00,23,1
ORD_50115,CUST_7070,delivered,2017-04-22 00:00:00,2017-05-08 00:00:00,2017-05-06 00:00:00,16,1
ORD_50116,CUST_6876,delivered,2017-02-01 00:00:00,2017-02-26 00:00:00,2017-02-15 00:00:00,25,1
ORD_50117,CUST_4990,delivered,2017-03-06 00:00:00,2017-03-29 00:00:00,2017-03-20 00:00:00,23,1
ORD_50118,CUST_1046,delivered,2017-05-22 00:00:00,2017-06-14 00:00:00,2017-06-05 00:00:00,23,1
ORD_50119,CUST_6869,delivered,2018-02-09 00:00:00,2018-03-05 00:00:00,2018-02-23 00:00:00,24,1
ORD_50120,CUST_2041,delivered,2017-09-01 00:00:00,2017-09-19 00:00:00,2017-09-15 00:00:00,18,1
ORD_50121,CUST_9543,delivered,2017-06-04 00:00:00,2017-06-27 00:00:00,2017-06-18 00:00:00,23,1
ORD_50122,CUST_2768,delivered,2017-09-09 00:00:00,2017-09-27 00:00:00,2017-09-23 00:00:00,18,1
ORD_50123,CUST_9984,delivered,2017-12-31 00:00:00,2018-01-31 00:00:00,2018-01-14 00:00:00,31,1
ORD_50124,CUST_2874,delivered,2018-03-13 00:00:00,2018-04-06 00:00:00,2018-03-27 00:00:00,24,1
ORD_50125,CUST_4743,delivered,2017-07-31 00:00:00,2017-08-25 00:00:00,2017-08-14 00:00:00,25,1
ORD_50126,CUST_5176,delivered,2017-07-11 00:00:00,2017-07-28 00:00:00,2017-07-25 00:00:00,17,1
ORD_50127,CUST_2582,delivered,2018-01-17 00:00:00,2018-02-14 00:00:00,2018-01-31 00:00:00,28,1
ORD_50128,CUST_7730,delivered,2017-07-01 00:00:00,2017-07-19 00:00:00,2017-07-15 00:00:00,18,1
ORD_50129,CUST_2697,delivered,2017-10-23 00:00:00,2017-11-16 00:00:00,2017-11-06 00:00:00,24,1
ORD_50130,CUST_7022,delivered,2017-02-28 00:00:00,2017-03-31 00:00:00,2017-03-14 00:00:00,31,1
ORD_50131,CUST_1430,delivered,2017-11-08 00:00:00,2017-11-26 00:00:00,2017-11-22 00:00:00,18,1
ORD_50132,CUST_1100,delivered,2017-04-03 00:00:00,2017-04-20 00:00:00,2017-04-17 00:00:00,17,1
ORD_50133,CUST_9691,delivered,2017-04-21 00:00:00,2017-05-09 00:00:00,2017-05-05 00:00:00,18,1
ORD_50134,CUST_2391,delivered,2018-03-29 00:00:00,2018-04-20 00:00:00,2018-04-12 00:00:00,22,1
ORD_50135,CUST_7947,delivered,2017-09-06 00:00:00,2017-09-30 00:00:00,2017-09-20 00:00:00,24,1
ORD_50136,CUST_8972,delivered,2017-09-27 00:00:00,2017-10-20 00:00:00,2017-10-11 00:00:00,23,1
ORD_50137,CUST_3248,delivered,2018-01-27 00:00:00,2018-02-22 00:00:00,2018-02-10 00:00:00,26,1
ORD_50138,CUST_9725,delivered,2017-12-27 00:00:00,2018-01-18 00:00:00,2018-01-10 00:00:00,22,1
ORD_50139,CUST_8532,delivered,2018-04-17 00:00:00,2018-05-16 00:00:00,2018-05-01 00:00:00,29,1
ORD_50140,CUST_7636,delivered,2017-01-11 00:00:00,2017-02-01 00:00:00,2017-01-25 00:00:00,21,1
ORD_50141,CUST_2734,delivered,2017-05-05 00:00:00,2017-05-30 00:00:00,2017-05-19 00:00:00,25,1
ORD_50142,CUST_4630,delivered,2017-06-20 00:00:00,2017-07-07 00:00:00,2017-07-04 00:00:00,17,1
ORD_50143,CUST_3419,delivered,2017-05-01 00:00:00,2017-05-25 00:00:00,2017-05-15 00:00:00,24,1
ORD_50144,CUST_9095,delivered,2017-08-26 00:00:00,2017-09-16 00:00:00,2017-09-09 00:00:00,21,1
ORD_50145,CUST_6179,delivered,2017-03-19 00:00:00,2017-04-12 00:00:00,2017-04-02 00:00:00,24,1
ORD_50146,CUST_1920,delivered,2017-06-30 00:00:00,2017-07-18 00:00:00,2017-07-14 00:00:00,18,1
ORD_50147,CUST_2479,delivered,2017-11-11 00:00:00,2017-11-25 00:00:00,2017-11-25 00:00:00,14,0
ORD_50148,CUST_8368,delivered,2018-04-11 00:00:00,2018-05-07 00:00:00,2018-04-25 00:00:00,26,1
ORD_50149,CUST_6626,delivered,2018-01-01 00:00:00,2018-01-24 00:00:00,2018-01-15 00:00:00,23,1
ORD_50150,CUST_3600,delivered,2017-07-06 00:00:00,2017-07-22 00:00:00,2017-07-20 00:00:00,16,1
ORD_50151,CUST_6482,delivered,2017-02-03 00:00:00,2017-02-26 00:00:00,2017-02-17 00:00:00,23,1
ORD_50152,CUST_3317,delivered,2018-04-15 00:00:00,2018-05-09 00:00:00,2018-04-29 00:00:00,24,1
ORD_50153,CUST_7171,delivered,2017-11-26 00:00:00,2017-12-13 00:00:00,2017-12-10 00:00:00,17,1
ORD_50154,CUST_2531,delivered,2017-11-27 00:00:00,2017-12-19 00:00:00,2017-12-11 00:00:00,22,1
ORD_50155,CUST_4145,delivered,2017-04-26 00:00:00,2017-05-12 00:00:00,2017-05-10 00:00:00,16,1
ORD_50156,CUST_9626,delivered,2017-01-20 00:00:00,2017-02-14 00:00:00,2017-02-03 00:00:00,25,1
ORD_50157,CUST_3712,delivered,2018-01-05 00:00:00,2018-02-01 00:00:00,2018-01-19 00:00:00,27,1
ORD_50158,CUST_8355,delivered,2017-04-30 00:00:00,2017-05-27 00:00:00,2017-05-14 00:00:00,27,1
ORD_50159,CUST_7256,delivered,2017-09-15 00:00:00,2017-09-30 00:00:00,2017-09-29 00:00:00,15,1
ORD_50160,CUST_8873,delivered,2018-03-24 00:00:00,2018-04-10 00:00:00,2018-04-07 00:00:00,17,1
ORD_50161,CUST_2374,delivered,2018-01-26 00:00:00,2018-02-19 00:00:00,2018-02-09 00:00:00,24,1
ORD_50162,CUST_1436,delivered,2017-08-01 00:00:00,2017-08-25 00:00:00,2017-08-15 00:00:00,24,1
ORD_50163,CUST_1461,delivered,2017-06-13 00:00:00,2017-07-08 00:00:00,2017-06-27 00:00:00,25,1
ORD_50164,CUST_3273,delivered,2018-01-24 00:00:00,2018-02-21 00:00:00,2018-02-07 00:00:00,28,1
ORD_50165,CUST_9647,delivered,2017-08-05 00:00:00,2017-09-01 00:00:00,2017-08-19 00:00:00,27,1
ORD_50166,CUST_8489,delivered,2017-02-02 00:00:00,2017-02-27 00:00:00,2017-02-16 00:00:00,25,1
ORD_50167,CUST_5772,delivered,2017-08-08 00:00:00,2017-08-28 00:00:00,2017-08-22 00:00:00,20,1
ORD_50168,CUST_2108,delivered,2018-05-04 00:00:00,2018-05-30 00:00:00,2018-05-18 00:00:00,26,1
ORD_50169,CUST_7338,delivered,2017-07-11 00:00:00,2017-07-29 00:00:00,2017-07-25 00:00:00,18,1
ORD_50170,CUST_6447,delivered,2017-03-10 00:00:00,2017-03-31 00:00:00,2017-03-24 00:00:00,21,1
ORD_50171,CUST_8840,delivered,2017-11-20 00:00:00,2017-12-12 00:00:00,2017-12-04 00:00:00,22,1
ORD_50172,CUST_1686,delivered,2017-06-11 00:00:00,2017-07-14 00:00:00,2017-06-25 00:00:00,33,1
ORD_50173,CUST_1783,delivered,2018-03-20 00:00:00,2018-04-02 00:00:00,2018-04-03 00:00:00,13,0
ORD_50174,CUST_8204,delivered,2018-04-04 00:00:00,2018-04-18 00:00:00,2018-04-18 00:00:00,14,0
ORD_50175,CUST_9507,delivered,2017-05-17 00:00:00,2017-06-13 00:00:00,2017-05-31 00:00:00,27,1
ORD_50176,CUST_9937,delivered,2017-05-31 00:00:00,2017-06-17 00:00:00,2017-06-14 00:00:00,17,1
ORD_50177,CUST_8272,delivered,2017-06-29 00:00:00,2017-07-17 00:00:00,2017-07-13 00:00:00,18,1
ORD_50178,CUST_7655,delivered,2017-07-06 00:00:00,2017-07-31 00:00:00,2017-07-20 00:00:00,25,1
ORD_50179,CUST_2101,delivered,2017-05-01 00:00:00,2017-05-19 00:00:00,2017-05-15 00:00:00,18,1
ORD_50180,CUST_7077,delivered,2017-07-10 00:00:00,2017-08-02 00:00:00,2017-07-24 00:00:00,23,1
ORD_50181,CUST_5089,delivered,2018-05-07 00:00:00,2018-05-29 00:00:00,2018-05-21 00:00:00,22,1
ORD_50182,CUST_8311,delivered,2017-04-20 00:00:00,2017-05-09 00:00:00,2017-05-04 00:00:00,19,1
ORD_50183,CUST_8292,delivered,2017-02-14 00:00:00,2017-03-19 00:00:00,2017-02-28 00:00:00,33,1
ORD_50184,CUST_3852,delivered,2018-02-11 00:00:00,2018-03-08 00:00:00,2018-02-25 00:00:00,25,1
ORD_50185,CUST_7044,delivered,2017-08-28 00:00:00,2017-09-09 00:00:00,2017-09-11 00:00:00,12,0
ORD_50186,CUST_8842,delivered,2017-09-27 00:00:00,2017-10-16 00:00:00,2017-10-11 00:00:00,19,1
ORD_50187,CUST_8632,delivered,2017-12-15 00:00:00,2018-01-02 00:00:00,2017-12-29 00:00:00,18,1
ORD_50188,CUST_1907,delivered,2018-03-02 00:00:00,2018-03-23 00:00:00,2018-03-16 00:00:00,21,1
ORD_50189,CUST_5653,delivered,2018-03-10 00:00:00,2018-04-03 00:00:00,2018-03-24 00:00:00,24,1
ORD_50190,CUST_2530,delivered,2017-09-15 00:00:00,2017-10-11 00:00:00,2017-09-29 00:00:00,26,1
ORD_50191,CUST_1464,delivered,2017-02-11 00:00:00,2017-02-27 00:00:00,2017-02-25 00:00:00,16,1
ORD_50192,CUST_1496,delivered,2017-09-12 00:00:00,2017-10-02 00:00:00,2017-09-26 00:00:00,20,1
ORD_50193,CUST_2195,delivered,2017-12-19 00:00:00,2018-01-08 00:00:00,2018-01-02 00:00:00,20,1
ORD_50194,CUST_6231,delivered,2018-01-11 00:00:00,2018-01-30 00:00:00,2018-01-25 00:00:00,19,1
ORD_50195,CUST_3007,delivered,2017-05-17 00:00:00,2017-06-17 00:00:00,2017-05-31 00:00:00,31,1
ORD_50196,CUST_7850,delivered,2017-05-08 00:00:00,2017-05-24 00:00:00,2017-05-22 00:00:00,16,1
ORD_50197,CUST_8648,delivered,2017-09-13 00:00:00,2017-10-09 00:00:00,2017-09-27 00:00:00,26,1
ORD_50198,CUST_6781,delivered,2017-01-25 00:00:00,2017-02-27 00:00:00,2017-02-08 00:00:00,33,1
ORD_50199,CUST_3194,delivered,2018-03-28 00:00:00,2018-04-24 00:00:00,2018-04-11 00:00:00,27,1
ORD_50200,CUST_4189,delivered,2017-07-05 00:00:00,2017-07-19 00:00:00,2017-07-19 00:00:00,14,0
ORD_50201,CUST_2946,delivered,2017-03-07 00:00:00,2017-04-04 00:00:00,2017-03-21 00:00:00,28,1
ORD_50202,CUST_9341,delivered,2017-07-25 00:00:00,2017-08-18 00:00:00,2017-08-08 00:00:00,24,1
ORD_50203,CUST_3440,delivered,2017-11-07 00:00:00,2017-12-03 00:00:00,2017-11-21 00:00:00,26,1
ORD_50204,CUST_9311,delivered,2018-03-01 00:00:00,2018-03-18 00:00:00,2018-03-15 00:00:00,17,1
ORD_50205,CUST_2795,delivered,2017-08-02 00:00:00,2017-08-24 00:00:00,2017-08-16 00:00:00,22,1
ORD_50206,CUST_4728,delivered,2018-01-05 00:00:00,2018-01-11 00:00:00,2018-01-19 00:00:00,6,0
ORD_50207,CUST_7229,delivered,2017-03-17 00:00:00,2017-04-07 00:00:00,2017-03-31 00:00:00,21,1
ORD_50208,CUST_3481,delivered,2017-07-31 00:00:00,2017-08-16 00:00:00,2017-08-14 00:00:00,16,1
ORD_50209,CUST_3262,delivered,2017-09-23 00:00:00,2017-10-08 00:00:00,2017-10-07 00:00:00,15,1
ORD_50210,CUST_6608,delivered,2017-10-07 00:00:00,2017-10-27 00:00:00,2017-10-21 00:00:00,20,1
ORD_50211,CUST_8932,delivered,2017-04-09 00:00:00,2017-05-08 00:00:00,2017-04-23 00:00:00,29,1
ORD_50212,CUST_9011,delivered,2017-06-12 00:00:00,2017-07-10 00:00:00,2017-06-26 00:00:00,28,1
ORD_50213,CUST_3399,delivered,2017-05-29 00:00:00,2017-06-20 00:00:00,2017-06-12 00:00:00,22,1
ORD_50214,CUST_8849,delivered,2017-04-20 00:00:00,2017-05-14 00:00:00,2017-05-04 00:00:00,24,1
ORD_50215,CUST_4920,delivered,2017-05-05 00:00:00,2017-05-28 00:00:00,2017-05-19 00:00:00,23,1
ORD_50216,CUST_8739,delivered,2017-02-21 00:00:00,2017-03-12 00:00:00,2017-03-07 00:00:00,19,1
ORD_50217,CUST_4267,delivered,2018-01-23 00:00:00,2018-02-14 00:00:00,2018-02-06 00:00:00,22,1
ORD_50218,CUST_1611,delivered,2018-04-13 00:00:00,2018-05-03 00:00:00,2018-04-27 00:00:00,20,1
ORD_50219,CUST_5742,delivered,2018-03-25 00:00:00,2018-04-19 00:00:00,2018-04-08 00:00:00,25,1
ORD_50220,CUST_8444,delivered,2017-11-25 00:00:00,2017-12-11 00:00:00,2017-12-09 00:00:00,16,1
ORD_50221,CUST_8518,delivered,2017-11-28 00:00:00,2017-12-31 00:00:00,2017-12-12 00:00:00,33,1
ORD_50222,CUST_4164,delivered,2017-03-31 00:00:00,2017-04-21 00:00:00,2017-04-14 00:00:00,21,1
ORD_50223,CUST_4027,delivered,2017-03-13 00:00:00,2017-04-07 00:00:00,2017-03-27 00:00:00,25,1
ORD_50224,CUST_5947,delivered,2017-10-26 00:00:00,2017-11-18 00:00:00,2017-11-09 00:00:00,23,1
ORD_50225,CUST_8625,delivered,2017-06-07 00:00:00,2017-06-26 00:00:00,2017-06-21 00:00:00,19,1
ORD_50226,CUST_4618,delivered,2017-04-23 00:00:00,2017-05-14 00:00:00,2017-05-07 00:00:00,21,1
ORD_50227,CUST_4578,delivered,2018-01-26 00:00:00,2018-02-14 00:00:00,2018-02-09 00:00:00,19,1
ORD_50228,CUST_2838,delivered,2017-02-01 00:00:00,2017-02-20 00:00:00,2017-02-15 00:00:00,19,1
ORD_50229,CUST_2904,delivered,2017-12-15 00:00:00,2018-01-10 00:00:00,2017-12-29 00:00:00,26,1
ORD_50230,CUST_9409,delivered,2017-08-01 00:00:00,2017-08-25 00:00:00,2017-08-15 00:00:00,24,1
ORD_50231,CUST_7487,delivered,2017-05-11 00:00:00,2017-06-06 00:00:00,2017-05-25 00:00:00,26,1
ORD_50232,CUST_2130,delivered,2018-04-24 00:00:00,2018-05-17 00:00:00,2018-05-08 00:00:00,23,1
ORD_50233,CUST_7266,delivered,2017-08-18 00:00:00,2017-09-12 00:00:00,2017-09-01 00:00:00,25,1
ORD_50234,CUST_9802,delivered,2017-07-21 00:00:00,2017-08-08 00:00:00,2017-08-04 00:00:00,18,1
ORD_50235,CUST_9920,delivered,2017-08-06 00:00:00,2017-09-01 00:00:00,2017-08-20 00:00:00,26,1
ORD_50236,CUST_2848,delivered,2017-01-17 00:00:00,2017-02-11 00:00:00,2017-01-31 00:00:00,25,1
ORD_50237,CUST_8314,delivered,2017-11-03 00:00:00,2017-11-25 00:00:00,2017-11-17 00:00:00,22,1
ORD_50238,CUST_4559,delivered,2018-01-22 00:00:00,2018-02-13 00:00:00,2018-02-05 00:00:00,22,1
ORD_50239,CUST_6253,delivered,2017-05-02 00:00:00,2017-05-21 00:00:00,2017-05-16 00:00:00,19,1
ORD_50240,CUST_3869,delivered,2017-11-17 00:00:00,2017-12-12 00:00:00,2017-12-01 00:00:00,25,1
ORD_50241,CUST_7244,delivered,2018-02-07 00:00:00,2018-02-28 00:00:00,2018-02-21 00:00:00,21,1
ORD_50242,CUST_4948,delivered,2018-03-11 00:00:00,2018-04-07 00:00:00,2018-03-25 00:00:00,27,1
ORD_50243,CUST_9683,delivered,2017-03-10 00:00:00,2017-04-05 00:00:00,2017-03-24 00:00:00,26,1
ORD_50244,CUST_9775,delivered,2018-01-06 00:00:00,2018-02-03 00:00:00,2018-01-20 00:00:00,28,1
ORD_50245,CUST_4555,delivered,2017-09-03 00:00:00,2017-09-25 00:00:00,2017-09-17 00:00:00,22,1
ORD_50246,CUST_8846,delivered,2018-04-14 00:00:00,2018-05-09 00:00:00,2018-04-28 00:00:00,25,1
ORD_50247,CUST_5637,delivered,2017-07-14 00:00:00,2017-08-07 00:00:00,2017-07-28 00:00:00,24,1
ORD_50248,CUST_8692,delivered,2018-01-25 00:00:00,2018-02-15 00:00:00,2018-02-08 00:00:00,21,1
ORD_50249,CUST_1265,delivered,2017-05-14 00:00:00,2017-06-05 00:00:00,2017-05-28 00:00:00,22,1
ORD_50250,CUST_7223,delivered,2017-10-19 00:00:00,2017-11-13 00:00:00,2017-11-02 00:00:00,25,1
ORD_50251,CUST_9037,delivered,2017-08-24 00:00:00,2017-09-11 00:00:00,2017-09-07 00:00:00,18,1
ORD_50252,CUST_1962,delivered,2017-09-26 00:00:00,2017-10-28 00:00:00,2017-10-10 00:00:00,32,1
ORD_50253,CUST_4791,delivered,2017-02-04 00:00:00,2017-02-20 00:00:00,2017-02-18 00:00:00,16,1
ORD_50254,CUST_1257,delivered,2017-01-04 00:00:00,2017-02-01 00:00:00,2017-01-18 00:00:00,28,1
ORD_50255,CUST_8054,delivered,2018-02-17 00:00:00,2018-03-15 00:00:00,2018-03-03 00:00:00,26,1
ORD_50256,CUST_7502,delivered,2017-02-10 00:00:00,2017-03-07 00:00:00,2017-02-24 00:00:00,25,1
ORD_50257,CUST_5914,delivered,2017-12-17 00:00:00,2018-01-08 00:00:00,2017-12-31 00:00:00,22,1
ORD_50258,CUST_1919,delivered,2017-11-23 00:00:00,2017-12-10 00:00:00,2017-12-07 00:00:00,17,1
ORD_50259,CUST_9653,delivered,2018-04-16 00:00:00,2018-05-08 00:00:00,2018-04-30 00:00:00,22,1
ORD_50260,CUST_9897,delivered,2017-10-16 00:00:00,2017-11-04 00:00:00,2017-10-30 00:00:00,19,1
ORD_50261,CUST_3661,delivered,2017-10-16 00:00:00,2017-11-12 00:00:00,2017-10-30 00:00:00,27,1
ORD_50262,CUST_2284,delivered,2017-09-14 00:00:00,2017-10-05 00:00:00,2017-09-28 00:00:00,21,1
ORD_50263,CUST_7499,delivered,2018-05-12 00:00:00,2018-05-30 00:00:00,2018-05-26 00:00:00,18,1
ORD_50264,CUST_8075,delivered,2017-04-06 00:00:00,2017-04-26 00:00:00,2017-04-20 00:00:00,20,1
ORD_50265,CUST_2344,delivered,2017-05-18 00:00:00,2017-06-11 00:00:00,2017-06-01 00:00:00,24,1
ORD_50266,CUST_2499,delivered,2017-01-03 00:00:00,2017-01-22 00:00:00,2017-01-17 00:00:00,19,1
ORD_50267,CUST_9395,delivered,2017-07-28 00:00:00,2017-08-15 00:00:00,2017-08-11 00:00:00,18,1
ORD_50268,CUST_5781,delivered,2017-07-31 00:00:00,2017-08-23 00:00:00,2017-08-14 00:00:00,23,1
ORD_50269,CUST_3777,delivered,2017-03-13 00:00:00,2017-04-05 00:00:00,2017-03-27 00:00:00,23,1
ORD_50270,CUST_8933,delivered,2018-02-05 00:00:00,2018-02-24 00:00:00,2018-02-19 00:00:00,19,1
ORD_50271,CUST_3219,delivered,2017-06-05 00:00:00,2017-06-25 00:00:00,2017-06-19 00:00:00,20,1
ORD_50272,CUST_8212,delivered,2017-06-21 00:00:00,2017-07-06 00:00:00,2017-07-05 00:00:00,15,1
ORD_50273,CUST_3910,delivered,2018-05-09 00:00:00,2018-05-24 00:00:00,2018-05-23 00:00:00,15,1
ORD_50274,CUST_5592,delivered,2018-02-23 00:00:00,2018-03-13 00:00:00,2018-03-09 00:00:00,18,1
ORD_50275,CUST_1440,delivered,2018-05-03 00:00:00,2018-05-26 00:00:00,2018-05-17 00:00:00,23,1
ORD_50276,CUST_9180,delivered,2017-03-13 00:00:00,2017-04-08 00:00:00,2017-03-27 00:00:00,26,1
ORD_50277,CUST_8851,delivered,2017-10-26 00:00:00,2017-11-16 00:00:00,2017-11-09 00:00:00,21,1
ORD_50278,CUST_2392,delivered,2017-02-25 00:00:00,2017-03-19 00:00:00,2017-03-11 00:00:00,22,1
ORD_50279,CUST_7547,delivered,2018-05-11 00:00:00,2018-05-28 00:00:00,2018-05-25 00:00:00,17,1
ORD_50280,CUST_9499,delivered,2017-10-13 00:00:00,2017-11-04 00:00:00,2017-10-27 00:00:00,22,1
ORD_50281,CUST_8909,delivered,2017-02-23 00:00:00,2017-03-15 00:00:00,2017-03-09 00:00:00,20,1
ORD_50282,CUST_4389,delivered,2017-09-24 00:00:00,2017-10-18 00:00:00,2017-10-08 00:00:00,24,1
ORD_50283,CUST_1732,delivered,2018-02-19 00:00:00,2018-03-09 00:00:00,2018-03-05 00:00:00,18,1
ORD_50284,CUST_9454,delivered,2017-03-31 00:00:00,2017-04-24 00:00:00,2017-04-14 00:00:00,24,1
ORD_50285,CUST_4053,delivered,2017-11-24 00:00:00,2017-12-24 00:00:00,2017-12-08 00:00:00,30,1
ORD_50286,CUST_8037,delivered,2017-07-19 00:00:00,2017-08-12 00:00:00,2017-08-02 00:00:00,24,1
ORD_50287,CUST_2667,delivered,2018-02-14 00:00:00,2018-03-06 00:00:00,2018-02-28 00:00:00,20,1
ORD_50288,CUST_6134,delivered,2017-11-02 00:00:00,2017-11-25 00:00:00,2017-11-16 00:00:00,23,1
ORD_50289,CUST_5873,delivered,2018-04-16 00:00:00,2018-05-08 00:00:00,2018-04-30 00:00:00,22,1
ORD_50290,CUST_7116,delivered,2017-12-22 00:00:00,2018-01-13 00:00:00,2018-01-05 00:00:00,22,1
ORD_50291,CUST_9804,delivered,2017-12-22 00:00:00,2018-01-09 00:00:00,2018-01-05 00:00:00,18,1
ORD_50292,CUST_8389,delivered,2017-11-14 00:00:00,2017-12-06 00:00:00,2017-11-28 00:00:00,22,1
ORD_50293,CUST_9109,delivered,2017-07-29 00:00:00,2017-08-22 00:00:00,2017-08-12 00:00:00,24,1
ORD_50294,CUST_1535,delivered,2017-05-21 00:00:00,2017-06-19 00:00:00,2017-06-04 00:00:00,29,1
ORD_50295,CUST_2854,delivered,2017-10-21 00:00:00,2017-11-17 00:00:00,2017-11-04 00:00:00,27,1
ORD_50296,CUST_8231,delivered,2017-10-07 00:00:00,2017-10-25 00:00:00,2017-10-21 00:00:00,18,1
ORD_50297,CUST_8368,delivered,2017-05-15 00:00:00,2017-06-07 00:00:00,2017-05-29 00:00:00,23,1
ORD_50298,CUST_6744,delivered,2018-03-17 00:00:00,2018-04-04 00:00:00,2018-03-31 00:00:00,18,1
ORD_50299,CUST_6747,delivered,2017-09-30 00:00:00,2017-10-18 00:00:00,2017-10-14 00:00:00,18,1
ORD_50300,CUST_2560,delivered,2017-03-11 00:00:00,2017-03-30 00:00:00,2017-03-25 00:00:00,19,1
ORD_50301,CUST_6277,delivered,2018-03-01 00:00:00,2018-03-12 00:00:00,2018-03-15 00:00:00,11,0
ORD_50302,CUST_5402,delivered,2017-11-18 00:00:00,2017-12-06 00:00:00,2017-12-02 00:00:00,18,1
ORD_50303,CUST_8449,delivered,2018-05-02 00:00:00,2018-05-25 00:00:00,2018-05-16 00:00:00,23,1
ORD_50304,CUST_6869,delivered,2018-03-12 00:00:00,2018-04-05 00:00:00,2018-03-26 00:00:00,24,1
ORD_50305,CUST_6753,delivered,2018-01-05 00:00:00,2018-01-27 00:00:00,2018-01-19 00:00:00,22,1
ORD_50306,CUST_3293,delivered,2018-01-21 00:00:00,2018-02-05 00:00:00,2018-02-04 00:00:00,15,1
ORD_50307,CUST_2380,delivered,2017-05-08 00:00:00,2017-05-21 00:00:00,2017-05-22 00:00:00,13,0
ORD_50308,CUST_5942,delivered,2017-04-16 00:00:00,2017-04-27 00:00:00,2017-04-30 00:00:00,11,0
ORD_50309,CUST_1894,delivered,2018-02-06 00:00:00,2018-03-02 00:00:00,2018-02-20 00:00:00,24,1
ORD_50310,CUST_6185,delivered,2017-03-09 00:00:00,2017-03-24 00:00:00,2017-03-23 00:00:00,15,1
ORD_50311,CUST_1273,delivered,2017-10-28 00:00:00,2017-11-06 00:00:00,2017-11-11 00:00:00,9,0
ORD_50312,CUST_5693,delivered,2017-11-18 00:00:00,2017-12-05 00:00:00,2017-12-02 00:00:00,17,1
ORD_50313,CUST_6077,delivered,2017-02-10 00:00:00,2017-03-06 00:00:00,2017-02-24 00:00:00,24,1
ORD_50314,CUST_8167,delivered,2018-01-09 00:00:00,2018-01-19 00:00:00,2018-01-23 00:00:00,10,0
ORD_50315,CUST_1901,delivered,2017-06-08 00:00:00,2017-06-26 00:00:00,2017-06-22 00:00:00,18,1
ORD_50316,CUST_9474,delivered,2018-02-05 00:00:00,2018-02-23 00:00:00,2018-02-19 00:00:00,18,1
ORD_50317,CUST_8034,delivered,2017-05-20 00:00:00,2017-06-04 00:00:00,2017-06-03 00:00:00,15,1
ORD_50318,CUST_9185,delivered,2018-03-16 00:00:00,2018-04-06 00:00:00,2018-03-30 00:00:00,21,1
ORD_50319,CUST_9336,delivered,2017-01-02 00:00:00,2017-01-19 00:00:00,2017-01-16 00:00:00,17,1
ORD_50320,CUST_1579,delivered,2017-10-11 00:00:00,2017-10-29 00:00:00,2017-10-25 00:00:00,18,1
ORD_50321,CUST_9225,delivered,2017-12-11 00:00:00,2017-12-31 00:00:00,2017-12-25 00:00:00,20,1
ORD_50322,CUST_6362,delivered,2017-02-14 00:00:00,2017-03-07 00:00:00,2017-02-28 00:00:00,21,1
ORD_50323,CUST_7033,delivered,2017-10-30 00:00:00,2017-11-11 00:00:00,2017-11-13 00:00:00,12,0
ORD_50324,CUST_1104,delivered,2018-04-23 00:00:00,2018-05-17 00:00:00,2018-05-07 00:00:00,24,1
ORD_50325,CUST_6488,delivered,2017-01-01 00:00:00,2017-01-15 00:00:00,2017-01-15 00:00:00,14,0
ORD_50326,CUST_4902,delivered,2017-08-03 00:00:00,2017-08-21 00:00:00,2017-08-17 00:00:00,18,1
ORD_50327,CUST_7102,delivered,2017-08-23 00:00:00,2017-09-16 00:00:00,2017-09-06 00:00:00,24,1
ORD_50328,CUST_2020,delivered,2017-08-11 00:00:00,2017-09-08 00:00:00,2017-08-25 00:00:00,28,1
ORD_50329,CUST_5455,delivered,2017-04-30 00:00:00,2017-05-26 00:00:00,2017-05-14 00:00:00,26,1
ORD_50330,CUST_6145,delivered,2017-07-28 00:00:00,2017-08-13 00:00:00,2017-08-11 00:00:00,16,1
ORD_50331,CUST_3582,delivered,2018-02-18 00:00:00,2018-03-13 00:00:00,2018-03-04 00:00:00,23,1
ORD_50332,CUST_5066,delivered,2018-05-11 00:00:00,2018-06-01 00:00:00,2018-05-25 00:00:00,21,1
ORD_50333,CUST_8408,delivered,2017-10-12 00:00:00,2017-11-06 00:00:00,2017-10-26 00:00:00,25,1
ORD_50334,CUST_4246,delivered,2018-02-26 00:00:00,2018-03-11 00:00:00,2018-03-12 00:00:00,13,0
ORD_50335,CUST_1357,delivered,2017-02-03 00:00:00,2017-02-26 00:00:00,2017-02-17 00:00:00,23,1
ORD_50336,CUST_1699,delivered,2018-04-28 00:00:00,2018-05-10 00:00:00,2018-05-12 00:00:00,12,0
ORD_50337,CUST_1483,delivered,2017-07-15 00:00:00,2017-07-31 00:00:00,2017-07-29 00:00:00,16,1
ORD_50338,CUST_5026,delivered,2017-11-28 00:00:00,2017-12-19 00:00:00,2017-12-12 00:00:00,21,1
ORD_50339,CUST_4267,delivered,2017-11-26 00:00:00,2017-12-21 00:00:00,2017-12-10 00:00:00,25,1
ORD_50340,CUST_8859,delivered,2017-10-06 00:00:00,2017-11-01 00:00:00,2017-10-20 00:00:00,26,1
ORD_50341,CUST_4588,delivered,2017-01-16 00:00:00,2017-01-27 00:00:00,2017-01-30 00:00:00,11,0
ORD_50342,CUST_2640,delivered,2017-05-07 00:00:00,2017-05-24 00:00:00,2017-05-21 00:00:00,17,1
ORD_50343,CUST_3885,delivered,2017-05-02 00:00:00,2017-05-22 00:00:00,2017-05-16 00:00:00,20,1
ORD_50344,CUST_6761,delivered,2018-05-01 00:00:00,2018-05-08 00:00:00,2018-05-15 00:00:00,7,0
ORD_50345,CUST_6063,delivered,2017-03-31 00:00:00,2017-04-11 00:00:00,2017-04-14 00:00:00,11,0
ORD_50346,CUST_9625,delivered,2017-09-02 00:00:00,2017-09-22 00:00:00,2017-09-16 00:00:00,20,1
ORD_50347,CUST_1359,delivered,2017-03-17 00:00:00,2017-03-30 00:00:00,2017-03-31 00:00:00,13,0
ORD_50348,CUST_2188,delivered,2017-07-11 00:00:00,2017-07-23 00:00:00,2017-07-25 00:00:00,12,0
ORD_50349,CUST_3580,delivered,2018-01-10 00:00:00,2018-02-01 00:00:00,2018-01-24 00:00:00,22,1
ORD_50350,CUST_3872,delivered,2017-07-13 00:00:00,2017-07-26 00:00:00,2017-07-27 00:00:00,13,0
ORD_50351,CUST_7415,delivered,2018-03-12 00:00:00,2018-03-27 00:00:00,2018-03-26 00:00:00,15,1
ORD_50352,CUST_6425,delivered,2018-01-17 00:00:00,2018-01-31 00:00:00,2018-01-31 00:00:00,14,0
ORD_50353,CUST_6500,delivered,2017-08-17 00:00:00,2017-08-30 00:00:00,2017-08-31 00:00:00,13,0
ORD_50354,CUST_2770,delivered,2018-01-04 00:00:00,2018-01-16 00:00:00,2018-01-18 00:00:00,12,0
ORD_50355,CUST_9078,delivered,2018-03-28 00:00:00,2018-04-15 00:00:00,2018-04-11 00:00:00,18,1
ORD_50356,CUST_8393,delivered,2017-02-07 00:00:00,2017-02-26 00:00:00,2017-02-21 00:00:00,19,1
ORD_50357,CUST_2228,delivered,2017-10-08 00:00:00,2017-10-25 00:00:00,2017-10-22 00:00:00,17,1
ORD_50358,CUST_1877,delivered,2017-02-21 00:00:00,2017-03-10 00:00:00,2017-03-07 00:00:00,17,1
ORD_50359,CUST_4891,delivered,2017-02-19 00:00:00,2017-03-12 00:00:00,2017-03-05 00:00:00,21,1
ORD_50360,CUST_5825,delivered,2018-02-26 00:00:00,2018-03-19 00:00:00,2018-03-12 00:00:00,21,1
ORD_50361,CUST_2892,delivered,2017-06-07 00:00:00,2017-06-22 00:00:00,2017-06-21 00:00:00,15,1
ORD_50362,CUST_7249,delivered,2017-07-09 00:00:00,2017-07-24 00:00:00,2017-07-23 00:00:00,15,1
ORD_50363,CUST_2584,delivered,2017-02-13 00:00:00,2017-03-01 00:00:00,2017-02-27 00:00:00,16,1
ORD_50364,CUST_8779,delivered,2017-10-21 00:00:00,2017-10-27 00:00:00,2017-11-04 00:00:00,6,0
ORD_50365,CUST_9467,delivered,2018-02-14 00:00:00,2018-03-11 00:00:00,2018-02-28 00:00:00,25,1
ORD_50366,CUST_3738,delivered,2018-05-13 00:00:00,2018-05-29 00:00:00,2018-05-27 00:00:00,16,1
ORD_50367,CUST_3422,delivered,2018-03-04 00:00:00,2018-03-25 00:00:00,2018-03-18 00:00:00,21,1
ORD_50368,CUST_9514,delivered,2017-08-23 00:00:00,2017-09-11 00:00:00,2017-09-06 00:00:00,19,1
ORD_50369,CUST_3451,delivered,2017-03-17 00:00:00,2017-04-09 00:00:00,2017-03-31 00:00:00,23,1
ORD_50370,CUST_6633,delivered,2018-03-26 00:00:00,2018-04-12 00:00:00,2018-04-09 00:00:00,17,1
ORD_50371,CUST_7602,delivered,2017-03-15 00:00:00,2017-03-28 00:00:00,2017-03-29 00:00:00,13,0
ORD_50372,CUST_4892,delivered,2017-01-26 00:00:00,2017-02-14 00:00:00,2017-02-09 00:00:00,19,1
ORD_50373,CUST_5593,delivered,2018-03-08 00:00:00,2018-03-19 00:00:00,2018-03-22 00:00:00,11,0
ORD_50374,CUST_8259,delivered,2018-02-01 00:00:00,2018-02-13 00:00:00,2018-02-15 00:00:00,12,0
ORD_50375,CUST_8237,delivered,2017-04-19 00:00:00,2017-05-11 00:00:00,2017-05-03 00:00:00,22,1
ORD_50376,CUST_3604,delivered,2017-02-03 00:00:00,2017-02-28 00:00:00,2017-02-17 00:00:00,25,1
ORD_50377,CUST_3846,delivered,2017-04-09 00:00:00,2017-04-22 00:00:00,2017-04-23 00:00:00,13,0
ORD_50378,CUST_4262,delivered,2017-05-21 00:00:00,2017-06-10 00:00:00,2017-06-04 00:00:00,20,1
ORD_50379,CUST_7102,delivered,2017-09-08 00:00:00,2017-09-25 00:00:00,2017-09-22 00:00:00,17,1
ORD_50380,CUST_2480,delivered,2017-05-26 00:00:00,2017-06-08 00:00:00,2017-06-09 00:00:00,13,0
ORD_50381,CUST_4688,delivered,2017-12-13 00:00:00,2018-01-04 00:00:00,2017-12-27 00:00:00,22,1
ORD_50382,CUST_3167,delivered,2017-11-28 00:00:00,2017-12-09 00:00:00,2017-12-12 00:00:00,11,0
ORD_50383,CUST_5511,delivered,2017-08-05 00:00:00,2017-08-19 00:00:00,2017-08-19 00:00:00,14,0
ORD_50384,CUST_5950,delivered,2017-12-13 00:00:00,2017-12-28 00:00:00,2017-12-27 00:00:00,15,1
ORD_50385,CUST_2771,delivered,2017-09-04 00:00:00,2017-09-17 00:00:00,2017-09-18 00:00:00,13,0
ORD_50386,CUST_5278,delivered,2017-12-02 00:00:00,2017-12-16 00:00:00,2017-12-16 00:00:00,14,0
ORD_50387,CUST_7620,delivered,2017-12-05 00:00:00,2017-12-22 00:00:00,2017-12-19 00:00:00,17,1
ORD_50388,CUST_7628,delivered,2017-07-18 00:00:00,2017-08-04 00:00:00,2017-08-01 00:00:00,17,1
ORD_50389,CUST_6873,delivered,2017-09-17 00:00:00,2017-09-30 00:00:00,2017-10-01 00:00:00,13,0
ORD_50390,CUST_8713,delivered,2017-03-07 00:00:00,2017-03-28 00:00:00,2017-03-21 00:00:00,21,1
ORD_50391,CUST_6820,delivered,2017-04-25 00:00:00,2017-05-08 00:00:00,2017-05-09 00:00:00,13,0
ORD_50392,CUST_5817,delivered,2017-08-26 00:00:00,2017-09-16 00:00:00,2017-09-09 00:00:00,21,1
ORD_50393,CUST_4187,delivered,2017-09-14 00:00:00,2017-10-04 00:00:00,2017-09-28 00:00:00,20,1
ORD_50394,CUST_6614,delivered,2017-07-29 00:00:00,2017-08-12 00:00:00,2017-08-12 00:00:00,14,0
ORD_50395,CUST_8988,delivered,2017-06-20 00:00:00,2017-07-04 00:00:00,2017-07-04 00:00:00,14,0
ORD_50396,CUST_3762,delivered,2017-10-23 00:00:00,2017-11-02 00:00:00,2017-11-06 00:00:00,10,0
ORD_50397,CUST_8105,delivered,2017-11-21 00:00:00,2017-12-10 00:00:00,2017-12-05 00:00:00,19,1
ORD_50398,CUST_6279,delivered,2018-01-23 00:00:00,2018-02-05 00:00:00,2018-02-06 00:00:00,13,0
ORD_50399,CUST_6641,delivered,2017-06-09 00:00:00,2017-06-18 00:00:00,2017-06-23 00:00:00,9,0
ORD_50400,CUST_2069,delivered,2018-02-26 00:00:00,2018-03-10 00:00:00,2018-03-12 00:00:00,12,0
ORD_50401,CUST_3192,delivered,2017-06-25 00:00:00,2017-07-13 00:00:00,2017-07-09 00:00:00,18,1
ORD_50402,CUST_1359,delivered,2017-10-29 00:00:00,2017-11-11 00:00:00,2017-11-12 00:00:00,13,0
ORD_50403,CUST_7147,delivered,2018-03-25 00:00:00,2018-04-17 00:00:00,2018-04-08 00:00:00,23,1
ORD_50404,CUST_1323,delivered,2017-01-25 00:00:00,2017-02-16 00:00:00,2017-02-08 00:00:00,22,1
ORD_50405,CUST_1152,delivered,2017-06-04 00:00:00,2017-06-16 00:00:00,2017-06-18 00:00:00,12,0
ORD_50406,CUST_2718,delivered,2017-09-19 00:00:00,2017-10-14 00:00:00,2017-10-03 00:00:00,25,1
ORD_50407,CUST_4304,delivered,2017-07-03 00:00:00,2017-07-08 00:00:00,2017-07-17 00:00:00,5,0
ORD_50408,CUST_8875,delivered,2017-06-19 00:00:00,2017-07-10 00:00:00,2017-07-03 00:00:00,21,1
ORD_50409,CUST_9095,delivered,2017-03-18 00:00:00,2017-04-07 00:00:00,2017-04-01 00:00:00,20,1
ORD_50410,CUST_5850,delivered,2017-05-16 00:00:00,2017-05-31 00:00:00,2017-05-30 00:00:00,15,1
ORD_50411,CUST_2898,delivered,2017-02-18 00:00:00,2017-03-08 00:00:00,2017-03-04 00:00:00,18,1
ORD_50412,CUST_5395,delivered,2018-03-26 00:00:00,2018-04-12 00:00:00,2018-04-09 00:00:00,17,1
ORD_50413,CUST_8835,delivered,2018-02-14 00:00:00,2018-03-10 00:00:00,2018-02-28 00:00:00,24,1
ORD_50414,CUST_7816,delivered,2018-04-12 00:00:00,2018-05-01 00:00:00,2018-04-26 00:00:00,19,1
ORD_50415,CUST_1472,delivered,2018-03-18 00:00:00,2018-04-06 00:00:00,2018-04-01 00:00:00,19,1
ORD_50416,CUST_6148,delivered,2017-01-07 00:00:00,2017-01-23 00:00:00,2017-01-21 00:00:00,16,1
ORD_50417,CUST_5072,delivered,2017-09-04 00:00:00,2017-09-19 00:00:00,2017-09-18 00:00:00,15,1
ORD_50418,CUST_1894,delivered,2017-01-06 00:00:00,2017-01-26 00:00:00,2017-01-20 00:00:00,20,1
ORD_50419,CUST_6421,delivered,2018-05-12 00:00:00,2018-05-28 00:00:00,2018-05-26 00:00:00,16,1
ORD_50420,CUST_8277,delivered,2018-02-15 00:00:00,2018-03-06 00:00:00,2018-03-01 00:00:00,19,1
ORD_50421,CUST_7609,delivered,2017-07-31 00:00:00,2017-08-28 00:00:00,2017-08-14 00:00:00,28,1
ORD_50422,CUST_4389,delivered,2017-12-02 00:00:00,2017-12-18 00:00:00,2017-12-16 00:00:00,16,1
ORD_50423,CUST_8751,delivered,2018-01-02 00:00:00,2018-01-18 00:00:00,2018-01-16 00:00:00,16,1
ORD_50424,CUST_5783,delivered,2017-10-08 00:00:00,2017-10-16 00:00:00,2017-10-22 00:00:00,8,0
ORD_50425,CUST_7704,delivered,2017-02-24 00:00:00,2017-03-04 00:00:00,2017-03-10 00:00:00,8,0
ORD_50426,CUST_8488,delivered,2018-02-27 00:00:00,2018-03-17 00:00:00,2018-03-13 00:00:00,18,1
ORD_50427,CUST_8493,delivered,2017-12-04 00:00:00,2017-12-23 00:00:00,2017-12-18 00:00:00,19,1
ORD_50428,CUST_8912,delivered,2018-04-19 00:00:00,2018-05-06 00:00:00,2018-05-03 00:00:00,17,1
ORD_50429,CUST_6273,delivered,2017-09-16 00:00:00,2017-10-08 00:00:00,2017-09-30 00:00:00,22,1
ORD_50430,CUST_3185,delivered,2017-03-12 00:00:00,2017-03-19 00:00:00,2017-03-26 00:00:00,7,0
ORD_50431,CUST_9975,delivered,2018-03-17 00:00:00,2018-04-08 00:00:00,2018-03-31 00:00:00,22,1
ORD_50432,CUST_3173,delivered,2017-12-30 00:00:00,2018-01-09 00:00:00,2018-01-13 00:00:00,10,0
ORD_50433,CUST_8870,delivered,2017-10-26 00:00:00,2017-11-14 00:00:00,2017-11-09 00:00:00,19,1
ORD_50434,CUST_9564,delivered,2017-02-24 00:00:00,2017-03-12 00:00:00,2017-03-10 00:00:00,16,1
ORD_50435,CUST_5105,delivered,2017-03-16 00:00:00,2017-04-06 00:00:00,2017-03-30 00:00:00,21,1
ORD_50436,CUST_4675,delivered,2018-01-16 00:00:00,2018-02-14 00:00:00,2018-01-30 00:00:00,29,1
ORD_50437,CUST_7825,delivered,2018-05-05 00:00:00,2018-05-24 00:00:00,2018-05-19 00:00:00,19,1
ORD_50438,CUST_7025,delivered,2018-01-22 00:00:00,2018-02-10 00:00:00,2018-02-05 00:00:00,19,1
ORD_50439,CUST_8353,delivered,2017-04-01 00:00:00,2017-04-14 00:00:00,2017-04-15 00:00:00,13,0
ORD_50440,CUST_1665,delivered,2017-08-08 00:00:00,2017-08-21 00:00:00,2017-08-22 00:00:00,13,0
ORD_50441,CUST_1092,delivered,2017-06-19 00:00:00,2017-07-04 00:00:00,2017-07-03 00:00:00,15,1
ORD_50442,CUST_5934,delivered,2017-09-09 00:00:00,2017-09-28 00:00:00,2017-09-23 00:00:00,19,1
ORD_50443,CUST_3611,delivered,2017-08-01 00:00:00,2017-08-24 00:00:00,2017-08-15 00:00:00,23,1
ORD_50444,CUST_6437,delivered,2017-06-19 00:00:00,2017-07-05 00:00:00,2017-07-03 00:00:00,16,1
ORD_50445,CUST_6668,delivered,2017-08-17 00:00:00,2017-08-30 00:00:00,2017-08-31 00:00:00,13,0
ORD_50446,CUST_6258,delivered,2017-07-15 00:00:00,2017-08-04 00:00:00,2017-07-29 00:00:00,20,1
ORD_50447,CUST_1718,delivered,2017-06-01 00:00:00,2017-06-22 00:00:00,2017-06-15 00:00:00,21,1
ORD_50448,CUST_2072,delivered,2017-04-18 00:00:00,2017-05-10 00:00:00,2017-05-02 00:00:00,22,1
ORD_50449,CUST_3519,delivered,2017-01-13 00:00:00,2017-02-06 00:00:00,2017-01-27 00:00:00,24,1
ORD_50450,CUST_4729,delivered,2018-04-12 00:00:00,2018-05-02 00:00:00,2018-04-26 00:00:00,20,1
ORD_50451,CUST_2938,delivered,2017-10-01 00:00:00,2017-10-28 00:00:00,2017-10-15 00:00:00,27,1
ORD_50452,CUST_2738,delivered,2017-05-29 00:00:00,2017-06-12 00:00:00,2017-06-12 00:00:00,14,0
ORD_50453,CUST_1504,delivered,2017-08-31 00:00:00,2017-09-09 00:00:00,2017-09-14 00:00:00,9,0
ORD_50454,CUST_3360,delivered,2017-06-02 00:00:00,2017-06-23 00:00:00,2017-06-16 00:00:00,21,1
ORD_50455,CUST_7456,delivered,2017-10-03 00:00:00,2017-10-20 00:00:00,2017-10-17 00:00:00,17,1
ORD_50456,CUST_9397,delivered,2017-03-14 00:00:00,2017-04-02 00:00:00,2017-03-28 00:00:00,19,1
ORD_50457,CUST_2198,delivered,2017-05-29 00:00:00,2017-06-10 00:00:00,2017-06-12 00:00:00,12,0
ORD_50458,CUST_6851,delivered,2017-03-07 00:00:00,2017-03-25 00:00:00,2017-03-21 00:00:00,18,1
ORD_50459,CUST_6008,delivered,2017-12-22 00:00:00,2018-01-09 00:00:00,2018-01-05 00:00:00,18,1
ORD_50460,CUST_6131,delivered,2017-05-07 00:00:00,2017-05-27 00:00:00,2017-05-21 00:00:00,20,1
ORD_50461,CUST_6432,delivered,2018-03-26 00:00:00,2018-04-09 00:00:00,2018-04-09 00:00:00,14,0
ORD_50462,CUST_2343,delivered,2018-03-07 00:00:00,2018-04-03 00:00:00,2018-03-21 00:00:00,27,1
ORD_50463,CUST_9309,delivered,2017-11-20 00:00:00,2017-12-14 00:00:00,2017-12-04 00:00:00,24,1
ORD_50464,CUST_9842,delivered,2017-08-30 00:00:00,2017-09-25 00:00:00,2017-09-13 00:00:00,26,1
ORD_50465,CUST_8613,delivered,2017-09-14 00:00:00,2017-09-27 00:00:00,2017-09-28 00:00:00,13,0
ORD_50466,CUST_4913,delivered,2018-03-11 00:00:00,2018-03-29 00:00:00,2018-03-25 00:00:00,18,1
ORD_50467,CUST_8921,delivered,2018-04-26 00:00:00,2018-05-19 00:00:00,2018-05-10 00:00:00,23,1
ORD_50468,CUST_4387,delivered,2017-09-23 00:00:00,2017-10-02 00:00:00,2017-10-07 00:00:00,9,0
ORD_50469,CUST_9542,delivered,2017-11-21 00:00:00,2017-12-08 00:00:00,2017-12-05 00:00:00,17,1
ORD_50470,CUST_2275,delivered,2017-09-22 00:00:00,2017-10-08 00:00:00,2017-10-06 00:00:00,16,1
ORD_50471,CUST_1108,delivered,2017-09-14 00:00:00,2017-09-27 00:00:00,2017-09-28 00:00:00,13,0
ORD_50472,CUST_3461,delivered,2017-04-06 00:00:00,2017-04-28 00:00:00,2017-04-20 00:00:00,22,1
ORD_50473,CUST_8844,delivered,2017-09-03 00:00:00,2017-09-21 00:00:00,2017-09-17 00:00:00,18,1
ORD_50474,CUST_9399,delivered,2017-01-21 00:00:00,2017-02-01 00:00:00,2017-02-04 00:00:00,11,0
ORD_50475,CUST_1305,delivered,2018-03-26 00:00:00,2018-04-11 00:00:00,2018-04-09 00:00:00,16,1
ORD_50476,CUST_4594,delivered,2018-03-02 00:00:00,2018-03-18 00:00:00,2018-03-16 00:00:00,16,1
ORD_50477,CUST_6614,delivered,2018-04-18 00:00:00,2018-04-28 00:00:00,2018-05-02 00:00:00,10,0
ORD_50478,CUST_3166,delivered,2017-02-25 00:00:00,2017-03-13 00:00:00,2017-03-11 00:00:00,16,1
ORD_50479,CUST_8796,delivered,2018-04-07 00:00:00,2018-04-24 00:00:00,2018-04-21 00:00:00,17,1
ORD_50480,CUST_8901,delivered,2017-12-04 00:00:00,2017-12-25 00:00:00,2017-12-18 00:00:00,21,1
ORD_50481,CUST_9680,delivered,2017-08-08 00:00:00,2017-09-04 00:00:00,2017-08-22 00:00:00,27,1
ORD_50482,CUST_5170,delivered,2017-09-02 00:00:00,2017-09-25 00:00:00,2017-09-16 00:00:00,23,1
ORD_50483,CUST_5223,delivered,2017-04-07 00:00:00,2017-04-19 00:00:00,2017-04-21 00:00:00,12,0
ORD_50484,CUST_1117,delivered,2017-07-12 00:00:00,2017-07-30 00:00:00,2017-07-26 00:00:00,18,1
ORD_50485,CUST_9783,delivered,2017-08-05 00:00:00,2017-08-23 00:00:00,2017-08-19 00:00:00,18,1
ORD_50486,CUST_8904,delivered,2017-04-02 00:00:00,2017-04-21 00:00:00,2017-04-16 00:00:00,19,1
ORD_50487,CUST_2951,delivered,2018-01-18 00:00:00,2018-02-04 00:00:00,2018-02-01 00:00:00,17,1
ORD_50488,CUST_1852,delivered,2017-03-24 00:00:00,2017-04-08 00:00:00,2017-04-07 00:00:00,15,1
ORD_50489,CUST_5310,delivered,2017-04-24 00:00:00,2017-05-09 00:00:00,2017-05-08 00:00:00,15,1
ORD_50490,CUST_9536,delivered,2017-05-27 00:00:00,2017-06-11 00:00:00,2017-06-10 00:00:00,15,1
ORD_50491,CUST_9489,delivered,2017-05-27 00:00:00,2017-06-10 00:00:00,2017-06-10 00:00:00,14,0
ORD_50492,CUST_4795,delivered,2017-11-11 00:00:00,2017-11-27 00:00:00,2017-11-25 00:00:00,16,1
ORD_50493,CUST_7544,delivered,2017-06-30 00:00:00,2017-07-25 00:00:00,2017-07-14 00:00:00,25,1
ORD_50494,CUST_5661,delivered,2018-01-07 00:00:00,2018-01-11 00:00:00,2018-01-21 00:00:00,4,0
ORD_50495,CUST_4187,delivered,2017-08-21 00:00:00,2017-09-14 00:00:00,2017-09-04 00:00:00,24,1
ORD_50496,CUST_2917,delivered,2018-02-16 00:00:00,2018-02-23 00:00:00,2018-03-02 00:00:00,7,0
ORD_50497,CUST_8254,delivered,2018-05-10 00:00:00,2018-05-26 00:00:00,2018-05-24 00:00:00,16,1
ORD_50498,CUST_8548,delivered,2018-04-05 00:00:00,2018-04-19 00:00:00,2018-04-19 00:00:00,14,0
ORD_50499,CUST_4610,delivered,2017-12-13 00:00:00,2018-01-08 00:00:00,2017-12-27 00:00:00,26,1
ORD_50500,CUST_2523,delivered,2017-07-24 00:00:00,2017-08-15 00:00:00,2017-08-07 00:00:00,22,1
ORD_50501,CUST_4115,delivered,2017-09-13 00:00:00,2017-10-07 00:00:00,2017-09-27 00:00:00,24,1
ORD_50502,CUST_2747,delivered,2017-03-03 00:00:00,2017-03-24 00:00:00,2017-03-17 00:00:00,21,1
ORD_50503,CUST_6167,delivered,2017-09-10 00:00:00,2017-09-22 00:00:00,2017-09-24 00:00:00,12,0
ORD_50504,CUST_7518,delivered,2017-04-24 00:00:00,2017-05-14 00:00:00,2017-05-08 00:00:00,20,1
ORD_50505,CUST_6689,delivered,2017-07-21 00:00:00,2017-08-11 00:00:00,2017-08-04 00:00:00,21,1
ORD_50506,CUST_4452,delivered,2017-07-14 00:00:00,2017-07-30 00:00:00,2017-07-28 00:00:00,16,1
ORD_50507,CUST_8722,delivered,2018-05-06 00:00:00,2018-05-22 00:00:00,2018-05-20 00:00:00,16,1
ORD_50508,CUST_5581,delivered,2017-08-19 00:00:00,2017-09-09 00:00:00,2017-09-02 00:00:00,21,1
ORD_50509,CUST_8081,delivered,2018-03-15 00:00:00,2018-03-31 00:00:00,2018-03-29 00:00:00,16,1
ORD_50510,CUST_9185,delivered,2017-03-10 00:00:00,2017-03-22 00:00:00,2017-03-24 00:00:00,12,0
ORD_50511,CUST_1781,delivered,2017-07-23 00:00:00,2017-08-13 00:00:00,2017-08-06 00:00:00,21,1
ORD_50512,CUST_6483,delivered,2017-05-14 00:00:00,2017-05-30 00:00:00,2017-05-28 00:00:00,16,1
ORD_50513,CUST_4259,delivered,2017-10-23 00:00:00,2017-11-11 00:00:00,2017-11-06 00:00:00,19,1
ORD_50514,CUST_7243,delivered,2017-11-11 00:00:00,2017-11-22 00:00:00,2017-11-25 00:00:00,11,0
ORD_50515,CUST_7631,delivered,2018-03-11 00:00:00,2018-03-28 00:00:00,2018-03-25 00:00:00,17,1
ORD_50516,CUST_7479,delivered,2017-05-19 00:00:00,2017-06-03 00:00:00,2017-06-02 00:00:00,15,1
ORD_50517,CUST_4012,delivered,2018-03-14 00:00:00,2018-04-06 00:00:00,2018-03-28 00:00:00,23,1
ORD_50518,CUST_3734,delivered,2017-07-23 00:00:00,2017-08-03 00:00:00,2017-08-06 00:00:00,11,0
ORD_50519,CUST_9584,delivered,2018-01-27 00:00:00,2018-02-17 00:00:00,2018-02-10 00:00:00,21,1
ORD_50520,CUST_5053,delivered,2018-01-13 00:00:00,2018-01-24 00:00:00,2018-01-27 00:00:00,11,0
ORD_50521,CUST_1575,delivered,2017-12-06 00:00:00,2017-12-13 00:00:00,2017-12-20 00:00:00,7,0
ORD_50522,CUST_8288,delivered,2017-03-11 00:00:00,2017-03-30 00:00:00,2017-03-25 00:00:00,19,1
ORD_50523,CUST_8891,delivered,2017-10-04 00:00:00,2017-10-21 00:00:00,2017-10-18 00:00:00,17,1
ORD_50524,CUST_1001,delivered,2017-09-25 00:00:00,2017-10-10 00:00:00,2017-10-09 00:00:00,15,1
ORD_50525,CUST_1149,delivered,2018-01-28 00:00:00,2018-02-17 00:00:00,2018-02-11 00:00:00,20,1
ORD_50526,CUST_8161,delivered,2017-07-22 00:00:00,2017-08-09 00:00:00,2017-08-05 00:00:00,18,1
ORD_50527,CUST_2297,delivered,2017-08-05 00:00:00,2017-08-23 00:00:00,2017-08-19 00:00:00,18,1
ORD_50528,CUST_2121,delivered,2017-04-04 00:00:00,2017-04-22 00:00:00,2017-04-18 00:00:00,18,1
ORD_50529,CUST_1317,delivered,2017-03-19 00:00:00,2017-04-04 00:00:00,2017-04-02 00:00:00,16,1
ORD_50530,CUST_1134,delivered,2017-04-30 00:00:00,2017-05-17 00:00:00,2017-05-14 00:00:00,17,1
ORD_50531,CUST_1519,delivered,2017-06-19 00:00:00,2017-07-08 00:00:00,2017-07-03 00:00:00,19,1
ORD_50532,CUST_8702,delivered,2017-04-03 00:00:00,2017-04-14 00:00:00,2017-04-17 00:00:00,11,0
ORD_50533,CUST_5078,delivered,2017-07-17 00:00:00,2017-08-05 00:00:00,2017-07-31 00:00:00,19,1
ORD_50534,CUST_7375,delivered,2017-12-15 00:00:00,2018-01-01 00:00:00,2017-12-29 00:00:00,17,1
ORD_50535,CUST_5895,delivered,2017-04-12 00:00:00,2017-04-30 00:00:00,2017-04-26 00:00:00,18,1
ORD_50536,CUST_3742,delivered,2018-02-11 00:00:00,2018-03-02 00:00:00,2018-02-25 00:00:00,19,1
ORD_50537,CUST_8786,delivered,2017-12-19 00:00:00,2018-01-02 00:00:00,2018-01-02 00:00:00,14,0
ORD_50538,CUST_9190,delivered,2017-02-16 00:00:00,2017-03-01 00:00:00,2017-03-02 00:00:00,13,0
ORD_50539,CUST_3521,delivered,2017-12-26 00:00:00,2018-01-04 00:00:00,2018-01-09 00:00:00,9,0
ORD_50540,CUST_6690,delivered,2018-02-17 00:00:00,2018-03-09 00:00:00,2018-03-03 00:00:00,20,1
ORD_50541,CUST_8951,delivered,2017-12-28 00:00:00,2018-01-16 00:00:00,2018-01-11 00:00:00,19,1
ORD_50542,CUST_8674,delivered,2017-05-21 00:00:00,2017-06-13 00:00:00,2017-06-04 00:00:00,23,1
ORD_50543,CUST_9873,delivered,2017-07-07 00:00:00,2017-08-02 00:00:00,2017-07-21 00:00:00,26,1
ORD_50544,CUST_4912,delivered,2017-06-14 00:00:00,2017-07-07 00:00:00,2017-06-28 00:00:00,23,1
ORD_50545,CUST_5638,delivered,2017-06-15 00:00:00,2017-06-23 00:00:00,2017-06-29 00:00:00,8,0
ORD_50546,CUST_3126,delivered,2017-04-02 00:00:00,2017-04-17 00:00:00,2017-04-16 00:00:00,15,1
ORD_50547,CUST_5193,delivered,2017-01-26 00:00:00,2017-02-13 00:00:00,2017-02-09 00:00:00,18,1
ORD_50548,CUST_9051,delivered,2018-04-21 00:00:00,2018-05-05 00:00:00,2018-05-05 00:00:00,14,0
ORD_50549,CUST_7814,delivered,2018-02-25 00:00:00,2018-03-11 00:00:00,2018-03-11 00:00:00,14,0
ORD_50550,CUST_2153,delivered,2018-03-04 00:00:00,2018-03-15 00:00:00,2018-03-18 00:00:00,11,0
ORD_50551,CUST_4784,delivered,2017-09-30 00:00:00,2017-10-11 00:00:00,2017-10-14 00:00:00,11,0
ORD_50552,CUST_7802,delivered,2018-01-18 00:00:00,2018-02-10 00:00:00,2018-02-01 00:00:00,23,1
ORD_50553,CUST_3955,delivered,2017-10-09 00:00:00,2017-10-22 00:00:00,2017-10-23 00:00:00,13,0
ORD_50554,CUST_6163,delivered,2017-10-09 00:00:00,2017-10-29 00:00:00,2017-10-23 00:00:00,20,1
ORD_50555,CUST_4943,delivered,2017-10-16 00:00:00,2017-10-29 00:00:00,2017-10-30 00:00:00,13,0
ORD_50556,CUST_8412,delivered,2017-08-18 00:00:00,2017-09-02 00:00:00,2017-09-01 00:00:00,15,1
ORD_50557,CUST_5920,delivered,2017-04-24 00:00:00,2017-05-12 00:00:00,2017-05-08 00:00:00,18,1
ORD_50558,CUST_1618,delivered,2017-08-24 00:00:00,2017-09-10 00:00:00,2017-09-07 00:00:00,17,1
ORD_50559,CUST_7550,delivered,2017-10-19 00:00:00,2017-11-11 00:00:00,2017-11-02 00:00:00,23,1
ORD_50560,CUST_7251,delivered,2017-02-10 00:00:00,2017-02-24 00:00:00,2017-02-24 00:00:00,14,0
ORD_50561,CUST_2974,delivered,2018-03-22 00:00:00,2018-04-18 00:00:00,2018-04-05 00:00:00,27,1
ORD_50562,CUST_5993,delivered,2017-09-26 00:00:00,2017-10-23 00:00:00,2017-10-10 00:00:00,27,1
ORD_50563,CUST_7436,delivered,2018-05-13 00:00:00,2018-06-03 00:00:00,2018-05-27 00:00:00,21,1
ORD_50564,CUST_3165,delivered,2017-06-22 00:00:00,2017-07-07 00:00:00,2017-07-06 00:00:00,15,1
ORD_50565,CUST_8118,delivered,2018-02-01 00:00:00,2018-02-22 00:00:00,2018-02-15 00:00:00,21,1
ORD_50566,CUST_2173,delivered,2017-05-17 00:00:00,2017-06-09 00:00:00,2017-05-31 00:00:00,23,1
ORD_50567,CUST_4120,delivered,2017-06-14 00:00:00,2017-07-05 00:00:00,2017-06-28 00:00:00,21,1
ORD_50568,CUST_3389,delivered,2017-08-14 00:00:00,2017-08-28 00:00:00,2017-08-28 00:00:00,14,0
ORD_50569,CUST_3555,delivered,2018-01-23 00:00:00,2018-02-09 00:00:00,2018-02-06 00:00:00,17,1
ORD_50570,CUST_6624,delivered,2017-12-22 00:00:00,2018-01-10 00:00:00,2018-01-05 00:00:00,19,1
ORD_50571,CUST_9573,delivered,2018-01-20 00:00:00,2018-01-31 00:00:00,2018-02-03 00:00:00,11,0
ORD_50572,CUST_9631,delivered,2017-01-23 00:00:00,2017-02-13 00:00:00,2017-02-06 00:00:00,21,1
ORD_50573,CUST_1136,delivered,2017-02-04 00:00:00,2017-02-24 00:00:00,2017-02-18 00:00:00,20,1
ORD_50574,CUST_7332,delivered,2017-04-29 00:00:00,2017-05-21 00:00:00,2017-05-13 00:00:00,22,1
ORD_50575,CUST_9202,delivered,2018-05-10 00:00:00,2018-05-30 00:00:00,2018-05-24 00:00:00,20,1
ORD_50576,CUST_7445,delivered,2018-01-17 00:00:00,2018-02-03 00:00:00,2018-01-31 00:00:00,17,1
ORD_50577,CUST_5221,delivered,2018-03-26 00:00:00,2018-04-04 00:00:00,2018-04-09 00:00:00,9,0
ORD_50578,CUST_6599,delivered,2018-04-05 00:00:00,2018-04-24 00:00:00,2018-04-19 00:00:00,19,1
ORD_50579,CUST_3502,delivered,2017-08-07 00:00:00,2017-08-26 00:00:00,2017-08-21 00:00:00,19,1
ORD_50580,CUST_6062,delivered,2017-12-19 00:00:00,2017-12-30 00:00:00,2018-01-02 00:00:00,11,0
ORD_50581,CUST_2111,delivered,2017-10-13 00:00:00,2017-11-05 00:00:00,2017-10-27 00:00:00,23,1
ORD_50582,CUST_1483,delivered,2018-01-27 00:00:00,2018-02-17 00:00:00,2018-02-10 00:00:00,21,1
ORD_50583,CUST_2749,delivered,2017-03-09 00:00:00,2017-03-27 00:00:00,2017-03-23 00:00:00,18,1
ORD_50584,CUST_1427,delivered,2017-07-03 00:00:00,2017-07-21 00:00:00,2017-07-17 00:00:00,18,1
ORD_50585,CUST_7126,delivered,2017-04-05 00:00:00,2017-04-20 00:00:00,2017-04-19 00:00:00,15,1
ORD_50586,CUST_7767,delivered,2017-04-24 00:00:00,2017-05-12 00:00:00,2017-05-08 00:00:00,18,1
ORD_50587,CUST_6323,delivered,2018-03-20 00:00:00,2018-04-05 00:00:00,2018-04-03 00:00:00,16,1
ORD_50588,CUST_9784,delivered,2017-09-26 00:00:00,2017-10-12 00:00:00,2017-10-10 00:00:00,16,1
ORD_50589,CUST_9498,delivered,2017-10-03 00:00:00,2017-10-18 00:00:00,2017-10-17 00:00:00,15,1
ORD_50590,CUST_8201,delivered,2017-07-23 00:00:00,2017-08-16 00:00:00,2017-08-06 00:00:00,24,1
ORD_50591,CUST_8400,delivered,2017-02-16 00:00:00,2017-03-01 00:00:00,2017-03-02 00:00:00,13,0
ORD_50592,CUST_3216,delivered,2017-07-21 00:00:00,2017-08-06 00:00:00,2017-08-04 00:00:00,16,1
ORD_50593,CUST_5097,delivered,2017-06-15 00:00:00,2017-07-10 00:00:00,2017-06-29 00:00:00,25,1
ORD_50594,CUST_7292,delivered,2018-01-08 00:00:00,2018-01-27 00:00:00,2018-01-22 00:00:00,19,1
ORD_50595,CUST_3459,delivered,2017-03-25 00:00:00,2017-04-17 00:00:00,2017-04-08 00:00:00,23,1
ORD_50596,CUST_3960,delivered,2017-03-02 00:00:00,2017-03-12 00:00:00,2017-03-16 00:00:00,10,0
ORD_50597,CUST_8514,delivered,2017-09-12 00:00:00,2017-10-04 00:00:00,2017-09-26 00:00:00,22,1
ORD_50598,CUST_8239,delivered,2017-02-10 00:00:00,2017-02-28 00:00:00,2017-02-24 00:00:00,18,1
ORD_50599,CUST_3429,delivered,2017-01-29 00:00:00,2017-02-21 00:00:00,2017-02-12 00:00:00,23,1
ORD_50600,CUST_6424,delivered,2018-04-17 00:00:00,2018-05-12 00:00:00,2018-05-01 00:00:00,25,1
ORD_50601,CUST_6901,delivered,2018-04-22 00:00:00,2018-05-21 00:00:00,2018-05-06 00:00:00,29,1
ORD_50602,CUST_8001,delivered,2018-03-08 00:00:00,2018-03-23 00:00:00,2018-03-22 00:00:00,15,1
ORD_50603,CUST_7779,delivered,2017-09-26 00:00:00,2017-10-21 00:00:00,2017-10-10 00:00:00,25,1
ORD_50604,CUST_5705,delivered,2017-08-07 00:00:00,2017-09-02 00:00:00,2017-08-21 00:00:00,26,1
ORD_50605,CUST_3125,delivered,2017-11-11 00:00:00,2017-11-27 00:00:00,2017-11-25 00:00:00,16,1
ORD_50606,CUST_5759,delivered,2017-04-10 00:00:00,2017-04-26 00:00:00,2017-04-24 00:00:00,16,1
ORD_50607,CUST_1745,delivered,2017-06-20 00:00:00,2017-07-01 00:00:00,2017-07-04 00:00:00,11,0
ORD_50608,CUST_5614,delivered,2017-05-11 00:00:00,2017-05-24 00:00:00,2017-05-25 00:00:00,13,0
ORD_50609,CUST_6460,delivered,2017-06-24 00:00:00,2017-07-12 00:00:00,2017-07-08 00:00:00,18,1
ORD_50610,CUST_1582,delivered,2017-11-27 00:00:00,2017-12-16 00:00:00,2017-12-11 00:00:00,19,1
ORD_50611,CUST_1917,delivered,2018-03-04 00:00:00,2018-03-17 00:00:00,2018-03-18 00:00:00,13,0
ORD_50612,CUST_6434,delivered,2018-02-14 00:00:00,2018-03-03 00:00:00,2018-02-28 00:00:00,17,1
ORD_50613,CUST_7382,delivered,2017-04-06 00:00:00,2017-04-23 00:00:00,2017-04-20 00:00:00,17,1
ORD_50614,CUST_7780,delivered,2017-02-14 00:00:00,2017-02-26 00:00:00,2017-02-28 00:00:00,12,0
ORD_50615,CUST_5953,delivered,2017-03-31 00:00:00,2017-04-19 00:00:00,2017-04-14 00:00:00,19,1
ORD_50616,CUST_3524,delivered,2017-04-08 00:00:00,2017-04-28 00:00:00,2017-04-22 00:00:00,20,1
ORD_50617,CUST_2609,delivered,2018-02-25 00:00:00,2018-03-27 00:00:00,2018-03-11 00:00:00,30,1
ORD_50618,CUST_6095,delivered,2018-04-23 00:00:00,2018-05-08 00:00:00,2018-05-07 00:00:00,15,1
ORD_50619,CUST_6119,delivered,2017-01-12 00:00:00,2017-01-27 00:00:00,2017-01-26 00:00:00,15,1
ORD_50620,CUST_6228,delivered,2018-01-31 00:00:00,2018-02-15 00:00:00,2018-02-14 00:00:00,15,1
ORD_50621,CUST_9888,delivered,2017-06-29 00:00:00,2017-07-14 00:00:00,2017-07-13 00:00:00,15,1
ORD_50622,CUST_6549,delivered,2017-10-04 00:00:00,2017-10-19 00:00:00,2017-10-18 00:00:00,15,1
ORD_50623,CUST_7987,delivered,2017-07-20 00:00:00,2017-08-13 00:00:00,2017-08-03 00:00:00,24,1
ORD_50624,CUST_4246,delivered,2018-01-01 00:00:00,2018-01-26 00:00:00,2018-01-15 00:00:00,25,1
ORD_50625,CUST_6085,delivered,2017-12-17 00:00:00,2018-01-01 00:00:00,2017-12-31 00:00:00,15,1
ORD_50626,CUST_6412,delivered,2018-02-08 00:00:00,2018-02-22 00:00:00,2018-02-22 00:00:00,14,0
ORD_50627,CUST_8842,delivered,2017-08-25 00:00:00,2017-09-09 00:00:00,2017-09-08 00:00:00,15,1
ORD_50628,CUST_2752,delivered,2017-06-16 00:00:00,2017-07-07 00:00:00,2017-06-30 00:00:00,21,1
ORD_50629,CUST_4992,delivered,2017-10-08 00:00:00,2017-10-27 00:00:00,2017-10-22 00:00:00,19,1
ORD_50630,CUST_6606,delivered,2017-10-06 00:00:00,2017-10-16 00:00:00,2017-10-20 00:00:00,10,0
ORD_50631,CUST_8584,delivered,2017-06-16 00:00:00,2017-07-13 00:00:00,2017-06-30 00:00:00,27,1
ORD_50632,CUST_2781,delivered,2017-12-17 00:00:00,2018-01-02 00:00:00,2017-12-31 00:00:00,16,1
ORD_50633,CUST_3276,delivered,2018-03-31 00:00:00,2018-04-19 00:00:00,2018-04-14 00:00:00,19,1
ORD_50634,CUST_8326,delivered,2017-04-11 00:00:00,2017-04-30 00:00:00,2017-04-25 00:00:00,19,1
ORD_50635,CUST_6640,delivered,2017-02-15 00:00:00,2017-03-15 00:00:00,2017-03-01 00:00:00,28,1
ORD_50636,CUST_7049,delivered,2018-04-07 00:00:00,2018-04-21 00:00:00,2018-04-21 00:00:00,14,0
ORD_50637,CUST_5623,delivered,2018-03-20 00:00:00,2018-04-03 00:00:00,2018-04-03 00:00:00,14,0
ORD_50638,CUST_6212,delivered,2017-12-31 00:00:00,2018-01-27 00:00:00,2018-01-14 00:00:00,27,1
ORD_50639,CUST_7301,delivered,2018-03-08 00:00:00,2018-03-23 00:00:00,2018-03-22 00:00:00,15,1
ORD_50640,CUST_1257,delivered,2017-03-15 00:00:00,2017-04-03 00:00:00,2017-03-29 00:00:00,19,1
ORD_50641,CUST_7974,delivered,2017-11-16 00:00:00,2017-12-04 00:00:00,2017-11-30 00:00:00,18,1
ORD_50642,CUST_1121,delivered,2017-10-23 00:00:00,2017-11-16 00:00:00,2017-11-06 00:00:00,24,1
ORD_50643,CUST_8917,delivered,2017-12-27 00:00:00,2018-01-26 00:00:00,2018-01-10 00:00:00,30,1
ORD_50644,CUST_2281,delivered,2017-09-25 00:00:00,2017-10-10 00:00:00,2017-10-09 00:00:00,15,1
ORD_50645,CUST_1864,delivered,2018-04-08 00:00:00,2018-04-23 00:00:00,2018-04-22 00:00:00,15,1
ORD_50646,CUST_6782,delivered,2018-05-07 00:00:00,2018-05-30 00:00:00,2018-05-21 00:00:00,23,1
ORD_50647,CUST_8752,delivered,2017-10-24 00:00:00,2017-11-14 00:00:00,2017-11-07 00:00:00,21,1
ORD_50648,CUST_3077,delivered,2017-09-16 00:00:00,2017-10-13 00:00:00,2017-09-30 00:00:00,27,1
ORD_50649,CUST_2827,delivered,2017-11-06 00:00:00,2017-11-27 00:00:00,2017-11-20 00:00:00,21,1
ORD_50650,CUST_4869,delivered,2017-09-06 00:00:00,2017-09-22 00:00:00,2017-09-20 00:00:00,16,1
ORD_50651,CUST_7765,delivered,2018-01-30 00:00:00,2018-02-22 00:00:00,2018-02-13 00:00:00,23,1
ORD_50652,CUST_5331,delivered,2018-01-22 00:00:00,2018-02-13 00:00:00,2018-02-05 00:00:00,22,1
ORD_50653,CUST_7390,delivered,2017-08-31 00:00:00,2017-09-20 00:00:00,2017-09-14 00:00:00,20,1
ORD_50654,CUST_6172,delivered,2018-05-08 00:00:00,2018-06-01 00:00:00,2018-05-22 00:00:00,24,1
ORD_50655,CUST_5429,delivered,2017-05-17 00:00:00,2017-06-11 00:00:00,2017-05-31 00:00:00,25,1
ORD_50656,CUST_4193,delivered,2017-09-24 00:00:00,2017-10-11 00:00:00,2017-10-08 00:00:00,17,1
ORD_50657,CUST_7737,delivered,2017-02-20 00:00:00,2017-03-10 00:00:00,2017-03-06 00:00:00,18,1
ORD_50658,CUST_1388,delivered,2017-11-14 00:00:00,2017-12-08 00:00:00,2017-11-28 00:00:00,24,1
ORD_50659,CUST_2965,delivered,2017-02-14 00:00:00,2017-03-06 00:00:00,2017-02-28 00:00:00,20,1
ORD_50660,CUST_2816,delivered,2017-12-23 00:00:00,2018-01-10 00:00:00,2018-01-06 00:00:00,18,1
ORD_50661,CUST_6298,delivered,2017-05-12 00:00:00,2017-06-05 00:00:00,2017-05-26 00:00:00,24,1
ORD_50662,CUST_3915,delivered,2017-08-14 00:00:00,2017-09-02 00:00:00,2017-08-28 00:00:00,19,1
ORD_50663,CUST_9857,delivered,2018-01-29 00:00:00,2018-02-16 00:00:00,2018-02-12 00:00:00,18,1
ORD_50664,CUST_2153,delivered,2017-10-20 00:00:00,2017-10-31 00:00:00,2017-11-03 00:00:00,11,0
ORD_50665,CUST_7397,delivered,2017-05-17 00:00:00,2017-06-07 00:00:00,2017-05-31 00:00:00,21,1
ORD_50666,CUST_7617,delivered,2018-03-09 00:00:00,2018-04-07 00:00:00,2018-03-23 00:00:00,29,1
ORD_50667,CUST_3440,delivered,2018-01-15 00:00:00,2018-01-25 00:00:00,2018-01-29 00:00:00,10,0
ORD_50668,CUST_1312,delivered,2017-08-30 00:00:00,2017-09-16 00:00:00,2017-09-13 00:00:00,17,1
ORD_50669,CUST_8474,delivered,2017-11-09 00:00:00,2017-11-18 00:00:00,2017-11-23 00:00:00,9,0
ORD_50670,CUST_4613,delivered,2017-02-02 00:00:00,2017-02-14 00:00:00,2017-02-16 00:00:00,12,0
ORD_50671,CUST_9943,delivered,2017-03-12 00:00:00,2017-03-19 00:00:00,2017-03-26 00:00:00,7,0
ORD_50672,CUST_2035,delivered,2017-03-03 00:00:00,2017-03-17 00:00:00,2017-03-17 00:00:00,14,0
ORD_50673,CUST_3703,delivered,2017-08-13 00:00:00,2017-08-23 00:00:00,2017-08-27 00:00:00,10,0
ORD_50674,CUST_7162,delivered,2018-02-03 00:00:00,2018-02-18 00:00:00,2018-02-17 00:00:00,15,1
ORD_50675,CUST_5648,delivered,2017-08-02 00:00:00,2017-08-04 00:00:00,2017-08-16 00:00:00,2,0
ORD_50676,CUST_8379,delivered,2017-07-30 00:00:00,2017-08-10 00:00:00,2017-08-13 00:00:00,11,0
ORD_50677,CUST_9190,delivered,2017-11-10 00:00:00,2017-11-19 00:00:00,2017-11-24 00:00:00,9,0
ORD_50678,CUST_4860,delivered,2017-04-09 00:00:00,2017-04-27 00:00:00,2017-04-23 00:00:00,18,1
ORD_50679,CUST_9315,delivered,2017-04-23 00:00:00,2017-04-25 00:00:00,2017-05-07 00:00:00,2,0
ORD_50680,CUST_2846,delivered,2018-02-12 00:00:00,2018-02-18 00:00:00,2018-02-26 00:00:00,6,0
ORD_50681,CUST_1706,delivered,2017-01-28 00:00:00,2017-02-10 00:00:00,2017-02-11 00:00:00,13,0
ORD_50682,CUST_1709,delivered,2017-02-23 00:00:00,2017-03-01 00:00:00,2017-03-09 00:00:00,6,0
ORD_50683,CUST_9436,delivered,2017-03-01 00:00:00,2017-03-14 00:00:00,2017-03-15 00:00:00,13,0
ORD_50684,CUST_7865,delivered,2017-04-12 00:00:00,2017-04-21 00:00:00,2017-04-26 00:00:00,9,0
ORD_50685,CUST_7759,delivered,2018-03-22 00:00:00,2018-03-26 00:00:00,2018-04-05 00:00:00,4,0
ORD_50686,CUST_8936,delivered,2017-01-28 00:00:00,2017-02-03 00:00:00,2017-02-11 00:00:00,6,0
ORD_50687,CUST_3234,delivered,2017-08-23 00:00:00,2017-09-02 00:00:00,2017-09-06 00:00:00,10,0
ORD_50688,CUST_1977,delivered,2017-05-24 00:00:00,2017-06-04 00:00:00,2017-06-07 00:00:00,11,0
ORD_50689,CUST_6629,delivered,2017-04-23 00:00:00,2017-05-09 00:00:00,2017-05-07 00:00:00,16,1
ORD_50690,CUST_9548,delivered,2017-09-08 00:00:00,2017-09-17 00:00:00,2017-09-22 00:00:00,9,0
ORD_50691,CUST_5041,delivered,2017-05-07 00:00:00,2017-05-18 00:00:00,2017-05-21 00:00:00,11,0
ORD_50692,CUST_7844,delivered,2017-01-23 00:00:00,2017-02-04 00:00:00,2017-02-06 00:00:00,12,0
ORD_50693,CUST_7460,delivered,2017-09-03 00:00:00,2017-09-15 00:00:00,2017-09-17 00:00:00,12,0
ORD_50694,CUST_7662,delivered,2018-05-02 00:00:00,2018-05-12 00:00:00,2018-05-16 00:00:00,10,0
ORD_50695,CUST_8860,delivered,2017-12-09 00:00:00,2017-12-18 00:00:00,2017-12-23 00:00:00,9,0
ORD_50696,CUST_8452,delivered,2017-08-26 00:00:00,2017-09-01 00:00:00,2017-09-09 00:00:00,6,0
ORD_50697,CUST_1022,delivered,2018-03-17 00:00:00,2018-03-26 00:00:00,2018-03-31 00:00:00,9,0
ORD_50698,CUST_5859,delivered,2017-08-07 00:00:00,2017-08-17 00:00:00,2017-08-21 00:00:00,10,0
ORD_50699,CUST_2326,delivered,2017-11-14 00:00:00,2017-11-27 00:00:00,2017-11-28 00:00:00,13,0
ORD_50700,CUST_1844,delivered,2017-02-26 00:00:00,2017-03-05 00:00:00,2017-03-12 00:00:00,7,0
ORD_50701,CUST_2097,delivered,2017-10-15 00:00:00,2017-10-22 00:00:00,2017-10-29 00:00:00,7,0
ORD_50702,CUST_8839,delivered,2018-01-13 00:00:00,2018-01-15 00:00:00,2018-01-27 00:00:00,2,0
ORD_50703,CUST_9250,delivered,2017-12-15 00:00:00,2017-12-28 00:00:00,2017-12-29 00:00:00,13,0
ORD_50704,CUST_9215,delivered,2017-09-27 00:00:00,2017-10-01 00:00:00,2017-10-11 00:00:00,4,0
ORD_50705,CUST_7031,delivered,2018-02-14 00:00:00,2018-02-23 00:00:00,2018-02-28 00:00:00,9,0
ORD_50706,CUST_3929,delivered,2017-05-28 00:00:00,2017-06-14 00:00:00,2017-06-11 00:00:00,17,1
ORD_50707,CUST_1371,delivered,2017-05-31 00:00:00,2017-06-13 00:00:00,2017-06-14 00:00:00,13,0
ORD_50708,CUST_8272,delivered,2018-01-13 00:00:00,2018-01-22 00:00:00,2018-01-27 00:00:00,9,0
ORD_50709,CUST_6503,delivered,2017-07-30 00:00:00,2017-08-01 00:00:00,2017-08-13 00:00:00,2,0
ORD_50710,CUST_9686,delivered,2018-03-08 00:00:00,2018-03-14 00:00:00,2018-03-22 00:00:00,6,0
ORD_50711,CUST_5259,delivered,2017-04-27 00:00:00,2017-05-05 00:00:00,2017-05-11 00:00:00,8,0
ORD_50712,CUST_8469,delivered,2018-05-05 00:00:00,2018-05-17 00:00:00,2018-05-19 00:00:00,12,0
ORD_50713,CUST_3873,delivered,2018-03-06 00:00:00,2018-03-18 00:00:00,2018-03-20 00:00:00,12,0
ORD_50714,CUST_8223,delivered,2017-05-14 00:00:00,2017-05-28 00:00:00,2017-05-28 00:00:00,14,0
ORD_50715,CUST_6633,delivered,2017-03-17 00:00:00,2017-03-23 00:00:00,2017-03-31 00:00:00,6,0
ORD_50716,CUST_7628,delivered,2018-04-22 00:00:00,2018-05-03 00:00:00,2018-05-06 00:00:00,11,0
ORD_50717,CUST_9948,delivered,2018-05-15 00:00:00,2018-05-27 00:00:00,2018-05-29 00:00:00,12,0
ORD_50718,CUST_3409,delivered,2018-02-14 00:00:00,2018-02-20 00:00:00,2018-02-28 00:00:00,6,0
ORD_50719,CUST_2914,delivered,2017-06-07 00:00:00,2017-06-17 00:00:00,2017-06-21 00:00:00,10,0
ORD_50720,CUST_1901,delivered,2017-11-08 00:00:00,2017-11-14 00:00:00,2017-11-22 00:00:00,6,0
ORD_50721,CUST_9821,delivered,2018-03-11 00:00:00,2018-03-21 00:00:00,2018-03-25 00:00:00,10,0
ORD_50722,CUST_9035,delivered,2017-06-12 00:00:00,2017-06-19 00:00:00,2017-06-26 00:00:00,7,0
ORD_50723,CUST_7056,delivered,2017-07-17 00:00:00,2017-07-28 00:00:00,2017-07-31 00:00:00,11,0
ORD_50724,CUST_2435,delivered,2017-04-21 00:00:00,2017-04-27 00:00:00,2017-05-05 00:00:00,6,0
ORD_50725,CUST_7944,delivered,2018-01-09 00:00:00,2018-01-29 00:00:00,2018-01-23 00:00:00,20,1
ORD_50726,CUST_6495,delivered,2017-02-03 00:00:00,2017-02-21 00:00:00,2017-02-17 00:00:00,18,1
ORD_50727,CUST_3243,delivered,2017-04-13 00:00:00,2017-04-24 00:00:00,2017-04-27 00:00:00,11,0
ORD_50728,CUST_5979,delivered,2017-09-10 00:00:00,2017-09-20 00:00:00,2017-09-24 00:00:00,10,0
ORD_50729,CUST_8742,delivered,2017-03-05 00:00:00,2017-03-09 00:00:00,2017-03-19 00:00:00,4,0
ORD_50730,CUST_2955,delivered,2018-01-27 00:00:00,2018-01-29 00:00:00,2018-02-10 00:00:00,2,0
ORD_50731,CUST_8872,delivered,2017-10-17 00:00:00,2017-10-29 00:00:00,2017-10-31 00:00:00,12,0
ORD_50732,CUST_7114,delivered,2017-09-20 00:00:00,2017-10-07 00:00:00,2017-10-04 00:00:00,17,1
ORD_50733,CUST_6855,delivered,2017-03-25 00:00:00,2017-03-28 00:00:00,2017-04-08 00:00:00,3,0
ORD_50734,CUST_5749,delivered,2017-05-30 00:00:00,2017-06-09 00:00:00,2017-06-13 00:00:00,10,0
ORD_50735,CUST_3738,delivered,2017-10-06 00:00:00,2017-10-23 00:00:00,2017-10-20 00:00:00,17,1
ORD_50736,CUST_6761,delivered,2018-02-26 00:00:00,2018-03-05 00:00:00,2018-03-12 00:00:00,7,0
ORD_50737,CUST_6575,delivered,2018-04-17 00:00:00,2018-04-26 00:00:00,2018-05-01 00:00:00,9,0
ORD_50738,CUST_9612,delivered,2018-03-10 00:00:00,2018-03-23 00:00:00,2018-03-24 00:00:00,13,0
ORD_50739,CUST_6705,delivered,2017-06-09 00:00:00,2017-06-11 00:00:00,2017-06-23 00:00:00,2,0
ORD_50740,CUST_5991,delivered,2017-01-15 00:00:00,2017-01-31 00:00:00,2017-01-29 00:00:00,16,1
ORD_50741,CUST_2287,delivered,2017-08-06 00:00:00,2017-08-12 00:00:00,2017-08-20 00:00:00,6,0
ORD_50742,CUST_2766,delivered,2017-01-17 00:00:00,2017-01-28 00:00:00,2017-01-31 00:00:00,11,0
ORD_50743,CUST_1168,delivered,2018-01-22 00:00:00,2018-01-28 00:00:00,2018-02-05 00:00:00,6,0
ORD_50744,CUST_4027,delivered,2017-12-10 00:00:00,2017-12-19 00:00:00,2017-12-24 00:00:00,9,0
ORD_50745,CUST_6770,delivered,2017-03-24 00:00:00,2017-04-05 00:00:00,2017-04-07 00:00:00,12,0
ORD_50746,CUST_4555,delivered,2018-01-02 00:00:00,2018-01-15 00:00:00,2018-01-16 00:00:00,13,0
ORD_50747,CUST_4506,delivered,2018-04-17 00:00:00,2018-05-02 00:00:00,2018-05-01 00:00:00,15,1
ORD_50748,CUST_7219,delivered,2017-08-06 00:00:00,2017-08-08 00:00:00,2017-08-20 00:00:00,2,0
ORD_50749,CUST_2807,delivered,2017-09-24 00:00:00,2017-09-27 00:00:00,2017-10-08 00:00:00,3,0
ORD_50750,CUST_1665,delivered,2017-02-12 00:00:00,2017-02-27 00:00:00,2017-02-26 00:00:00,15,1
ORD_50751,CUST_4700,delivered,2017-10-11 00:00:00,2017-10-18 00:00:00,2017-10-25 00:00:00,7,0
ORD_50752,CUST_7020,delivered,2017-04-02 00:00:00,2017-04-11 00:00:00,2017-04-16 00:00:00,9,0
ORD_50753,CUST_9563,delivered,2017-12-04 00:00:00,2017-12-13 00:00:00,2017-12-18 00:00:00,9,0
ORD_50754,CUST_2666,delivered,2018-01-15 00:00:00,2018-01-29 00:00:00,2018-01-29 00:00:00,14,0
ORD_50755,CUST_3011,delivered,2017-04-30 00:00:00,2017-05-02 00:00:00,2017-05-14 00:00:00,2,0
ORD_50756,CUST_7557,delivered,2017-07-02 00:00:00,2017-07-19 00:00:00,2017-07-16 00:00:00,17,1
ORD_50757,CUST_5107,delivered,2017-09-08 00:00:00,2017-09-21 00:00:00,2017-09-22 00:00:00,13,0
ORD_50758,CUST_2117,delivered,2017-09-13 00:00:00,2017-09-20 00:00:00,2017-09-27 00:00:00,7,0
ORD_50759,CUST_5960,delivered,2017-11-15 00:00:00,2017-12-04 00:00:00,2017-11-29 00:00:00,19,1
ORD_50760,CUST_9157,delivered,2017-09-09 00:00:00,2017-09-20 00:00:00,2017-09-23 00:00:00,11,0
ORD_50761,CUST_2951,delivered,2017-07-16 00:00:00,2017-07-26 00:00:00,2017-07-30 00:00:00,10,0
ORD_50762,CUST_3897,delivered,2017-10-13 00:00:00,2017-10-21 00:00:00,2017-10-27 00:00:00,8,0
ORD_50763,CUST_7374,delivered,2017-09-07 00:00:00,2017-09-16 00:00:00,2017-09-21 00:00:00,9,0
ORD_50764,CUST_8697,delivered,2017-09-01 00:00:00,2017-09-10 00:00:00,2017-09-15 00:00:00,9,0
ORD_50765,CUST_6779,delivered,2018-01-28 00:00:00,2018-02-06 00:00:00,2018-02-11 00:00:00,9,0
ORD_50766,CUST_6715,delivered,2018-02-19 00:00:00,2018-02-21 00:00:00,2018-03-05 00:00:00,2,0
ORD_50767,CUST_6654,delivered,2017-07-02 00:00:00,2017-07-13 00:00:00,2017-07-16 00:00:00,11,0
ORD_50768,CUST_6113,delivered,2017-10-31 00:00:00,2017-11-02 00:00:00,2017-11-14 00:00:00,2,0
ORD_50769,CUST_1322,delivered,2017-10-03 00:00:00,2017-10-11 00:00:00,2017-10-17 00:00:00,8,0
ORD_50770,CUST_5368,delivered,2017-01-11 00:00:00,2017-01-15 00:00:00,2017-01-25 00:00:00,4,0
ORD_50771,CUST_2601,delivered,2018-02-18 00:00:00,2018-02-22 00:00:00,2018-03-04 00:00:00,4,0
ORD_50772,CUST_6563,delivered,2017-03-27 00:00:00,2017-04-15 00:00:00,2017-04-10 00:00:00,19,1
ORD_50773,CUST_5708,delivered,2017-05-16 00:00:00,2017-05-24 00:00:00,2017-05-30 00:00:00,8,0
ORD_50774,CUST_2506,delivered,2018-01-03 00:00:00,2018-01-16 00:00:00,2018-01-17 00:00:00,13,0
ORD_50775,CUST_7997,delivered,2017-04-18 00:00:00,2017-04-28 00:00:00,2017-05-02 00:00:00,10,0
ORD_50776,CUST_9846,delivered,2017-06-10 00:00:00,2017-07-01 00:00:00,2017-06-24 00:00:00,21,1
ORD_50777,CUST_9457,delivered,2018-03-18 00:00:00,2018-03-27 00:00:00,2018-04-01 00:00:00,9,0
ORD_50778,CUST_9728,delivered,2018-02-19 00:00:00,2018-03-05 00:00:00,2018-03-05 00:00:00,14,0
ORD_50779,CUST_6968,delivered,2017-08-25 00:00:00,2017-09-09 00:00:00,2017-09-08 00:00:00,15,1
ORD_50780,CUST_2055,delivered,2017-11-21 00:00:00,2017-11-24 00:00:00,2017-12-05 00:00:00,3,0
ORD_50781,CUST_4868,delivered,2017-07-27 00:00:00,2017-07-30 00:00:00,2017-08-10 00:00:00,3,0
ORD_50782,CUST_8952,delivered,2017-10-14 00:00:00,2017-10-19 00:00:00,2017-10-28 00:00:00,5,0
ORD_50783,CUST_1477,delivered,2017-05-13 00:00:00,2017-05-24 00:00:00,2017-05-27 00:00:00,11,0
ORD_50784,CUST_1326,delivered,2017-01-29 00:00:00,2017-02-09 00:00:00,2017-02-12 00:00:00,11,0
ORD_50785,CUST_2479,delivered,2017-07-23 00:00:00,2017-08-03 00:00:00,2017-08-06 00:00:00,11,0
ORD_50786,CUST_9605,delivered,2017-05-09 00:00:00,2017-05-23 00:00:00,2017-05-23 00:00:00,14,0
ORD_50787,CUST_7388,delivered,2018-02-17 00:00:00,2018-02-20 00:00:00,2018-03-03 00:00:00,3,0
ORD_50788,CUST_5498,delivered,2017-08-14 00:00:00,2017-08-27 00:00:00,2017-08-28 00:00:00,13,0
ORD_50789,CUST_2850,delivered,2017-06-12 00:00:00,2017-06-28 00:00:00,2017-06-26 00:00:00,16,1
ORD_50790,CUST_1570,delivered,2018-03-07 00:00:00,2018-03-15 00:00:00,2018-03-21 00:00:00,8,0
ORD_50791,CUST_6067,delivered,2017-11-24 00:00:00,2017-12-02 00:00:00,2017-12-08 00:00:00,8,0
ORD_50792,CUST_7364,delivered,2017-01-05 00:00:00,2017-01-09 00:00:00,2017-01-19 00:00:00,4,0
ORD_50793,CUST_5872,delivered,2017-04-18 00:00:00,2017-05-05 00:00:00,2017-05-02 00:00:00,17,1
ORD_50794,CUST_9055,delivered,2017-08-30 00:00:00,2017-09-04 00:00:00,2017-09-13 00:00:00,5,0
ORD_50795,CUST_3627,delivered,2017-12-24 00:00:00,2017-12-26 00:00:00,2018-01-07 00:00:00,2,0
ORD_50796,CUST_9973,delivered,2018-01-13 00:00:00,2018-01-15 00:00:00,2018-01-27 00:00:00,2,0
ORD_50797,CUST_8264,delivered,2018-02-10 00:00:00,2018-02-24 00:00:00,2018-02-24 00:00:00,14,0
ORD_50798,CUST_2347,delivered,2017-02-26 00:00:00,2017-03-18 00:00:00,2017-03-12 00:00:00,20,1
ORD_50799,CUST_6233,delivered,2017-08-20 00:00:00,2017-08-27 00:00:00,2017-09-03 00:00:00,7,0
ORD_50800,CUST_6367,delivered,2018-02-14 00:00:00,2018-03-06 00:00:00,2018-02-28 00:00:00,20,1
ORD_50801,CUST_1339,delivered,2018-05-01 00:00:00,2018-05-03 00:00:00,2018-05-15 00:00:00,2,0
ORD_50802,CUST_8576,delivered,2017-04-12 00:00:00,2017-04-26 00:00:00,2017-04-26 00:00:00,14,0
ORD_50803,CUST_5262,delivered,2017-03-18 00:00:00,2017-04-03 00:00:00,2017-04-01 00:00:00,16,1
ORD_50804,CUST_9096,delivered,2017-03-02 00:00:00,2017-03-14 00:00:00,2017-03-16 00:00:00,12,0
ORD_50805,CUST_7259,delivered,2017-03-08 00:00:00,2017-03-21 00:00:00,2017-03-22 00:00:00,13,0
ORD_50806,CUST_4102,delivered,2017-08-03 00:00:00,2017-08-13 00:00:00,2017-08-17 00:00:00,10,0
ORD_50807,CUST_8388,delivered,2018-04-10 00:00:00,2018-04-19 00:00:00,2018-04-24 00:00:00,9,0
ORD_50808,CUST_1169,delivered,2017-08-29 00:00:00,2017-09-06 00:00:00,2017-09-12 00:00:00,8,0
ORD_50809,CUST_7283,delivered,2017-12-29 00:00:00,2018-01-07 00:00:00,2018-01-12 00:00:00,9,0
ORD_50810,CUST_1962,delivered,2017-01-27 00:00:00,2017-01-30 00:00:00,2017-02-10 00:00:00,3,0
ORD_50811,CUST_1745,delivered,2017-01-03 00:00:00,2017-01-19 00:00:00,2017-01-17 00:00:00,16,1
ORD_50812,CUST_3938,delivered,2017-05-14 00:00:00,2017-05-28 00:00:00,2017-05-28 00:00:00,14,0
ORD_50813,CUST_9690,delivered,2017-08-10 00:00:00,2017-08-14 00:00:00,2017-08-24 00:00:00,4,0
ORD_50814,CUST_6907,delivered,2018-04-20 00:00:00,2018-04-24 00:00:00,2018-05-04 00:00:00,4,0
ORD_50815,CUST_8139,delivered,2018-04-03 00:00:00,2018-04-15 00:00:00,2018-04-17 00:00:00,12,0
ORD_50816,CUST_8208,delivered,2017-01-28 00:00:00,2017-02-07 00:00:00,2017-02-11 00:00:00,10,0
ORD_50817,CUST_5263,delivered,2017-03-25 00:00:00,2017-03-31 00:00:00,2017-04-08 00:00:00,6,0
ORD_50818,CUST_8949,delivered,2017-08-23 00:00:00,2017-08-25 00:00:00,2017-09-06 00:00:00,2,0
ORD_50819,CUST_4337,delivered,2018-03-21 00:00:00,2018-03-30 00:00:00,2018-04-04 00:00:00,9,0
ORD_50820,CUST_4479,delivered,2017-10-26 00:00:00,2017-11-05 00:00:00,2017-11-09 00:00:00,10,0
ORD_50821,CUST_9161,delivered,2017-12-13 00:00:00,2017-12-23 00:00:00,2017-12-27 00:00:00,10,0
ORD_50822,CUST_7458,delivered,2017-07-11 00:00:00,2017-07-21 00:00:00,2017-07-25 00:00:00,10,0
ORD_50823,CUST_8861,delivered,2017-08-21 00:00:00,2017-08-30 00:00:00,2017-09-04 00:00:00,9,0
ORD_50824,CUST_8423,delivered,2017-06-16 00:00:00,2017-06-21 00:00:00,2017-06-30 00:00:00,5,0
ORD_50825,CUST_1909,delivered,2018-01-16 00:00:00,2018-01-18 00:00:00,2018-01-30 00:00:00,2,0
ORD_50826,CUST_3916,delivered,2017-05-03 00:00:00,2017-05-06 00:00:00,2017-05-17 00:00:00,3,0
ORD_50827,CUST_5668,delivered,2017-11-28 00:00:00,2017-12-03 00:00:00,2017-12-12 00:00:00,5,0
ORD_50828,CUST_3151,delivered,2017-07-03 00:00:00,2017-07-11 00:00:00,2017-07-17 00:00:00,8,0
ORD_50829,CUST_8805,delivered,2017-05-18 00:00:00,2017-05-24 00:00:00,2017-06-01 00:00:00,6,0
ORD_50830,CUST_7979,delivered,2017-02-17 00:00:00,2017-02-22 00:00:00,2017-03-03 00:00:00,5,0
ORD_50831,CUST_3540,delivered,2018-04-22 00:00:00,2018-04-25 00:00:00,2018-05-06 00:00:00,3,0
ORD_50832,CUST_8165,delivered,2017-02-10 00:00:00,2017-02-22 00:00:00,2017-02-24 00:00:00,12,0
ORD_50833,CUST_8007,delivered,2017-06-01 00:00:00,2017-06-09 00:00:00,2017-06-15 00:00:00,8,0
ORD_50834,CUST_7766,delivered,2017-02-18 00:00:00,2017-02-27 00:00:00,2017-03-04 00:00:00,9,0
ORD_50835,CUST_2339,delivered,2018-01-29 00:00:00,2018-02-12 00:00:00,2018-02-12 00:00:00,14,0
ORD_50836,CUST_1741,delivered,2017-02-12 00:00:00,2017-02-18 00:00:00,2017-02-26 00:00:00,6,0
ORD_50837,CUST_8454,delivered,2018-01-23 00:00:00,2018-02-01 00:00:00,2018-02-06 00:00:00,9,0
ORD_50838,CUST_2281,delivered,2018-01-18 00:00:00,2018-01-23 00:00:00,2018-02-01 00:00:00,5,0
ORD_50839,CUST_7470,delivered,2017-03-01 00:00:00,2017-03-18 00:00:00,2017-03-15 00:00:00,17,1
ORD_50840,CUST_6910,delivered,2017-12-20 00:00:00,2017-12-26 00:00:00,2018-01-03 00:00:00,6,0
ORD_50841,CUST_2833,delivered,2018-02-22 00:00:00,2018-03-11 00:00:00,2018-03-08 00:00:00,17,1
ORD_50842,CUST_8139,delivered,2018-03-08 00:00:00,2018-03-15 00:00:00,2018-03-22 00:00:00,7,0
ORD_50843,CUST_1357,delivered,2017-03-01 00:00:00,2017-03-07 00:00:00,2017-03-15 00:00:00,6,0
ORD_50844,CUST_8724,delivered,2017-01-11 00:00:00,2017-01-17 00:00:00,2017-01-25 00:00:00,6,0
ORD_50845,CUST_1834,delivered,2017-06-20 00:00:00,2017-06-29 00:00:00,2017-07-04 00:00:00,9,0
ORD_50846,CUST_5764,delivered,2017-01-19 00:00:00,2017-01-29 00:00:00,2017-02-02 00:00:00,10,0
ORD_50847,CUST_8993,delivered,2017-04-29 00:00:00,2017-05-10 00:00:00,2017-05-13 00:00:00,11,0
ORD_50848,CUST_5388,delivered,2018-04-03 00:00:00,2018-04-05 00:00:00,2018-04-17 00:00:00,2,0
ORD_50849,CUST_8345,delivered,2017-12-24 00:00:00,2018-01-08 00:00:00,2018-01-07 00:00:00,15,1
ORD_50850,CUST_4599,delivered,2017-10-28 00:00:00,2017-10-31 00:00:00,2017-11-11 00:00:00,3,0
ORD_50851,CUST_7395,delivered,2018-05-07 00:00:00,2018-05-18 00:00:00,2018-05-21 00:00:00,11,0
ORD_50852,CUST_8738,delivered,2018-02-14 00:00:00,2018-02-23 00:00:00,2018-02-28 00:00:00,9,0
ORD_50853,CUST_8911,delivered,2017-03-08 00:00:00,2017-03-17 00:00:00,2017-03-22 00:00:00,9,0
ORD_50854,CUST_5975,delivered,2017-05-01 00:00:00,2017-05-05 00:00:00,2017-05-15 00:00:00,4,0
ORD_50855,CUST_3598,delivered,2017-03-31 00:00:00,2017-04-02 00:00:00,2017-04-14 00:00:00,2,0
ORD_50856,CUST_2977,delivered,2017-10-15 00:00:00,2017-10-19 00:00:00,2017-10-29 00:00:00,4,0
ORD_50857,CUST_5382,delivered,2018-04-04 00:00:00,2018-04-19 00:00:00,2018-04-18 00:00:00,15,1
ORD_50858,CUST_2817,delivered,2018-05-15 00:00:00,2018-05-29 00:00:00,2018-05-29 00:00:00,14,0
ORD_50859,CUST_2727,delivered,2017-03-27 00:00:00,2017-03-31 00:00:00,2017-04-10 00:00:00,4,0
ORD_50860,CUST_8233,delivered,2018-01-26 00:00:00,2018-02-10 00:00:00,2018-02-09 00:00:00,15,1
ORD_50861,CUST_8194,delivered,2018-05-12 00:00:00,2018-05-22 00:00:00,2018-05-26 00:00:00,10,0
ORD_50862,CUST_9274,delivered,2017-03-29 00:00:00,2017-04-09 00:00:00,2017-04-12 00:00:00,11,0
ORD_50863,CUST_5021,delivered,2017-03-19 00:00:00,2017-03-26 00:00:00,2017-04-02 00:00:00,7,0
ORD_50864,CUST_9456,delivered,2018-02-11 00:00:00,2018-02-19 00:00:00,2018-02-25 00:00:00,8,0
ORD_50865,CUST_2140,delivered,2017-02-13 00:00:00,2017-02-27 00:00:00,2017-02-27 00:00:00,14,0
ORD_50866,CUST_7443,delivered,2018-01-24 00:00:00,2018-01-26 00:00:00,2018-02-07 00:00:00,2,0
ORD_50867,CUST_9516,delivered,2018-05-14 00:00:00,2018-05-26 00:00:00,2018-05-28 00:00:00,12,0
ORD_50868,CUST_6139,delivered,2018-04-11 00:00:00,2018-04-13 00:00:00,2018-04-25 00:00:00,2,0
ORD_50869,CUST_7618,delivered,2017-08-17 00:00:00,2017-09-07 00:00:00,2017-08-31 00:00:00,21,1
ORD_50870,CUST_4232,delivered,2018-03-28 00:00:00,2018-04-06 00:00:00,2018-04-11 00:00:00,9,0
ORD_50871,CUST_3064,delivered,2017-09-24 00:00:00,2017-10-03 00:00:00,2017-10-08 00:00:00,9,0
ORD_50872,CUST_3621,delivered,2017-01-12 00:00:00,2017-01-26 00:00:00,2017-01-26 00:00:00,14,0
ORD_50873,CUST_7926,delivered,2017-09-16 00:00:00,2017-09-26 00:00:00,2017-09-30 00:00:00,10,0
ORD_50874,CUST_3028,delivered,2017-01-25 00:00:00,2017-01-31 00:00:00,2017-02-08 00:00:00,6,0
ORD_50875,CUST_4868,delivered,2018-02-17 00:00:00,2018-02-25 00:00:00,2018-03-03 00:00:00,8,0
ORD_50876,CUST_3293,delivered,2018-01-01 00:00:00,2018-01-13 00:00:00,2018-01-15 00:00:00,12,0
ORD_50877,CUST_4154,delivered,2018-02-26 00:00:00,2018-03-07 00:00:00,2018-03-12 00:00:00,9,0
ORD_50878,CUST_2511,delivered,2017-02-01 00:00:00,2017-02-15 00:00:00,2017-02-15 00:00:00,14,0
ORD_50879,CUST_9622,delivered,2017-07-26 00:00:00,2017-08-04 00:00:00,2017-08-09 00:00:00,9,0
ORD_50880,CUST_9020,delivered,2018-01-10 00:00:00,2018-01-26 00:00:00,2018-01-24 00:00:00,16,1
ORD_50881,CUST_9408,delivered,2018-03-18 00:00:00,2018-03-30 00:00:00,2018-04-01 00:00:00,12,0
ORD_50882,CUST_7051,delivered,2018-04-17 00:00:00,2018-04-19 00:00:00,2018-05-01 00:00:00,2,0
ORD_50883,CUST_5744,delivered,2017-01-21 00:00:00,2017-01-28 00:00:00,2017-02-04 00:00:00,7,0
ORD_50884,CUST_1458,delivered,2018-02-10 00:00:00,2018-02-18 00:00:00,2018-02-24 00:00:00,8,0
ORD_50885,CUST_4532,delivered,2017-04-04 00:00:00,2017-04-16 00:00:00,2017-04-18 00:00:00,12,0
ORD_50886,CUST_8883,delivered,2017-10-21 00:00:00,2017-11-01 00:00:00,2017-11-04 00:00:00,11,0
ORD_50887,CUST_3175,delivered,2018-01-26 00:00:00,2018-01-28 00:00:00,2018-02-09 00:00:00,2,0
ORD_50888,CUST_3440,delivered,2018-03-20 00:00:00,2018-03-28 00:00:00,2018-04-03 00:00:00,8,0
ORD_50889,CUST_7344,delivered,2017-04-30 00:00:00,2017-05-12 00:00:00,2017-05-14 00:00:00,12,0
ORD_50890,CUST_2450,delivered,2018-03-20 00:00:00,2018-04-04 00:00:00,2018-04-03 00:00:00,15,1
ORD_50891,CUST_2395,delivered,2017-04-09 00:00:00,2017-04-17 00:00:00,2017-04-23 00:00:00,8,0
ORD_50892,CUST_2970,delivered,2017-12-04 00:00:00,2017-12-14 00:00:00,2017-12-18 00:00:00,10,0
ORD_50893,CUST_8278,delivered,2017-02-13 00:00:00,2017-02-19 00:00:00,2017-02-27 00:00:00,6,0
ORD_50894,CUST_3957,delivered,2017-08-01 00:00:00,2017-08-08 00:00:00,2017-08-15 00:00:00,7,0
ORD_50895,CUST_2627,delivered,2017-10-05 00:00:00,2017-10-15 00:00:00,2017-10-19 00:00:00,10,0
ORD_50896,CUST_7672,delivered,2017-12-14 00:00:00,2017-12-25 00:00:00,2017-12-28 00:00:00,11,0
ORD_50897,CUST_5882,delivered,2017-07-19 00:00:00,2017-08-02 00:00:00,2017-08-02 00:00:00,14,0
ORD_50898,CUST_2981,delivered,2017-01-27 00:00:00,2017-01-29 00:00:00,2017-02-10 00:00:00,2,0
ORD_50899,CUST_9264,delivered,2017-07-17 00:00:00,2017-07-19 00:00:00,2017-07-31 00:00:00,2,0
ORD_50900,CUST_8932,delivered,2017-01-15 00:00:00,2017-01-18 00:00:00,2017-01-29 00:00:00,3,0
ORD_50901,CUST_2663,delivered,2017-05-07 00:00:00,2017-05-19 00:00:00,2017-05-21 00:00:00,12,0
ORD_50902,CUST_4333,delivered,2018-02-05 00:00:00,2018-02-11 00:00:00,2018-02-19 00:00:00,6,0
ORD_50903,CUST_8401,delivered,2017-01-22 00:00:00,2017-01-28 00:00:00,2017-02-05 00:00:00,6,0
ORD_50904,CUST_1985,delivered,2018-04-23 00:00:00,2018-04-25 00:00:00,2018-05-07 00:00:00,2,0
ORD_50905,CUST_4485,delivered,2017-10-27 00:00:00,2017-11-05 00:00:00,2017-11-10 00:00:00,9,0
ORD_50906,CUST_2469,delivered,2017-07-22 00:00:00,2017-08-01 00:00:00,2017-08-05 00:00:00,10,0
ORD_50907,CUST_4454,delivered,2017-11-09 00:00:00,2017-11-24 00:00:00,2017-11-23 00:00:00,15,1
ORD_50908,CUST_5473,delivered,2017-05-06 00:00:00,2017-05-15 00:00:00,2017-05-20 00:00:00,9,0
ORD_50909,CUST_3190,delivered,2017-11-27 00:00:00,2017-12-04 00:00:00,2017-12-11 00:00:00,7,0
ORD_50910,CUST_7769,delivered,2017-10-12 00:00:00,2017-10-20 00:00:00,2017-10-26 00:00:00,8,0
ORD_50911,CUST_9825,delivered,2017-01-16 00:00:00,2017-01-18 00:00:00,2017-01-30 00:00:00,2,0
ORD_50912,CUST_3903,delivered,2018-03-06 00:00:00,2018-03-22 00:00:00,2018-03-20 00:00:00,16,1
ORD_50913,CUST_6862,delivered,2017-04-09 00:00:00,2017-04-17 00:00:00,2017-04-23 00:00:00,8,0
ORD_50914,CUST_4838,delivered,2017-09-10 00:00:00,2017-09-24 00:00:00,2017-09-24 00:00:00,14,0
ORD_50915,CUST_1116,delivered,2017-04-11 00:00:00,2017-04-29 00:00:00,2017-04-25 00:00:00,18,1
ORD_50916,CUST_3875,delivered,2017-02-03 00:00:00,2017-02-15 00:00:00,2017-02-17 00:00:00,12,0
ORD_50917,CUST_5494,delivered,2017-04-09 00:00:00,2017-04-29 00:00:00,2017-04-23 00:00:00,20,1
ORD_50918,CUST_1849,delivered,2018-03-14 00:00:00,2018-03-20 00:00:00,2018-03-28 00:00:00,6,0
ORD_50919,CUST_8644,delivered,2017-09-11 00:00:00,2017-09-21 00:00:00,2017-09-25 00:00:00,10,0
ORD_50920,CUST_7882,delivered,2017-09-30 00:00:00,2017-10-17 00:00:00,2017-10-14 00:00:00,17,1
ORD_50921,CUST_7943,delivered,2018-05-06 00:00:00,2018-05-15 00:00:00,2018-05-20 00:00:00,9,0
ORD_50922,CUST_2029,delivered,2017-11-17 00:00:00,2017-11-28 00:00:00,2017-12-01 00:00:00,11,0
ORD_50923,CUST_6477,delivered,2018-03-07 00:00:00,2018-03-26 00:00:00,2018-03-21 00:00:00,19,1
ORD_50924,CUST_4878,delivered,2018-04-29 00:00:00,2018-05-06 00:00:00,2018-05-13 00:00:00,7,0
ORD_50925,CUST_3045,delivered,2017-02-13 00:00:00,2017-02-15 00:00:00,2017-02-27 00:00:00,2,0
ORD_50926,CUST_3089,delivered,2017-02-01 00:00:00,2017-02-16 00:00:00,2017-02-15 00:00:00,15,1
ORD_50927,CUST_5831,delivered,2018-03-12 00:00:00,2018-03-18 00:00:00,2018-03-26 00:00:00,6,0
ORD_50928,CUST_1173,delivered,2017-08-21 00:00:00,2017-09-02 00:00:00,2017-09-04 00:00:00,12,0
ORD_50929,CUST_1425,delivered,2017-08-21 00:00:00,2017-09-03 00:00:00,2017-09-04 00:00:00,13,0
ORD_50930,CUST_2106,delivered,2017-10-31 00:00:00,2017-11-05 00:00:00,2017-11-14 00:00:00,5,0
ORD_50931,CUST_6822,delivered,2017-08-04 00:00:00,2017-08-21 00:00:00,2017-08-18 00:00:00,17,1
ORD_50932,CUST_6106,delivered,2017-10-27 00:00:00,2017-11-03 00:00:00,2017-11-10 00:00:00,7,0
ORD_50933,CUST_3385,delivered,2017-03-17 00:00:00,2017-04-02 00:00:00,2017-03-31 00:00:00,16,1
ORD_50934,CUST_3369,delivered,2017-01-30 00:00:00,2017-02-10 00:00:00,2017-02-13 00:00:00,11,0
ORD_50935,CUST_4282,delivered,2017-11-24 00:00:00,2017-11-30 00:00:00,2017-12-08 00:00:00,6,0
ORD_50936,CUST_8657,delivered,2017-11-04 00:00:00,2017-11-13 00:00:00,2017-11-18 00:00:00,9,0
ORD_50937,CUST_6384,delivered,2017-03-25 00:00:00,2017-04-11 00:00:00,2017-04-08 00:00:00,17,1
ORD_50938,CUST_4772,delivered,2017-08-27 00:00:00,2017-09-08 00:00:00,2017-09-10 00:00:00,12,0
ORD_50939,CUST_7558,delivered,2017-04-05 00:00:00,2017-04-12 00:00:00,2017-04-19 00:00:00,7,0
ORD_50940,CUST_2887,delivered,2017-03-14 00:00:00,2017-03-18 00:00:00,2017-03-28 00:00:00,4,0
ORD_50941,CUST_4262,delivered,2017-04-12 00:00:00,2017-05-01 00:00:00,2017-04-26 00:00:00,19,1
ORD_50942,CUST_1352,delivered,2017-04-01 00:00:00,2017-04-04 00:00:00,2017-04-15 00:00:00,3,0
ORD_50943,CUST_2818,delivered,2017-06-23 00:00:00,2017-07-01 00:00:00,2017-07-07 00:00:00,8,0
ORD_50944,CUST_9633,delivered,2018-05-16 00:00:00,2018-05-29 00:00:00,2018-05-30 00:00:00,13,0
ORD_50945,CUST_4140,delivered,2017-09-30 00:00:00,2017-10-06 00:00:00,2017-10-14 00:00:00,6,0
ORD_50946,CUST_1756,delivered,2018-01-26 00:00:00,2018-02-05 00:00:00,2018-02-09 00:00:00,10,0
ORD_50947,CUST_5588,delivered,2018-03-23 00:00:00,2018-04-09 00:00:00,2018-04-06 00:00:00,17,1
ORD_50948,CUST_2062,delivered,2017-03-27 00:00:00,2017-04-07 00:00:00,2017-04-10 00:00:00,11,0
ORD_50949,CUST_8606,delivered,2017-04-02 00:00:00,2017-04-14 00:00:00,2017-04-16 00:00:00,12,0
ORD_50950,CUST_8762,delivered,2017-05-18 00:00:00,2017-05-28 00:00:00,2017-06-01 00:00:00,10,0
ORD_50951,CUST_4596,delivered,2018-04-04 00:00:00,2018-04-15 00:00:00,2018-04-18 00:00:00,11,0
ORD_50952,CUST_7963,delivered,2018-04-01 00:00:00,2018-04-07 00:00:00,2018-04-15 00:00:00,6,0
ORD_50953,CUST_2376,delivered,2017-06-01 00:00:00,2017-06-16 00:00:00,2017-06-15 00:00:00,15,1
ORD_50954,CUST_8660,delivered,2017-08-10 00:00:00,2017-08-19 00:00:00,2017-08-24 00:00:00,9,0
ORD_50955,CUST_3942,delivered,2017-08-15 00:00:00,2017-09-02 00:00:00,2017-08-29 00:00:00,18,1
ORD_50956,CUST_2612,delivered,2017-03-02 00:00:00,2017-03-12 00:00:00,2017-03-16 00:00:00,10,0
ORD_50957,CUST_6394,delivered,2017-05-09 00:00:00,2017-05-21 00:00:00,2017-05-23 00:00:00,12,0
ORD_50958,CUST_3258,delivered,2018-03-14 00:00:00,2018-03-27 00:00:00,2018-03-28 00:00:00,13,0
ORD_50959,CUST_1194,delivered,2017-08-30 00:00:00,2017-09-14 00:00:00,2017-09-13 00:00:00,15,1
ORD_50960,CUST_8679,delivered,2018-01-05 00:00:00,2018-01-17 00:00:00,2018-01-19 00:00:00,12,0
ORD_50961,CUST_7843,delivered,2017-04-18 00:00:00,2017-04-21 00:00:00,2017-05-02 00:00:00,3,0
ORD_50962,CUST_3102,delivered,2017-06-06 00:00:00,2017-06-11 00:00:00,2017-06-20 00:00:00,5,0
ORD_50963,CUST_7974,delivered,2017-12-18 00:00:00,2017-12-30 00:00:00,2018-01-01 00:00:00,12,0
ORD_50964,CUST_1380,delivered,2017-10-18 00:00:00,2017-10-29 00:00:00,2017-11-01 00:00:00,11,0
ORD_50965,CUST_7404,delivered,2017-07-15 00:00:00,2017-07-26 00:00:00,2017-07-29 00:00:00,11,0
ORD_50966,CUST_2779,delivered,2017-06-18 00:00:00,2017-06-24 00:00:00,2017-07-02 00:00:00,6,0
ORD_50967,CUST_3910,delivered,2017-01-17 00:00:00,2017-01-26 00:00:00,2017-01-31 00:00:00,9,0
ORD_50968,CUST_4373,delivered,2017-04-30 00:00:00,2017-05-12 00:00:00,2017-05-14 00:00:00,12,0
ORD_50969,CUST_1180,delivered,2017-03-29 00:00:00,2017-04-09 00:00:00,2017-04-12 00:00:00,11,0
ORD_50970,CUST_3115,delivered,2017-10-02 00:00:00,2017-10-09 00:00:00,2017-10-16 00:00:00,7,0
ORD_50971,CUST_6075,delivered,2017-08-10 00:00:00,2017-08-17 00:00:00,2017-08-24 00:00:00,7,0
ORD_50972,CUST_8519,delivered,2017-05-22 00:00:00,2017-05-29 00:00:00,2017-06-05 00:00:00,7,0
ORD_50973,CUST_5044,delivered,2017-09-27 00:00:00,2017-10-11 00:00:00,2017-10-11 00:00:00,14,0
ORD_50974,CUST_1640,delivered,2018-01-13 00:00:00,2018-01-15 00:00:00,2018-01-27 00:00:00,2,0
ORD_50975,CUST_5873,delivered,2017-07-20 00:00:00,2017-08-04 00:00:00,2017-08-03 00:00:00,15,1
ORD_50976,CUST_2565,delivered,2017-07-21 00:00:00,2017-07-27 00:00:00,2017-08-04 00:00:00,6,0
ORD_50977,CUST_2093,delivered,2017-12-24 00:00:00,2017-12-30 00:00:00,2018-01-07 00:00:00,6,0
ORD_50978,CUST_2723,delivered,2017-09-16 00:00:00,2017-10-03 00:00:00,2017-09-30 00:00:00,17,1
ORD_50979,CUST_8567,delivered,2017-07-15 00:00:00,2017-08-03 00:00:00,2017-07-29 00:00:00,19,1
ORD_50980,CUST_6359,delivered,2017-12-10 00:00:00,2017-12-29 00:00:00,2017-12-24 00:00:00,19,1
ORD_50981,CUST_5573,delivered,2018-03-07 00:00:00,2018-03-22 00:00:00,2018-03-21 00:00:00,15,1
ORD_50982,CUST_7403,delivered,2017-03-28 00:00:00,2017-04-11 00:00:00,2017-04-11 00:00:00,14,0
ORD_50983,CUST_6866,delivered,2017-04-02 00:00:00,2017-04-15 00:00:00,2017-04-16 00:00:00,13,0
ORD_50984,CUST_1782,delivered,2018-03-05 00:00:00,2018-03-10 00:00:00,2018-03-19 00:00:00,5,0
ORD_50985,CUST_1797,delivered,2018-01-31 00:00:00,2018-02-08 00:00:00,2018-02-14 00:00:00,8,0
ORD_50986,CUST_1262,delivered,2017-08-04 00:00:00,2017-08-16 00:00:00,2017-08-18 00:00:00,12,0
ORD_50987,CUST_4613,delivered,2018-05-06 00:00:00,2018-05-15 00:00:00,2018-05-20 00:00:00,9,0
ORD_50988,CUST_7810,delivered,2017-09-20 00:00:00,2017-09-23 00:00:00,2017-10-04 00:00:00,3,0
ORD_50989,CUST_4393,delivered,2018-04-24 00:00:00,2018-04-29 00:00:00,2018-05-08 00:00:00,5,0
ORD_50990,CUST_6298,delivered,2017-03-30 00:00:00,2017-04-08 00:00:00,2017-04-13 00:00:00,9,0
ORD_50991,CUST_4606,delivered,2017-02-03 00:00:00,2017-02-20 00:00:00,2017-02-17 00:00:00,17,1
ORD_50992,CUST_9185,delivered,2017-02-22 00:00:00,2017-02-26 00:00:00,2017-03-08 00:00:00,4,0
ORD_50993,CUST_7366,delivered,2017-12-14 00:00:00,2017-12-29 00:00:00,2017-12-28 00:00:00,15,1
ORD_50994,CUST_2106,delivered,2017-06-21 00:00:00,2017-06-29 00:00:00,2017-07-05 00:00:00,8,0
ORD_50995,CUST_4808,delivered,2017-09-15 00:00:00,2017-09-22 00:00:00,2017-09-29 00:00:00,7,0
ORD_50996,CUST_8020,delivered,2018-01-23 00:00:00,2018-02-10 00:00:00,2018-02-06 00:00:00,18,1
ORD_50997,CUST_4348,delivered,2017-11-25 00:00:00,2017-12-12 00:00:00,2017-12-09 00:00:00,17,1
ORD_50998,CUST_6202,delivered,2017-11-26 00:00:00,2017-12-03 00:00:00,2017-12-10 00:00:00,7,0
ORD_50999,CUST_4752,delivered,2018-03-10 00:00:00,2018-03-20 00:00:00,2018-03-24 00:00:00,10,0
ORD_51000,CUST_4644,delivered,2017-11-08 00:00:00,2017-11-19 00:00:00,2017-11-22 00:00:00,11,0
ORD_51001,CUST_9055,delivered,2017-02-05 00:00:00,2017-02-12 00:00:00,2017-02-19 00:00:00,7,0
ORD_51002,CUST_9992,delivered,2018-03-02 00:00:00,2018-03-14 00:00:00,2018-03-16 00:00:00,12,0
ORD_51003,CUST_3689,delivered,2018-01-05 00:00:00,2018-01-08 00:00:00,2018-01-19 00:00:00,3,0
ORD_51004,CUST_8344,delivered,2018-05-11 00:00:00,2018-05-20 00:00:00,2018-05-25 00:00:00,9,0
ORD_51005,CUST_7188,delivered,2017-03-27 00:00:00,2017-04-13 00:00:00,2017-04-10 00:00:00,17,1
ORD_51006,CUST_7249,delivered,2017-08-07 00:00:00,2017-08-14 00:00:00,2017-08-21 00:00:00,7,0
ORD_51007,CUST_3878,delivered,2017-05-12 00:00:00,2017-05-23 00:00:00,2017-05-26 00:00:00,11,0
ORD_51008,CUST_8878,delivered,2017-02-06 00:00:00,2017-02-17 00:00:00,2017-02-20 00:00:00,11,0
ORD_51009,CUST_1210,delivered,2018-03-18 00:00:00,2018-04-02 00:00:00,2018-04-01 00:00:00,15,1
ORD_51010,CUST_2167,delivered,2017-07-29 00:00:00,2017-08-06 00:00:00,2017-08-12 00:00:00,8,0
ORD_51011,CUST_8148,delivered,2018-05-06 00:00:00,2018-05-11 00:00:00,2018-05-20 00:00:00,5,0
ORD_51012,CUST_9005,delivered,2017-11-22 00:00:00,2017-11-30 00:00:00,2017-12-06 00:00:00,8,0
ORD_51013,CUST_4970,delivered,2017-09-02 00:00:00,2017-09-16 00:00:00,2017-09-16 00:00:00,14,0
ORD_51014,CUST_1462,delivered,2017-12-24 00:00:00,2018-01-09 00:00:00,2018-01-07 00:00:00,16,1
ORD_51015,CUST_2512,delivered,2017-11-26 00:00:00,2017-12-04 00:00:00,2017-12-10 00:00:00,8,0
ORD_51016,CUST_3716,delivered,2018-03-01 00:00:00,2018-03-06 00:00:00,2018-03-15 00:00:00,5,0
ORD_51017,CUST_6045,delivered,2018-01-11 00:00:00,2018-01-24 00:00:00,2018-01-25 00:00:00,13,0
ORD_51018,CUST_6642,delivered,2018-02-21 00:00:00,2018-03-01 00:00:00,2018-03-07 00:00:00,8,0
ORD_51019,CUST_1105,delivered,2017-03-28 00:00:00,2017-04-09 00:00:00,2017-04-11 00:00:00,12,0
ORD_51020,CUST_5724,delivered,2018-01-11 00:00:00,2018-01-17 00:00:00,2018-01-25 00:00:00,6,0
ORD_51021,CUST_8970,delivered,2017-04-04 00:00:00,2017-04-07 00:00:00,2017-04-18 00:00:00,3,0
ORD_51022,CUST_3993,delivered,2018-02-19 00:00:00,2018-02-21 00:00:00,2018-03-05 00:00:00,2,0
ORD_51023,CUST_3721,delivered,2017-02-10 00:00:00,2017-02-19 00:00:00,2017-02-24 00:00:00,9,0
ORD_51024,CUST_4846,delivered,2017-09-02 00:00:00,2017-09-17 00:00:00,2017-09-16 00:00:00,15,1
ORD_51025,CUST_1685,delivered,2017-02-19 00:00:00,2017-02-24 00:00:00,2017-03-05 00:00:00,5,0
ORD_51026,CUST_5355,delivered,2018-04-23 00:00:00,2018-05-03 00:00:00,2018-05-07 00:00:00,10,0
ORD_51027,CUST_6620,delivered,2017-06-11 00:00:00,2017-06-15 00:00:00,2017-06-25 00:00:00,4,0
ORD_51028,CUST_6833,delivered,2018-03-24 00:00:00,2018-04-04 00:00:00,2018-04-07 00:00:00,11,0
ORD_51029,CUST_3275,delivered,2017-01-14 00:00:00,2017-01-24 00:00:00,2017-01-28 00:00:00,10,0
ORD_51030,CUST_8785,delivered,2017-09-21 00:00:00,2017-09-26 00:00:00,2017-10-05 00:00:00,5,0
ORD_51031,CUST_6901,delivered,2018-03-24 00:00:00,2018-03-28 00:00:00,2018-04-07 00:00:00,4,0
ORD_51032,CUST_8938,delivered,2017-07-24 00:00:00,2017-08-04 00:00:00,2017-08-07 00:00:00,11,0
ORD_51033,CUST_7305,delivered,2017-05-31 00:00:00,2017-06-02 00:00:00,2017-06-14 00:00:00,2,0
ORD_51034,CUST_1520,delivered,2017-03-07 00:00:00,2017-03-19 00:00:00,2017-03-21 00:00:00,12,0
ORD_51035,CUST_8311,delivered,2018-05-04 00:00:00,2018-05-13 00:00:00,2018-05-18 00:00:00,9,0
ORD_51036,CUST_3792,delivered,2018-01-21 00:00:00,2018-01-29 00:00:00,2018-02-04 00:00:00,8,0
ORD_51037,CUST_5593,delivered,2017-04-23 00:00:00,2017-04-29 00:00:00,2017-05-07 00:00:00,6,0
ORD_51038,CUST_9757,delivered,2017-11-21 00:00:00,2017-11-28 00:00:00,2017-12-05 00:00:00,7,0
ORD_51039,CUST_2059,delivered,2017-11-26 00:00:00,2017-12-06 00:00:00,2017-12-10 00:00:00,10,0
ORD_51040,CUST_8159,delivered,2018-02-18 00:00:00,2018-03-01 00:00:00,2018-03-04 00:00:00,11,0
ORD_51041,CUST_6574,delivered,2018-01-15 00:00:00,2018-01-23 00:00:00,2018-01-29 00:00:00,8,0
ORD_51042,CUST_7229,delivered,2017-10-23 00:00:00,2017-11-05 00:00:00,2017-11-06 00:00:00,13,0
ORD_51043,CUST_6237,delivered,2018-01-30 00:00:00,2018-02-07 00:00:00,2018-02-13 00:00:00,8,0
ORD_51044,CUST_4639,delivered,2017-02-24 00:00:00,2017-03-06 00:00:00,2017-03-10 00:00:00,10,0
ORD_51045,CUST_4586,delivered,2017-09-13 00:00:00,2017-09-20 00:00:00,2017-09-27 00:00:00,7,0
ORD_51046,CUST_1562,delivered,2017-11-03 00:00:00,2017-11-13 00:00:00,2017-11-17 00:00:00,10,0
ORD_51047,CUST_8836,delivered,2017-11-20 00:00:00,2017-12-04 00:00:00,2017-12-04 00:00:00,14,0
ORD_51048,CUST_3501,delivered,2018-02-28 00:00:00,2018-03-18 00:00:00,2018-03-14 00:00:00,18,1
ORD_51049,CUST_7419,delivered,2017-06-03 00:00:00,2017-06-17 00:00:00,2017-06-17 00:00:00,14,0
ORD_51050,CUST_8756,delivered,2017-06-28 00:00:00,2017-07-13 00:00:00,2017-07-12 00:00:00,15,1
ORD_51051,CUST_7451,delivered,2017-02-19 00:00:00,2017-02-28 00:00:00,2017-03-05 00:00:00,9,0
ORD_51052,CUST_3681,delivered,2017-10-23 00:00:00,2017-11-03 00:00:00,2017-11-06 00:00:00,11,0
ORD_51053,CUST_4573,delivered,2018-02-16 00:00:00,2018-02-22 00:00:00,2018-03-02 00:00:00,6,0
ORD_51054,CUST_2386,delivered,2017-03-05 00:00:00,2017-03-11 00:00:00,2017-03-19 00:00:00,6,0
ORD_51055,CUST_5068,delivered,2017-06-03 00:00:00,2017-06-06 00:00:00,2017-06-17 00:00:00,3,0
ORD_51056,CUST_3291,delivered,2017-10-23 00:00:00,2017-11-10 00:00:00,2017-11-06 00:00:00,18,1
ORD_51057,CUST_1732,delivered,2017-05-02 00:00:00,2017-05-04 00:00:00,2017-05-16 00:00:00,2,0
ORD_51058,CUST_4539,delivered,2017-10-30 00:00:00,2017-11-14 00:00:00,2017-11-13 00:00:00,15,1
ORD_51059,CUST_3675,delivered,2017-07-24 00:00:00,2017-07-31 00:00:00,2017-08-07 00:00:00,7,0
ORD_51060,CUST_9780,delivered,2017-04-15 00:00:00,2017-04-17 00:00:00,2017-04-29 00:00:00,2,0
ORD_51061,CUST_7097,delivered,2017-10-16 00:00:00,2017-10-23 00:00:00,2017-10-30 00:00:00,7,0
ORD_51062,CUST_6183,delivered,2018-02-08 00:00:00,2018-02-22 00:00:00,2018-02-22 00:00:00,14,0
ORD_51063,CUST_9707,delivered,2017-02-26 00:00:00,2017-03-09 00:00:00,2017-03-12 00:00:00,11,0
ORD_51064,CUST_6464,delivered,2018-02-03 00:00:00,2018-02-12 00:00:00,2018-02-17 00:00:00,9,0
ORD_51065,CUST_4640,delivered,2017-07-13 00:00:00,2017-07-22 00:00:00,2017-07-27 00:00:00,9,0
ORD_51066,CUST_9021,delivered,2017-02-18 00:00:00,2017-02-27 00:00:00,2017-03-04 00:00:00,9,0
ORD_51067,CUST_2623,delivered,2018-04-05 00:00:00,2018-04-08 00:00:00,2018-04-19 00:00:00,3,0
ORD_51068,CUST_9711,delivered,2017-10-10 00:00:00,2017-10-24 00:00:00,2017-10-24 00:00:00,14,0
ORD_51069,CUST_1155,delivered,2017-12-18 00:00:00,2017-12-20 00:00:00,2018-01-01 00:00:00,2,0
ORD_51070,CUST_5380,delivered,2017-01-28 00:00:00,2017-02-11 00:00:00,2017-02-11 00:00:00,14,0
ORD_51071,CUST_7852,delivered,2017-12-28 00:00:00,2017-12-31 00:00:00,2018-01-11 00:00:00,3,0
ORD_51072,CUST_8008,delivered,2017-09-24 00:00:00,2017-10-06 00:00:00,2017-10-08 00:00:00,12,0
ORD_51073,CUST_7660,delivered,2018-01-30 00:00:00,2018-02-06 00:00:00,2018-02-13 00:00:00,7,0
ORD_51074,CUST_2534,delivered,2017-03-26 00:00:00,2017-04-01 00:00:00,2017-04-09 00:00:00,6,0
ORD_51075,CUST_1175,delivered,2018-05-08 00:00:00,2018-05-24 00:00:00,2018-05-22 00:00:00,16,1
ORD_51076,CUST_4115,delivered,2018-04-12 00:00:00,2018-04-18 00:00:00,2018-04-26 00:00:00,6,0
ORD_51077,CUST_5001,delivered,2018-01-14 00:00:00,2018-01-29 00:00:00,2018-01-28 00:00:00,15,1
ORD_51078,CUST_9577,delivered,2018-04-08 00:00:00,2018-04-21 00:00:00,2018-04-22 00:00:00,13,0
ORD_51079,CUST_7925,delivered,2017-09-11 00:00:00,2017-09-21 00:00:00,2017-09-25 00:00:00,10,0
ORD_51080,CUST_2931,delivered,2017-05-29 00:00:00,2017-06-01 00:00:00,2017-06-12 00:00:00,3,0
ORD_51081,CUST_7449,delivered,2017-04-22 00:00:00,2017-04-24 00:00:00,2017-05-06 00:00:00,2,0
ORD_51082,CUST_8999,delivered,2017-01-30 00:00:00,2017-02-04 00:00:00,2017-02-13 00:00:00,5,0
ORD_51083,CUST_1084,delivered,2017-06-29 00:00:00,2017-07-08 00:00:00,2017-07-13 00:00:00,9,0
ORD_51084,CUST_4236,delivered,2017-02-13 00:00:00,2017-02-24 00:00:00,2017-02-27 00:00:00,11,0
ORD_51085,CUST_3549,delivered,2018-01-29 00:00:00,2018-02-10 00:00:00,2018-02-12 00:00:00,12,0
ORD_51086,CUST_6971,delivered,2017-08-08 00:00:00,2017-08-16 00:00:00,2017-08-22 00:00:00,8,0
ORD_51087,CUST_3651,delivered,2017-03-13 00:00:00,2017-03-16 00:00:00,2017-03-27 00:00:00,3,0
ORD_51088,CUST_4105,delivered,2017-05-26 00:00:00,2017-06-05 00:00:00,2017-06-09 00:00:00,10,0
ORD_51089,CUST_4260,delivered,2018-05-01 00:00:00,2018-05-10 00:00:00,2018-05-15 00:00:00,9,0
ORD_51090,CUST_9119,delivered,2018-02-14 00:00:00,2018-02-25 00:00:00,2018-02-28 00:00:00,11,0
ORD_51091,CUST_7370,delivered,2017-03-09 00:00:00,2017-03-19 00:00:00,2017-03-23 00:00:00,10,0
ORD_51092,CUST_1223,delivered,2018-01-28 00:00:00,2018-02-08 00:00:00,2018-02-11 00:00:00,11,0
ORD_51093,CUST_1131,delivered,2017-08-11 00:00:00,2017-08-18 00:00:00,2017-08-25 00:00:00,7,0
ORD_51094,CUST_3498,delivered,2018-01-09 00:00:00,2018-01-22 00:00:00,2018-01-23 00:00:00,13,0
ORD_51095,CUST_8031,delivered,2017-04-12 00:00:00,2017-04-14 00:00:00,2017-04-26 00:00:00,2,0
ORD_51096,CUST_3968,delivered,2017-04-07 00:00:00,2017-04-12 00:00:00,2017-04-21 00:00:00,5,0
ORD_51097,CUST_1628,delivered,2017-05-21 00:00:00,2017-05-30 00:00:00,2017-06-04 00:00:00,9,0
ORD_51098,CUST_1834,delivered,2017-07-14 00:00:00,2017-07-25 00:00:00,2017-07-28 00:00:00,11,0
ORD_51099,CUST_7980,delivered,2017-09-03 00:00:00,2017-09-13 00:00:00,2017-09-17 00:00:00,10,0
ORD_51100,CUST_6956,delivered,2017-05-24 00:00:00,2017-06-04 00:00:00,2017-06-07 00:00:00,11,0
ORD_51101,CUST_1008,delivered,2017-01-27 00:00:00,2017-01-30 00:00:00,2017-02-10 00:00:00,3,0
ORD_51102,CUST_2650,delivered,2017-08-09 00:00:00,2017-08-14 00:00:00,2017-08-23 00:00:00,5,0
ORD_51103,CUST_2587,delivered,2017-12-09 00:00:00,2017-12-19 00:00:00,2017-12-23 00:00:00,10,0
ORD_51104,CUST_6920,delivered,2018-01-16 00:00:00,2018-01-23 00:00:00,2018-01-30 00:00:00,7,0
ORD_51105,CUST_4441,delivered,2017-10-27 00:00:00,2017-11-04 00:00:00,2017-11-10 00:00:00,8,0
ORD_51106,CUST_2971,delivered,2017-01-22 00:00:00,2017-02-03 00:00:00,2017-02-05 00:00:00,12,0
ORD_51107,CUST_8303,delivered,2018-04-19 00:00:00,2018-04-21 00:00:00,2018-05-03 00:00:00,2,0
ORD_51108,CUST_8769,delivered,2018-01-25 00:00:00,2018-02-06 00:00:00,2018-02-08 00:00:00,12,0
ORD_51109,CUST_5137,delivered,2018-04-02 00:00:00,2018-04-09 00:00:00,2018-04-16 00:00:00,7,0
ORD_51110,CUST_2923,delivered,2018-04-12 00:00:00,2018-04-20 00:00:00,2018-04-26 00:00:00,8,0
ORD_51111,CUST_5491,delivered,2017-12-23 00:00:00,2017-12-26 00:00:00,2018-01-06 00:00:00,3,0
ORD_51112,CUST_7512,delivered,2017-09-11 00:00:00,2017-09-24 00:00:00,2017-09-25 00:00:00,13,0
ORD_51113,CUST_7293,delivered,2017-10-15 00:00:00,2017-10-24 00:00:00,2017-10-29 00:00:00,9,0
ORD_51114,CUST_3621,delivered,2017-10-20 00:00:00,2017-10-22 00:00:00,2017-11-03 00:00:00,2,0
ORD_51115,CUST_9602,delivered,2017-05-13 00:00:00,2017-05-17 00:00:00,2017-05-27 00:00:00,4,0
ORD_51116,CUST_4668,delivered,2017-01-24 00:00:00,2017-02-03 00:00:00,2017-02-07 00:00:00,10,0
ORD_51117,CUST_5430,delivered,2018-03-24 00:00:00,2018-03-31 00:00:00,2018-04-07 00:00:00,7,0
ORD_51118,CUST_6692,delivered,2017-11-20 00:00:00,2017-12-06 00:00:00,2017-12-04 00:00:00,16,1
ORD_51119,CUST_3189,delivered,2017-07-29 00:00:00,2017-08-14 00:00:00,2017-08-12 00:00:00,16,1
ORD_51120,CUST_5582,delivered,2017-04-01 00:00:00,2017-04-09 00:00:00,2017-04-15 00:00:00,8,0
ORD_51121,CUST_7258,delivered,2018-04-30 00:00:00,2018-05-06 00:00:00,2018-05-14 00:00:00,6,0
ORD_51122,CUST_4377,delivered,2018-02-23 00:00:00,2018-03-14 00:00:00,2018-03-09 00:00:00,19,1
ORD_51123,CUST_4796,delivered,2018-01-09 00:00:00,2018-01-16 00:00:00,2018-01-23 00:00:00,7,0
ORD_51124,CUST_8526,delivered,2017-04-05 00:00:00,2017-04-15 00:00:00,2017-04-19 00:00:00,10,0
ORD_51125,CUST_1344,delivered,2017-06-08 00:00:00,2017-06-24 00:00:00,2017-06-22 00:00:00,16,1
ORD_51126,CUST_5018,delivered,2017-08-21 00:00:00,2017-08-26 00:00:00,2017-09-04 00:00:00,5,0
ORD_51127,CUST_1193,delivered,2017-11-05 00:00:00,2017-11-09 00:00:00,2017-11-19 00:00:00,4,0
ORD_51128,CUST_1716,delivered,2017-03-09 00:00:00,2017-03-14 00:00:00,2017-03-23 00:00:00,5,0
ORD_51129,CUST_1153,delivered,2018-05-06 00:00:00,2018-05-12 00:00:00,2018-05-20 00:00:00,6,0
ORD_51130,CUST_8871,delivered,2018-01-24 00:00:00,2018-01-26 00:00:00,2018-02-07 00:00:00,2,0
ORD_51131,CUST_4994,delivered,2017-01-29 00:00:00,2017-01-31 00:00:00,2017-02-12 00:00:00,2,0
ORD_51132,CUST_2684,delivered,2017-10-06 00:00:00,2017-10-14 00:00:00,2017-10-20 00:00:00,8,0
ORD_51133,CUST_1393,delivered,2017-04-27 00:00:00,2017-05-03 00:00:00,2017-05-11 00:00:00,6,0
ORD_51134,CUST_7303,delivered,2017-12-18 00:00:00,2017-12-27 00:00:00,2018-01-01 00:00:00,9,0
ORD_51135,CUST_2666,delivered,2018-05-05 00:00:00,2018-05-07 00:00:00,2018-05-19 00:00:00,2,0
ORD_51136,CUST_1710,delivered,2017-11-06 00:00:00,2017-11-13 00:00:00,2017-11-20 00:00:00,7,0
ORD_51137,CUST_7967,delivered,2017-03-18 00:00:00,2017-03-27 00:00:00,2017-04-01 00:00:00,9,0
ORD_51138,CUST_9179,delivered,2017-12-05 00:00:00,2017-12-11 00:00:00,2017-12-19 00:00:00,6,0
ORD_51139,CUST_3401,delivered,2017-06-13 00:00:00,2017-06-26 00:00:00,2017-06-27 00:00:00,13,0
ORD_51140,CUST_8003,delivered,2018-05-07 00:00:00,2018-05-24 00:00:00,2018-05-21 00:00:00,17,1
ORD_51141,CUST_9097,delivered,2017-08-06 00:00:00,2017-08-13 00:00:00,2017-08-20 00:00:00,7,0
ORD_51142,CUST_5028,delivered,2017-07-16 00:00:00,2017-07-18 00:00:00,2017-07-30 00:00:00,2,0
ORD_51143,CUST_2369,delivered,2017-10-25 00:00:00,2017-10-27 00:00:00,2017-11-08 00:00:00,2,0
ORD_51144,CUST_2429,delivered,2017-05-01 00:00:00,2017-05-11 00:00:00,2017-05-15 00:00:00,10,0
ORD_51145,CUST_3188,delivered,2018-04-17 00:00:00,2018-04-29 00:00:00,2018-05-01 00:00:00,12,0
ORD_51146,CUST_3361,delivered,2018-03-04 00:00:00,2018-03-12 00:00:00,2018-03-18 00:00:00,8,0
ORD_51147,CUST_3257,delivered,2017-03-02 00:00:00,2017-03-14 00:00:00,2017-03-16 00:00:00,12,0
ORD_51148,CUST_7089,delivered,2017-01-28 00:00:00,2017-01-31 00:00:00,2017-02-11 00:00:00,3,0
ORD_51149,CUST_3406,delivered,2017-07-07 00:00:00,2017-07-11 00:00:00,2017-07-21 00:00:00,4,0
ORD_51150,CUST_3988,delivered,2017-08-29 00:00:00,2017-09-01 00:00:00,2017-09-12 00:00:00,3,0
ORD_51151,CUST_6526,delivered,2017-08-16 00:00:00,2017-08-24 00:00:00,2017-08-30 00:00:00,8,0
ORD_51152,CUST_1526,delivered,2017-11-06 00:00:00,2017-11-10 00:00:00,2017-11-20 00:00:00,4,0
ORD_51153,CUST_8443,delivered,2017-10-11 00:00:00,2017-10-21 00:00:00,2017-10-25 00:00:00,10,0
ORD_51154,CUST_4724,delivered,2017-08-05 00:00:00,2017-08-20 00:00:00,2017-08-19 00:00:00,15,1
ORD_51155,CUST_4471,delivered,2017-07-25 00:00:00,2017-08-02 00:00:00,2017-08-08 00:00:00,8,0
ORD_51156,CUST_2264,delivered,2018-02-23 00:00:00,2018-03-04 00:00:00,2018-03-09 00:00:00,9,0
ORD_51157,CUST_3700,delivered,2017-01-28 00:00:00,2017-02-06 00:00:00,2017-02-11 00:00:00,9,0
ORD_51158,CUST_6942,delivered,2017-11-05 00:00:00,2017-11-15 00:00:00,2017-11-19 00:00:00,10,0
ORD_51159,CUST_9873,delivered,2017-02-24 00:00:00,2017-03-04 00:00:00,2017-03-10 00:00:00,8,0
ORD_51160,CUST_1530,delivered,2017-05-04 00:00:00,2017-05-11 00:00:00,2017-05-18 00:00:00,7,0
ORD_51161,CUST_1748,delivered,2017-01-25 00:00:00,2017-01-27 00:00:00,2017-02-08 00:00:00,2,0
ORD_51162,CUST_9195,delivered,2017-04-10 00:00:00,2017-04-18 00:00:00,2017-04-24 00:00:00,8,0
ORD_51163,CUST_2595,delivered,2017-06-19 00:00:00,2017-06-22 00:00:00,2017-07-03 00:00:00,3,0
ORD_51164,CUST_7260,delivered,2017-09-02 00:00:00,2017-09-05 00:00:00,2017-09-16 00:00:00,3,0
ORD_51165,CUST_8587,delivered,2017-02-10 00:00:00,2017-02-20 00:00:00,2017-02-24 00:00:00,10,0
ORD_51166,CUST_3307,delivered,2018-01-29 00:00:00,2018-02-15 00:00:00,2018-02-12 00:00:00,17,1
ORD_51167,CUST_6554,delivered,2017-05-29 00:00:00,2017-05-31 00:00:00,2017-06-12 00:00:00,2,0
ORD_51168,CUST_4917,delivered,2017-04-17 00:00:00,2017-04-30 00:00:00,2017-05-01 00:00:00,13,0
ORD_51169,CUST_1244,delivered,2017-03-15 00:00:00,2017-03-30 00:00:00,2017-03-29 00:00:00,15,1
ORD_51170,CUST_3645,delivered,2017-02-04 00:00:00,2017-02-10 00:00:00,2017-02-18 00:00:00,6,0
ORD_51171,CUST_8548,delivered,2017-05-13 00:00:00,2017-05-22 00:00:00,2017-05-27 00:00:00,9,0
ORD_51172,CUST_8999,delivered,2017-01-21 00:00:00,2017-02-02 00:00:00,2017-02-04 00:00:00,12,0
ORD_51173,CUST_8222,delivered,2017-07-07 00:00:00,2017-07-09 00:00:00,2017-07-21 00:00:00,2,0
ORD_51174,CUST_9289,delivered,2017-08-19 00:00:00,2017-08-21 00:00:00,2017-09-02 00:00:00,2,0
ORD_51175,CUST_5011,delivered,2017-12-25 00:00:00,2018-01-07 00:00:00,2018-01-08 00:00:00,13,0
ORD_51176,CUST_7541,delivered,2018-03-14 00:00:00,2018-03-20 00:00:00,2018-03-28 00:00:00,6,0
ORD_51177,CUST_8632,delivered,2017-08-28 00:00:00,2017-09-04 00:00:00,2017-09-11 00:00:00,7,0
ORD_51178,CUST_2775,delivered,2018-04-15 00:00:00,2018-04-27 00:00:00,2018-04-29 00:00:00,12,0
ORD_51179,CUST_6610,delivered,2017-11-06 00:00:00,2017-11-21 00:00:00,2017-11-20 00:00:00,15,1
ORD_51180,CUST_3384,delivered,2017-11-24 00:00:00,2017-11-29 00:00:00,2017-12-08 00:00:00,5,0
ORD_51181,CUST_8046,delivered,2017-08-31 00:00:00,2017-09-02 00:00:00,2017-09-14 00:00:00,2,0
ORD_51182,CUST_3885,delivered,2017-02-12 00:00:00,2017-02-25 00:00:00,2017-02-26 00:00:00,13,0
ORD_51183,CUST_7876,delivered,2017-09-26 00:00:00,2017-09-28 00:00:00,2017-10-10 00:00:00,2,0
ORD_51184,CUST_6603,delivered,2018-05-09 00:00:00,2018-05-17 00:00:00,2018-05-23 00:00:00,8,0
ORD_51185,CUST_9773,delivered,2017-12-19 00:00:00,2017-12-23 00:00:00,2018-01-02 00:00:00,4,0
ORD_51186,CUST_1162,delivered,2017-10-15 00:00:00,2017-10-20 00:00:00,2017-10-29 00:00:00,5,0
ORD_51187,CUST_6304,delivered,2017-12-07 00:00:00,2017-12-17 00:00:00,2017-12-21 00:00:00,10,0
ORD_51188,CUST_8514,delivered,2018-04-24 00:00:00,2018-04-30 00:00:00,2018-05-08 00:00:00,6,0
ORD_51189,CUST_9531,delivered,2018-01-05 00:00:00,2018-01-12 00:00:00,2018-01-19 00:00:00,7,0
ORD_51190,CUST_2596,delivered,2017-01-19 00:00:00,2017-01-25 00:00:00,2017-02-02 00:00:00,6,0
ORD_51191,CUST_7185,delivered,2017-04-21 00:00:00,2017-05-02 00:00:00,2017-05-05 00:00:00,11,0
ORD_51192,CUST_6960,delivered,2017-01-09 00:00:00,2017-01-20 00:00:00,2017-01-23 00:00:00,11,0
ORD_51193,CUST_8471,delivered,2017-07-31 00:00:00,2017-08-14 00:00:00,2017-08-14 00:00:00,14,0
ORD_51194,CUST_3880,delivered,2017-08-23 00:00:00,2017-08-30 00:00:00,2017-09-06 00:00:00,7,0
ORD_51195,CUST_7251,delivered,2017-05-26 00:00:00,2017-05-28 00:00:00,2017-06-09 00:00:00,2,0
ORD_51196,CUST_2625,delivered,2017-02-14 00:00:00,2017-02-16 00:00:00,2017-02-28 00:00:00,2,0
ORD_51197,CUST_9924,delivered,2017-02-21 00:00:00,2017-03-09 00:00:00,2017-03-07 00:00:00,16,1
ORD_51198,CUST_8448,delivered,2017-10-10 00:00:00,2017-10-29 00:00:00,2017-10-24 00:00:00,19,1
ORD_51199,CUST_7484,delivered,2017-01-04 00:00:00,2017-01-14 00:00:00,2017-01-18 00:00:00,10,0
ORD_51200,CUST_7794,delivered,2017-12-11 00:00:00,2017-12-16 00:00:00,2017-12-25 00:00:00,5,0
ORD_51201,CUST_7134,delivered,2018-03-07 00:00:00,2018-03-12 00:00:00,2018-03-21 00:00:00,5,0
ORD_51202,CUST_8045,delivered,2017-05-04 00:00:00,2017-05-09 00:00:00,2017-05-18 00:00:00,5,0
ORD_51203,CUST_8030,delivered,2017-03-07 00:00:00,2017-03-18 00:00:00,2017-03-21 00:00:00,11,0
ORD_51204,CUST_9475,delivered,2017-03-23 00:00:00,2017-04-01 00:00:00,2017-04-06 00:00:00,9,0
ORD_51205,CUST_7422,delivered,2018-03-08 00:00:00,2018-03-11 00:00:00,2018-03-22 00:00:00,3,0
ORD_51206,CUST_2527,delivered,2017-02-17 00:00:00,2017-02-23 00:00:00,2017-03-03 00:00:00,6,0
ORD_51207,CUST_9907,delivered,2018-04-17 00:00:00,2018-05-04 00:00:00,2018-05-01 00:00:00,17,1
ORD_51208,CUST_4927,delivered,2017-12-01 00:00:00,2017-12-03 00:00:00,2017-12-15 00:00:00,2,0
ORD_51209,CUST_1847,delivered,2017-05-21 00:00:00,2017-05-26 00:00:00,2017-06-04 00:00:00,5,0
ORD_51210,CUST_2817,delivered,2017-08-24 00:00:00,2017-09-14 00:00:00,2017-09-07 00:00:00,21,1
ORD_51211,CUST_2267,delivered,2017-09-11 00:00:00,2017-09-20 00:00:00,2017-09-25 00:00:00,9,0
ORD_51212,CUST_7778,delivered,2017-02-07 00:00:00,2017-02-20 00:00:00,2017-02-21 00:00:00,13,0
ORD_51213,CUST_6137,delivered,2017-11-21 00:00:00,2017-11-30 00:00:00,2017-12-05 00:00:00,9,0
ORD_51214,CUST_1515,delivered,2017-03-02 00:00:00,2017-03-11 00:00:00,2017-03-16 00:00:00,9,0
ORD_51215,CUST_3595,delivered,2017-09-25 00:00:00,2017-10-06 00:00:00,2017-10-09 00:00:00,11,0
ORD_51216,CUST_1377,delivered,2017-09-23 00:00:00,2017-10-03 00:00:00,2017-10-07 00:00:00,10,0
ORD_51217,CUST_6366,delivered,2017-03-12 00:00:00,2017-03-25 00:00:00,2017-03-26 00:00:00,13,0
ORD_51218,CUST_4264,delivered,2018-05-04 00:00:00,2018-05-06 00:00:00,2018-05-18 00:00:00,2,0
ORD_51219,CUST_9123,delivered,2017-08-12 00:00:00,2017-08-15 00:00:00,2017-08-26 00:00:00,3,0
ORD_51220,CUST_5605,delivered,2018-05-08 00:00:00,2018-05-13 00:00:00,2018-05-22 00:00:00,5,0
ORD_51221,CUST_8992,delivered,2017-08-10 00:00:00,2017-08-12 00:00:00,2017-08-24 00:00:00,2,0
ORD_51222,CUST_7275,delivered,2017-08-08 00:00:00,2017-08-21 00:00:00,2017-08-22 00:00:00,13,0
ORD_51223,CUST_1553,delivered,2018-05-06 00:00:00,2018-05-13 00:00:00,2018-05-20 00:00:00,7,0
ORD_51224,CUST_6771,delivered,2017-07-23 00:00:00,2017-08-02 00:00:00,2017-08-06 00:00:00,10,0
ORD_51225,CUST_2190,delivered,2017-04-21 00:00:00,2017-05-01 00:00:00,2017-05-05 00:00:00,10,0
ORD_51226,CUST_1178,delivered,2018-01-03 00:00:00,2018-01-10 00:00:00,2018-01-17 00:00:00,7,0
ORD_51227,CUST_7317,delivered,2017-05-26 00:00:00,2017-06-02 00:00:00,2017-06-09 00:00:00,7,0
ORD_51228,CUST_2225,delivered,2017-10-21 00:00:00,2017-11-01 00:00:00,2017-11-04 00:00:00,11,0
ORD_51229,CUST_4229,delivered,2017-01-26 00:00:00,2017-02-06 00:00:00,2017-02-09 00:00:00,11,0
ORD_51230,CUST_3803,delivered,2017-11-04 00:00:00,2017-11-12 00:00:00,2017-11-18 00:00:00,8,0
ORD_51231,CUST_1076,delivered,2018-04-12 00:00:00,2018-04-25 00:00:00,2018-04-26 00:00:00,13,0
ORD_51232,CUST_6527,delivered,2017-11-27 00:00:00,2017-12-01 00:00:00,2017-12-11 00:00:00,4,0
ORD_51233,CUST_6196,delivered,2018-01-21 00:00:00,2018-01-24 00:00:00,2018-02-04 00:00:00,3,0
ORD_51234,CUST_1771,delivered,2017-07-21 00:00:00,2017-07-26 00:00:00,2017-08-04 00:00:00,5,0
ORD_51235,CUST_2683,delivered,2017-01-15 00:00:00,2017-01-27 00:00:00,2017-01-29 00:00:00,12,0
ORD_51236,CUST_8138,delivered,2017-04-26 00:00:00,2017-05-07 00:00:00,2017-05-10 00:00:00,11,0
ORD_51237,CUST_1860,delivered,2017-05-13 00:00:00,2017-05-17 00:00:00,2017-05-27 00:00:00,4,0
ORD_51238,CUST_7218,delivered,2017-05-19 00:00:00,2017-05-31 00:00:00,2017-06-02 00:00:00,12,0
ORD_51239,CUST_6231,delivered,2018-03-18 00:00:00,2018-04-01 00:00:00,2018-04-01 00:00:00,14,0
ORD_51240,CUST_9548,delivered,2017-09-28 00:00:00,2017-10-07 00:00:00,2017-10-12 00:00:00,9,0
ORD_51241,CUST_8908,delivered,2017-04-26 00:00:00,2017-05-04 00:00:00,2017-05-10 00:00:00,8,0
ORD_51242,CUST_4971,delivered,2017-12-04 00:00:00,2017-12-11 00:00:00,2017-12-18 00:00:00,7,0
ORD_51243,CUST_1987,delivered,2017-04-19 00:00:00,2017-04-23 00:00:00,2017-05-03 00:00:00,4,0
ORD_51244,CUST_6577,delivered,2017-04-17 00:00:00,2017-04-21 00:00:00,2017-05-01 00:00:00,4,0
ORD_51245,CUST_3523,delivered,2018-03-11 00:00:00,2018-03-13 00:00:00,2018-03-25 00:00:00,2,0
ORD_51246,CUST_9412,delivered,2017-04-14 00:00:00,2017-04-22 00:00:00,2017-04-28 00:00:00,8,0
ORD_51247,CUST_6032,delivered,2018-05-03 00:00:00,2018-05-14 00:00:00,2018-05-17 00:00:00,11,0
ORD_51248,CUST_4941,delivered,2017-01-09 00:00:00,2017-01-11 00:00:00,2017-01-23 00:00:00,2,0
ORD_51249,CUST_6766,delivered,2017-05-16 00:00:00,2017-05-20 00:00:00,2017-05-30 00:00:00,4,0
ORD_51250,CUST_3467,delivered,2017-07-23 00:00:00,2017-08-04 00:00:00,2017-08-06 00:00:00,12,0
ORD_51251,CUST_2602,delivered,2017-01-26 00:00:00,2017-02-01 00:00:00,2017-02-09 00:00:00,6,0
ORD_51252,CUST_3894,delivered,2017-11-01 00:00:00,2017-11-12 00:00:00,2017-11-15 00:00:00,11,0
ORD_51253,CUST_1817,delivered,2017-11-27 00:00:00,2017-12-05 00:00:00,2017-12-11 00:00:00,8,0
ORD_51254,CUST_5361,delivered,2017-05-03 00:00:00,2017-05-18 00:00:00,2017-05-17 00:00:00,15,1
ORD_51255,CUST_2659,delivered,2017-04-23 00:00:00,2017-04-25 00:00:00,2017-05-07 00:00:00,2,0
ORD_51256,CUST_4335,delivered,2017-06-27 00:00:00,2017-07-06 00:00:00,2017-07-11 00:00:00,9,0
ORD_51257,CUST_4032,delivered,2017-09-15 00:00:00,2017-09-29 00:00:00,2017-09-29 00:00:00,14,0
ORD_51258,CUST_6162,delivered,2017-12-15 00:00:00,2017-12-20 00:00:00,2017-12-29 00:00:00,5,0
ORD_51259,CUST_8775,delivered,2017-08-08 00:00:00,2017-08-11 00:00:00,2017-08-22 00:00:00,3,0
ORD_51260,CUST_6769,delivered,2018-05-12 00:00:00,2018-05-22 00:00:00,2018-05-26 00:00:00,10,0
ORD_51261,CUST_1284,delivered,2017-10-18 00:00:00,2017-11-08 00:00:00,2017-11-01 00:00:00,21,1
ORD_51262,CUST_5990,delivered,2018-02-16 00:00:00,2018-02-26 00:00:00,2018-03-02 00:00:00,10,0
ORD_51263,CUST_8970,delivered,2017-05-10 00:00:00,2017-05-18 00:00:00,2017-05-24 00:00:00,8,0
ORD_51264,CUST_8935,delivered,2017-02-27 00:00:00,2017-03-03 00:00:00,2017-03-13 00:00:00,4,0
ORD_51265,CUST_4608,delivered,2017-12-04 00:00:00,2017-12-09 00:00:00,2017-12-18 00:00:00,5,0
ORD_51266,CUST_8056,delivered,2017-07-04 00:00:00,2017-07-08 00:00:00,2017-07-18 00:00:00,4,0
ORD_51267,CUST_9927,delivered,2018-04-06 00:00:00,2018-04-14 00:00:00,2018-04-20 00:00:00,8,0
ORD_51268,CUST_6426,delivered,2017-07-20 00:00:00,2017-07-26 00:00:00,2017-08-03 00:00:00,6,0
ORD_51269,CUST_9520,delivered,2017-12-26 00:00:00,2018-01-07 00:00:00,2018-01-09 00:00:00,12,0
ORD_51270,CUST_6685,delivered,2017-05-28 00:00:00,2017-06-01 00:00:00,2017-06-11 00:00:00,4,0
ORD_51271,CUST_3461,delivered,2017-09-25 00:00:00,2017-09-27 00:00:00,2017-10-09 00:00:00,2,0
ORD_51272,CUST_5722,delivered,2017-02-03 00:00:00,2017-02-08 00:00:00,2017-02-17 00:00:00,5,0
ORD_51273,CUST_1871,delivered,2017-09-08 00:00:00,2017-09-17 00:00:00,2017-09-22 00:00:00,9,0
ORD_51274,CUST_3256,delivered,2017-06-29 00:00:00,2017-07-11 00:00:00,2017-07-13 00:00:00,12,0
ORD_51275,CUST_5434,delivered,2017-03-15 00:00:00,2017-03-25 00:00:00,2017-03-29 00:00:00,10,0
ORD_51276,CUST_8752,delivered,2018-04-23 00:00:00,2018-05-02 00:00:00,2018-05-07 00:00:00,9,0
ORD_51277,CUST_2607,delivered,2018-04-03 00:00:00,2018-04-05 00:00:00,2018-04-17 00:00:00,2,0
ORD_51278,CUST_6283,delivered,2018-02-16 00:00:00,2018-03-03 00:00:00,2018-03-02 00:00:00,15,1
ORD_51279,CUST_2402,delivered,2017-06-02 00:00:00,2017-06-14 00:00:00,2017-06-16 00:00:00,12,0
ORD_51280,CUST_2573,delivered,2017-03-12 00:00:00,2017-03-26 00:00:00,2017-03-26 00:00:00,14,0
ORD_51281,CUST_8673,delivered,2017-07-01 00:00:00,2017-07-10 00:00:00,2017-07-15 00:00:00,9,0
ORD_51282,CUST_7896,delivered,2017-02-15 00:00:00,2017-02-21 00:00:00,2017-03-01 00:00:00,6,0
ORD_51283,CUST_3085,delivered,2017-11-14 00:00:00,2017-11-28 00:00:00,2017-11-28 00:00:00,14,0
ORD_51284,CUST_1097,delivered,2017-08-25 00:00:00,2017-08-30 00:00:00,2017-09-08 00:00:00,5,0
ORD_51285,CUST_2753,delivered,2017-06-20 00:00:00,2017-07-01 00:00:00,2017-07-04 00:00:00,11,0
ORD_51286,CUST_6428,delivered,2018-03-19 00:00:00,2018-03-21 00:00:00,2018-04-02 00:00:00,2,0
ORD_51287,CUST_1868,delivered,2017-12-26 00:00:00,2017-12-28 00:00:00,2018-01-09 00:00:00,2,0
ORD_51288,CUST_3535,delivered,2017-06-04 00:00:00,2017-06-11 00:00:00,2017-06-18 00:00:00,7,0
ORD_51289,CUST_2879,delivered,2017-02-04 00:00:00,2017-02-19 00:00:00,2017-02-18 00:00:00,15,1
ORD_51290,CUST_9287,delivered,2017-08-16 00:00:00,2017-08-25 00:00:00,2017-08-30 00:00:00,9,0
ORD_51291,CUST_4849,delivered,2018-03-07 00:00:00,2018-03-18 00:00:00,2018-03-21 00:00:00,11,0
ORD_51292,CUST_3018,delivered,2017-08-10 00:00:00,2017-08-23 00:00:00,2017-08-24 00:00:00,13,0
ORD_51293,CUST_3797,delivered,2017-09-19 00:00:00,2017-09-30 00:00:00,2017-10-03 00:00:00,11,0
ORD_51294,CUST_5742,delivered,2017-12-08 00:00:00,2017-12-10 00:00:00,2017-12-22 00:00:00,2,0
ORD_51295,CUST_7321,delivered,2017-12-24 00:00:00,2018-01-03 00:00:00,2018-01-07 00:00:00,10,0
ORD_51296,CUST_8488,delivered,2017-03-03 00:00:00,2017-03-06 00:00:00,2017-03-17 00:00:00,3,0
ORD_51297,CUST_8282,delivered,2017-01-22 00:00:00,2017-01-24 00:00:00,2017-02-05 00:00:00,2,0
ORD_51298,CUST_3593,delivered,2017-07-03 00:00:00,2017-07-06 00:00:00,2017-07-17 00:00:00,3,0
ORD_51299,CUST_7399,delivered,2017-09-20 00:00:00,2017-09-26 00:00:00,2017-10-04 00:00:00,6,0
ORD_51300,CUST_6558,delivered,2017-08-24 00:00:00,2017-08-29 00:00:00,2017-09-07 00:00:00,5,0
ORD_51301,CUST_2117,delivered,2018-04-15 00:00:00,2018-04-23 00:00:00,2018-04-29 00:00:00,8,0
ORD_51302,CUST_9306,delivered,2018-02-02 00:00:00,2018-02-13 00:00:00,2018-02-16 00:00:00,11,0
ORD_51303,CUST_6703,delivered,2017-10-27 00:00:00,2017-11-03 00:00:00,2017-11-10 00:00:00,7,0
ORD_51304,CUST_3607,delivered,2017-04-29 00:00:00,2017-05-01 00:00:00,2017-05-13 00:00:00,2,0
ORD_51305,CUST_4876,delivered,2017-02-23 00:00:00,2017-03-15 00:00:00,2017-03-09 00:00:00,20,1
ORD_51306,CUST_2194,delivered,2017-08-15 00:00:00,2017-08-27 00:00:00,2017-08-29 00:00:00,12,0
ORD_51307,CUST_8364,delivered,2017-07-13 00:00:00,2017-07-19 00:00:00,2017-07-27 00:00:00,6,0
ORD_51308,CUST_9046,delivered,2017-08-13 00:00:00,2017-08-23 00:00:00,2017-08-27 00:00:00,10,0
ORD_51309,CUST_9659,delivered,2018-02-19 00:00:00,2018-03-04 00:00:00,2018-03-05 00:00:00,13,0
ORD_51310,CUST_1544,delivered,2018-02-19 00:00:00,2018-03-02 00:00:00,2018-03-05 00:00:00,11,0
ORD_51311,CUST_6582,delivered,2017-04-05 00:00:00,2017-04-13 00:00:00,2017-04-19 00:00:00,8,0
ORD_51312,CUST_8844,delivered,2018-04-30 00:00:00,2018-05-15 00:00:00,2018-05-14 00:00:00,15,1
ORD_51313,CUST_8824,delivered,2017-06-05 00:00:00,2017-06-15 00:00:00,2017-06-19 00:00:00,10,0
ORD_51314,CUST_7215,delivered,2017-12-16 00:00:00,2017-12-28 00:00:00,2017-12-30 00:00:00,12,0
ORD_51315,CUST_7993,delivered,2017-10-09 00:00:00,2017-10-14 00:00:00,2017-10-23 00:00:00,5,0
ORD_51316,CUST_6621,delivered,2017-08-12 00:00:00,2017-08-24 00:00:00,2017-08-26 00:00:00,12,0
ORD_51317,CUST_9785,delivered,2017-10-18 00:00:00,2017-10-30 00:00:00,2017-11-01 00:00:00,12,0
ORD_51318,CUST_1928,delivered,2017-03-06 00:00:00,2017-03-16 00:00:00,2017-03-20 00:00:00,10,0
ORD_51319,CUST_3125,delivered,2017-11-07 00:00:00,2017-11-11 00:00:00,2017-11-21 00:00:00,4,0
ORD_51320,CUST_5099,delivered,2018-04-26 00:00:00,2018-05-07 00:00:00,2018-05-10 00:00:00,11,0
ORD_51321,CUST_5959,delivered,2018-04-28 00:00:00,2018-05-09 00:00:00,2018-05-12 00:00:00,11,0
ORD_51322,CUST_9870,delivered,2017-09-15 00:00:00,2017-09-27 00:00:00,2017-09-29 00:00:00,12,0
ORD_51323,CUST_2285,delivered,2017-04-15 00:00:00,2017-04-20 00:00:00,2017-04-29 00:00:00,5,0
ORD_51324,CUST_4453,delivered,2017-03-04 00:00:00,2017-03-14 00:00:00,2017-03-18 00:00:00,10,0
ORD_51325,CUST_8434,delivered,2018-05-03 00:00:00,2018-05-21 00:00:00,2018-05-17 00:00:00,18,1
ORD_51326,CUST_5572,delivered,2018-03-14 00:00:00,2018-03-28 00:00:00,2018-03-28 00:00:00,14,0
ORD_51327,CUST_4677,delivered,2017-04-16 00:00:00,2017-04-29 00:00:00,2017-04-30 00:00:00,13,0
ORD_51328,CUST_9872,delivered,2018-01-26 00:00:00,2018-02-12 00:00:00,2018-02-09 00:00:00,17,1
ORD_51329,CUST_6586,delivered,2018-01-07 00:00:00,2018-01-14 00:00:00,2018-01-21 00:00:00,7,0
ORD_51330,CUST_2789,delivered,2017-10-11 00:00:00,2017-10-16 00:00:00,2017-10-25 00:00:00,5,0
ORD_51331,CUST_9501,delivered,2017-05-14 00:00:00,2017-05-28 00:00:00,2017-05-28 00:00:00,14,0
ORD_51332,CUST_5598,delivered,2018-02-14 00:00:00,2018-02-25 00:00:00,2018-02-28 00:00:00,11,0
ORD_51333,CUST_7465,delivered,2017-01-20 00:00:00,2017-02-01 00:00:00,2017-02-03 00:00:00,12,0
ORD_51334,CUST_1202,delivered,2017-03-05 00:00:00,2017-03-27 00:00:00,2017-03-19 00:00:00,22,1
ORD_51335,CUST_8642,delivered,2017-01-19 00:00:00,2017-01-23 00:00:00,2017-02-02 00:00:00,4,0
ORD_51336,CUST_2303,delivered,2017-05-22 00:00:00,2017-06-13 00:00:00,2017-06-05 00:00:00,22,1
ORD_51337,CUST_3084,delivered,2017-04-27 00:00:00,2017-05-09 00:00:00,2017-05-11 00:00:00,12,0
ORD_51338,CUST_1630,delivered,2017-04-05 00:00:00,2017-04-15 00:00:00,2017-04-19 00:00:00,10,0
ORD_51339,CUST_5244,delivered,2018-05-15 00:00:00,2018-06-02 00:00:00,2018-05-29 00:00:00,18,1
ORD_51340,CUST_2269,delivered,2017-09-17 00:00:00,2017-09-19 00:00:00,2017-10-01 00:00:00,2,0
ORD_51341,CUST_7084,delivered,2018-03-01 00:00:00,2018-03-05 00:00:00,2018-03-15 00:00:00,4,0
ORD_51342,CUST_6902,delivered,2017-06-21 00:00:00,2017-06-30 00:00:00,2017-07-05 00:00:00,9,0
ORD_51343,CUST_7034,delivered,2017-01-23 00:00:00,2017-01-27 00:00:00,2017-02-06 00:00:00,4,0
ORD_51344,CUST_9368,delivered,2018-01-02 00:00:00,2018-01-24 00:00:00,2018-01-16 00:00:00,22,1
ORD_51345,CUST_2285,delivered,2018-05-05 00:00:00,2018-05-10 00:00:00,2018-05-19 00:00:00,5,0
ORD_51346,CUST_2986,delivered,2018-03-10 00:00:00,2018-03-18 00:00:00,2018-03-24 00:00:00,8,0
ORD_51347,CUST_5410,delivered,2017-04-10 00:00:00,2017-04-22 00:00:00,2017-04-24 00:00:00,12,0
ORD_51348,CUST_8468,delivered,2017-06-11 00:00:00,2017-06-25 00:00:00,2017-06-25 00:00:00,14,0
ORD_51349,CUST_6766,delivered,2017-10-14 00:00:00,2017-10-25 00:00:00,2017-10-28 00:00:00,11,0
ORD_51350,CUST_7862,delivered,2017-04-28 00:00:00,2017-05-03 00:00:00,2017-05-12 00:00:00,5,0
ORD_51351,CUST_3263,delivered,2017-11-07 00:00:00,2017-11-21 00:00:00,2017-11-21 00:00:00,14,0
ORD_51352,CUST_7898,delivered,2017-09-16 00:00:00,2017-09-29 00:00:00,2017-09-30 00:00:00,13,0
ORD_51353,CUST_3732,delivered,2017-03-03 00:00:00,2017-03-15 00:00:00,2017-03-17 00:00:00,12,0
ORD_51354,CUST_2654,delivered,2017-03-06 00:00:00,2017-03-21 00:00:00,2017-03-20 00:00:00,15,1
ORD_51355,CUST_9672,delivered,2018-04-16 00:00:00,2018-04-25 00:00:00,2018-04-30 00:00:00,9,0
ORD_51356,CUST_4955,delivered,2017-12-31 00:00:00,2018-01-13 00:00:00,2018-01-14 00:00:00,13,0
ORD_51357,CUST_2765,delivered,2018-01-05 00:00:00,2018-01-16 00:00:00,2018-01-19 00:00:00,11,0
ORD_51358,CUST_8138,delivered,2017-05-29 00:00:00,2017-06-08 00:00:00,2017-06-12 00:00:00,10,0
ORD_51359,CUST_1127,delivered,2017-10-31 00:00:00,2017-11-08 00:00:00,2017-11-14 00:00:00,8,0
ORD_51360,CUST_9334,delivered,2018-01-05 00:00:00,2018-01-16 00:00:00,2018-01-19 00:00:00,11,0
ORD_51361,CUST_6588,delivered,2017-01-25 00:00:00,2017-02-12 00:00:00,2017-02-08 00:00:00,18,1
ORD_51362,CUST_3346,delivered,2017-01-22 00:00:00,2017-02-10 00:00:00,2017-02-05 00:00:00,19,1
ORD_51363,CUST_2942,delivered,2017-05-28 00:00:00,2017-06-06 00:00:00,2017-06-11 00:00:00,9,0
ORD_51364,CUST_2738,delivered,2018-04-19 00:00:00,2018-05-06 00:00:00,2018-05-03 00:00:00,17,1
ORD_51365,CUST_1651,delivered,2018-05-07 00:00:00,2018-05-15 00:00:00,2018-05-21 00:00:00,8,0
ORD_51366,CUST_4328,delivered,2017-05-25 00:00:00,2017-05-27 00:00:00,2017-06-08 00:00:00,2,0
ORD_51367,CUST_2965,delivered,2017-08-16 00:00:00,2017-08-22 00:00:00,2017-08-30 00:00:00,6,0
ORD_51368,CUST_2295,delivered,2018-01-17 00:00:00,2018-01-29 00:00:00,2018-01-31 00:00:00,12,0
ORD_51369,CUST_5523,delivered,2017-08-21 00:00:00,2017-08-31 00:00:00,2017-09-04 00:00:00,10,0
ORD_51370,CUST_8100,delivered,2017-02-21 00:00:00,2017-03-05 00:00:00,2017-03-07 00:00:00,12,0
ORD_51371,CUST_1130,delivered,2017-05-06 00:00:00,2017-05-27 00:00:00,2017-05-20 00:00:00,21,1
ORD_51372,CUST_9138,delivered,2017-05-25 00:00:00,2017-05-29 00:00:00,2017-06-08 00:00:00,4,0
ORD_51373,CUST_8115,delivered,2017-02-04 00:00:00,2017-02-16 00:00:00,2017-02-18 00:00:00,12,0
ORD_51374,CUST_7851,delivered,2017-12-19 00:00:00,2017-12-24 00:00:00,2018-01-02 00:00:00,5,0
ORD_51375,CUST_9691,delivered,2017-12-03 00:00:00,2017-12-19 00:00:00,2017-12-17 00:00:00,16,1
ORD_51376,CUST_8880,delivered,2017-06-01 00:00:00,2017-06-12 00:00:00,2017-06-15 00:00:00,11,0
ORD_51377,CUST_5053,delivered,2017-12-06 00:00:00,2017-12-10 00:00:00,2017-12-20 00:00:00,4,0
ORD_51378,CUST_7522,delivered,2017-12-27 00:00:00,2018-01-01 00:00:00,2018-01-10 00:00:00,5,0
ORD_51379,CUST_4847,delivered,2017-01-15 00:00:00,2017-01-31 00:00:00,2017-01-29 00:00:00,16,1
ORD_51380,CUST_6203,delivered,2017-07-30 00:00:00,2017-08-08 00:00:00,2017-08-13 00:00:00,9,0
ORD_51381,CUST_8954,delivered,2018-01-08 00:00:00,2018-01-21 00:00:00,2018-01-22 00:00:00,13,0
ORD_51382,CUST_3728,delivered,2017-10-02 00:00:00,2017-10-16 00:00:00,2017-10-16 00:00:00,14,0
ORD_51383,CUST_9843,delivered,2017-01-11 00:00:00,2017-01-17 00:00:00,2017-01-25 00:00:00,6,0
ORD_51384,CUST_2039,delivered,2017-12-02 00:00:00,2017-12-20 00:00:00,2017-12-16 00:00:00,18,1
ORD_51385,CUST_4757,delivered,2017-05-29 00:00:00,2017-06-11 00:00:00,2017-06-12 00:00:00,13,0
ORD_51386,CUST_5074,delivered,2018-04-27 00:00:00,2018-05-08 00:00:00,2018-05-11 00:00:00,11,0
ORD_51387,CUST_1692,delivered,2017-03-22 00:00:00,2017-03-31 00:00:00,2017-04-05 00:00:00,9,0
ORD_51388,CUST_1553,delivered,2017-05-20 00:00:00,2017-06-01 00:00:00,2017-06-03 00:00:00,12,0
ORD_51389,CUST_5423,delivered,2018-03-18 00:00:00,2018-03-24 00:00:00,2018-04-01 00:00:00,6,0
ORD_51390,CUST_1241,delivered,2018-01-16 00:00:00,2018-01-22 00:00:00,2018-01-30 00:00:00,6,0
ORD_51391,CUST_6114,delivered,2018-02-06 00:00:00,2018-02-20 00:00:00,2018-02-20 00:00:00,14,0
ORD_51392,CUST_4320,delivered,2017-02-21 00:00:00,2017-03-01 00:00:00,2017-03-07 00:00:00,8,0
ORD_51393,CUST_2524,delivered,2017-04-24 00:00:00,2017-05-01 00:00:00,2017-05-08 00:00:00,7,0
ORD_51394,CUST_9300,delivered,2017-05-06 00:00:00,2017-05-20 00:00:00,2017-05-20 00:00:00,14,0
ORD_51395,CUST_2774,delivered,2017-08-20 00:00:00,2017-08-30 00:00:00,2017-09-03 00:00:00,10,0
ORD_51396,CUST_7059,delivered,2017-09-02 00:00:00,2017-09-21 00:00:00,2017-09-16 00:00:00,19,1
ORD_51397,CUST_3773,delivered,2017-04-17 00:00:00,2017-05-03 00:00:00,2017-05-01 00:00:00,16,1
ORD_51398,CUST_9084,delivered,2017-05-10 00:00:00,2017-05-22 00:00:00,2017-05-24 00:00:00,12,0
ORD_51399,CUST_7660,delivered,2018-03-23 00:00:00,2018-03-30 00:00:00,2018-04-06 00:00:00,7,0
ORD_51400,CUST_4862,delivered,2017-06-14 00:00:00,2017-06-28 00:00:00,2017-06-28 00:00:00,14,0
ORD_51401,CUST_7974,delivered,2017-12-25 00:00:00,2018-01-09 00:00:00,2018-01-08 00:00:00,15,1
ORD_51402,CUST_8169,delivered,2018-03-22 00:00:00,2018-03-26 00:00:00,2018-04-05 00:00:00,4,0
ORD_51403,CUST_9963,delivered,2017-08-03 00:00:00,2017-08-10 00:00:00,2017-08-17 00:00:00,7,0
ORD_51404,CUST_5441,delivered,2017-09-25 00:00:00,2017-10-08 00:00:00,2017-10-09 00:00:00,13,0
ORD_51405,CUST_5754,delivered,2017-09-25 00:00:00,2017-10-22 00:00:00,2017-10-09 00:00:00,27,1
ORD_51406,CUST_6409,delivered,2018-04-20 00:00:00,2018-05-05 00:00:00,2018-05-04 00:00:00,15,1
ORD_51407,CUST_2098,delivered,2018-05-16 00:00:00,2018-05-27 00:00:00,2018-05-30 00:00:00,11,0
ORD_51408,CUST_8513,delivered,2017-06-19 00:00:00,2017-07-05 00:00:00,2017-07-03 00:00:00,16,1
ORD_51409,CUST_1231,delivered,2018-04-21 00:00:00,2018-05-01 00:00:00,2018-05-05 00:00:00,10,0
ORD_51410,CUST_7607,delivered,2018-04-24 00:00:00,2018-05-07 00:00:00,2018-05-08 00:00:00,13,0
ORD_51411,CUST_3497,delivered,2017-02-22 00:00:00,2017-03-09 00:00:00,2017-03-08 00:00:00,15,1
ORD_51412,CUST_5542,delivered,2018-05-10 00:00:00,2018-05-24 00:00:00,2018-05-24 00:00:00,14,0
ORD_51413,CUST_3400,delivered,2017-03-15 00:00:00,2017-03-24 00:00:00,2017-03-29 00:00:00,9,0
ORD_51414,CUST_3244,delivered,2017-09-19 00:00:00,2017-09-25 00:00:00,2017-10-03 00:00:00,6,0
ORD_51415,CUST_7442,delivered,2017-07-13 00:00:00,2017-07-28 00:00:00,2017-07-27 00:00:00,15,1
ORD_51416,CUST_5550,delivered,2017-12-31 00:00:00,2018-01-14 00:00:00,2018-01-14 00:00:00,14,0
ORD_51417,CUST_2970,delivered,2017-10-13 00:00:00,2017-10-25 00:00:00,2017-10-27 00:00:00,12,0
ORD_51418,CUST_6668,delivered,2018-01-08 00:00:00,2018-01-14 00:00:00,2018-01-22 00:00:00,6,0
ORD_51419,CUST_3932,delivered,2018-04-23 00:00:00,2018-05-08 00:00:00,2018-05-07 00:00:00,15,1
ORD_51420,CUST_7043,delivered,2018-04-14 00:00:00,2018-04-30 00:00:00,2018-04-28 00:00:00,16,1
ORD_51421,CUST_1719,delivered,2017-12-23 00:00:00,2018-01-02 00:00:00,2018-01-06 00:00:00,10,0
ORD_51422,CUST_8446,delivered,2017-09-09 00:00:00,2017-09-13 00:00:00,2017-09-23 00:00:00,4,0
ORD_51423,CUST_1472,delivered,2017-11-10 00:00:00,2017-11-26 00:00:00,2017-11-24 00:00:00,16,1
ORD_51424,CUST_2021,delivered,2017-06-10 00:00:00,2017-06-24 00:00:00,2017-06-24 00:00:00,14,0
ORD_51425,CUST_6185,delivered,2018-04-05 00:00:00,2018-04-17 00:00:00,2018-04-19 00:00:00,12,0
ORD_51426,CUST_7605,delivered,2017-08-02 00:00:00,2017-08-10 00:00:00,2017-08-16 00:00:00,8,0
ORD_51427,CUST_3827,delivered,2017-08-16 00:00:00,2017-08-30 00:00:00,2017-08-30 00:00:00,14,0
ORD_51428,CUST_1052,delivered,2017-06-09 00:00:00,2017-06-18 00:00:00,2017-06-23 00:00:00,9,0
ORD_51429,CUST_8585,delivered,2017-02-15 00:00:00,2017-03-04 00:00:00,2017-03-01 00:00:00,17,1
ORD_51430,CUST_4563,delivered,2017-11-23 00:00:00,2017-12-02 00:00:00,2017-12-07 00:00:00,9,0
ORD_51431,CUST_4130,delivered,2018-01-18 00:00:00,2018-02-02 00:00:00,2018-02-01 00:00:00,15,1
ORD_51432,CUST_4702,delivered,2018-03-04 00:00:00,2018-03-14 00:00:00,2018-03-18 00:00:00,10,0
ORD_51433,CUST_8202,delivered,2017-05-16 00:00:00,2017-05-31 00:00:00,2017-05-30 00:00:00,15,1
ORD_51434,CUST_3793,delivered,2017-01-19 00:00:00,2017-01-24 00:00:00,2017-02-02 00:00:00,5,0
ORD_51435,CUST_5729,delivered,2017-04-17 00:00:00,2017-04-30 00:00:00,2017-05-01 00:00:00,13,0
ORD_51436,CUST_2486,delivered,2017-09-20 00:00:00,2017-10-02 00:00:00,2017-10-04 00:00:00,12,0
ORD_51437,CUST_4054,delivered,2017-09-01 00:00:00,2017-09-15 00:00:00,2017-09-15 00:00:00,14,0
ORD_51438,CUST_1554,delivered,2017-06-15 00:00:00,2017-06-20 00:00:00,2017-06-29 00:00:00,5,0
ORD_51439,CUST_6516,delivered,2017-11-28 00:00:00,2017-12-15 00:00:00,2017-12-12 00:00:00,17,1
ORD_51440,CUST_8478,delivered,2017-10-31 00:00:00,2017-11-08 00:00:00,2017-11-14 00:00:00,8,0
ORD_51441,CUST_6535,delivered,2017-09-05 00:00:00,2017-09-14 00:00:00,2017-09-19 00:00:00,9,0
ORD_51442,CUST_5413,delivered,2018-05-04 00:00:00,2018-05-10 00:00:00,2018-05-18 00:00:00,6,0
ORD_51443,CUST_9586,delivered,2017-04-12 00:00:00,2017-04-23 00:00:00,2017-04-26 00:00:00,11,0
ORD_51444,CUST_3317,delivered,2018-02-15 00:00:00,2018-02-27 00:00:00,2018-03-01 00:00:00,12,0
ORD_51445,CUST_3819,delivered,2017-06-04 00:00:00,2017-06-21 00:00:00,2017-06-18 00:00:00,17,1
ORD_51446,CUST_7131,delivered,2017-01-03 00:00:00,2017-01-22 00:00:00,2017-01-17 00:00:00,19,1
ORD_51447,CUST_7165,delivered,2018-03-02 00:00:00,2018-03-12 00:00:00,2018-03-16 00:00:00,10,0
ORD_51448,CUST_3187,delivered,2017-07-24 00:00:00,2017-08-03 00:00:00,2017-08-07 00:00:00,10,0
ORD_51449,CUST_2174,delivered,2017-06-27 00:00:00,2017-07-04 00:00:00,2017-07-11 00:00:00,7,0
ORD_51450,CUST_3918,delivered,2018-01-29 00:00:00,2018-02-11 00:00:00,2018-02-12 00:00:00,13,0
ORD_51451,CUST_4769,delivered,2017-03-12 00:00:00,2017-03-24 00:00:00,2017-03-26 00:00:00,12,0
ORD_51452,CUST_6563,delivered,2017-07-16 00:00:00,2017-07-26 00:00:00,2017-07-30 00:00:00,10,0
ORD_51453,CUST_8875,delivered,2017-01-18 00:00:00,2017-02-03 00:00:00,2017-02-01 00:00:00,16,1
ORD_51454,CUST_6673,delivered,2017-12-18 00:00:00,2018-01-04 00:00:00,2018-01-01 00:00:00,17,1
ORD_51455,CUST_8964,delivered,2017-12-01 00:00:00,2017-12-03 00:00:00,2017-12-15 00:00:00,2,0
ORD_51456,CUST_2899,delivered,2017-11-06 00:00:00,2017-11-10 00:00:00,2017-11-20 00:00:00,4,0
ORD_51457,CUST_9765,delivered,2018-05-13 00:00:00,2018-05-24 00:00:00,2018-05-27 00:00:00,11,0
ORD_51458,CUST_2310,delivered,2017-03-18 00:00:00,2017-03-25 00:00:00,2017-04-01 00:00:00,7,0
ORD_51459,CUST_9436,delivered,2018-02-21 00:00:00,2018-03-06 00:00:00,2018-03-07 00:00:00,13,0
ORD_51460,CUST_8540,delivered,2017-07-07 00:00:00,2017-07-15 00:00:00,2017-07-21 00:00:00,8,0
ORD_51461,CUST_5852,delivered,2018-01-28 00:00:00,2018-02-06 00:00:00,2018-02-11 00:00:00,9,0
ORD_51462,CUST_8319,delivered,2017-06-16 00:00:00,2017-07-06 00:00:00,2017-06-30 00:00:00,20,1
ORD_51463,CUST_2377,delivered,2017-10-01 00:00:00,2017-10-19 00:00:00,2017-10-15 00:00:00,18,1
ORD_51464,CUST_4999,delivered,2018-04-16 00:00:00,2018-04-21 00:00:00,2018-04-30 00:00:00,5,0
ORD_51465,CUST_3404,delivered,2017-11-08 00:00:00,2017-11-24 00:00:00,2017-11-22 00:00:00,16,1
ORD_51466,CUST_5947,delivered,2017-08-05 00:00:00,2017-08-21 00:00:00,2017-08-19 00:00:00,16,1
ORD_51467,CUST_4139,delivered,2017-10-20 00:00:00,2017-11-08 00:00:00,2017-11-03 00:00:00,19,1
ORD_51468,CUST_1800,delivered,2017-07-11 00:00:00,2017-07-18 00:00:00,2017-07-25 00:00:00,7,0
ORD_51469,CUST_9217,delivered,2017-12-10 00:00:00,2017-12-23 00:00:00,2017-12-24 00:00:00,13,0
ORD_51470,CUST_7671,delivered,2017-04-17 00:00:00,2017-04-30 00:00:00,2017-05-01 00:00:00,13,0
ORD_51471,CUST_6212,delivered,2017-02-19 00:00:00,2017-02-24 00:00:00,2017-03-05 00:00:00,5,0
ORD_51472,CUST_5715,delivered,2018-01-08 00:00:00,2018-01-25 00:00:00,2018-01-22 00:00:00,17,1
ORD_51473,CUST_6580,delivered,2017-06-13 00:00:00,2017-06-23 00:00:00,2017-06-27 00:00:00,10,0
ORD_51474,CUST_9720,delivered,2017-12-24 00:00:00,2017-12-28 00:00:00,2018-01-07 00:00:00,4,0
ORD_51475,CUST_8971,delivered,2017-10-15 00:00:00,2017-10-29 00:00:00,2017-10-29 00:00:00,14,0
ORD_51476,CUST_6166,delivered,2017-08-20 00:00:00,2017-09-06 00:00:00,2017-09-03 00:00:00,17,1
ORD_51477,CUST_5651,delivered,2017-10-12 00:00:00,2017-10-22 00:00:00,2017-10-26 00:00:00,10,0
ORD_51478,CUST_3023,delivered,2017-02-19 00:00:00,2017-02-26 00:00:00,2017-03-05 00:00:00,7,0
ORD_51479,CUST_7571,delivered,2017-10-09 00:00:00,2017-10-20 00:00:00,2017-10-23 00:00:00,11,0
ORD_51480,CUST_6950,delivered,2017-11-19 00:00:00,2017-11-29 00:00:00,2017-12-03 00:00:00,10,0
ORD_51481,CUST_9775,delivered,2017-09-30 00:00:00,2017-10-16 00:00:00,2017-10-14 00:00:00,16,1
ORD_51482,CUST_7554,delivered,2017-05-28 00:00:00,2017-06-06 00:00:00,2017-06-11 00:00:00,9,0
ORD_51483,CUST_2610,delivered,2017-07-16 00:00:00,2017-08-05 00:00:00,2017-07-30 00:00:00,20,1
ORD_51484,CUST_9247,delivered,2017-02-11 00:00:00,2017-03-02 00:00:00,2017-02-25 00:00:00,19,1
ORD_51485,CUST_1372,delivered,2018-01-16 00:00:00,2018-01-21 00:00:00,2018-01-30 00:00:00,5,0
ORD_51486,CUST_4920,delivered,2017-03-31 00:00:00,2017-04-09 00:00:00,2017-04-14 00:00:00,9,0
ORD_51487,CUST_1506,delivered,2017-04-16 00:00:00,2017-04-29 00:00:00,2017-04-30 00:00:00,13,0
ORD_51488,CUST_8559,delivered,2017-09-14 00:00:00,2017-09-22 00:00:00,2017-09-28 00:00:00,8,0
ORD_51489,CUST_2144,delivered,2017-01-04 00:00:00,2017-01-11 00:00:00,2017-01-18 00:00:00,7,0
ORD_51490,CUST_2152,delivered,2018-02-05 00:00:00,2018-02-16 00:00:00,2018-02-19 00:00:00,11,0
ORD_51491,CUST_9751,delivered,2018-01-01 00:00:00,2018-01-16 00:00:00,2018-01-15 00:00:00,15,1
ORD_51492,CUST_7544,delivered,2018-01-02 00:00:00,2018-01-11 00:00:00,2018-01-16 00:00:00,9,0
ORD_51493,CUST_5300,delivered,2018-01-24 00:00:00,2018-02-07 00:00:00,2018-02-07 00:00:00,14,0
ORD_51494,CUST_4982,delivered,2018-02-12 00:00:00,2018-02-24 00:00:00,2018-02-26 00:00:00,12,0
ORD_51495,CUST_9053,delivered,2018-01-21 00:00:00,2018-02-04 00:00:00,2018-02-04 00:00:00,14,0
ORD_51496,CUST_6417,delivered,2018-02-08 00:00:00,2018-02-24 00:00:00,2018-02-22 00:00:00,16,1
ORD_51497,CUST_5725,delivered,2017-01-14 00:00:00,2017-01-30 00:00:00,2017-01-28 00:00:00,16,1
ORD_51498,CUST_8206,delivered,2017-12-11 00:00:00,2017-12-19 00:00:00,2017-12-25 00:00:00,8,0
ORD_51499,CUST_5215,delivered,2017-11-23 00:00:00,2017-12-08 00:00:00,2017-12-07 00:00:00,15,1
ORD_51500,CUST_9332,delivered,2018-01-17 00:00:00,2018-01-28 00:00:00,2018-01-31 00:00:00,11,0
ORD_51501,CUST_9209,delivered,2017-06-10 00:00:00,2017-07-03 00:00:00,2017-06-24 00:00:00,23,1
ORD_51502,CUST_3873,delivered,2017-09-05 00:00:00,2017-09-10 00:00:00,2017-09-19 00:00:00,5,0
ORD_51503,CUST_4675,delivered,2017-03-18 00:00:00,2017-04-02 00:00:00,2017-04-01 00:00:00,15,1
ORD_51504,CUST_1199,delivered,2018-03-07 00:00:00,2018-03-17 00:00:00,2018-03-21 00:00:00,10,0
ORD_51505,CUST_2619,delivered,2018-05-03 00:00:00,2018-05-08 00:00:00,2018-05-17 00:00:00,5,0
ORD_51506,CUST_8317,delivered,2017-10-18 00:00:00,2017-10-27 00:00:00,2017-11-01 00:00:00,9,0
ORD_51507,CUST_8472,delivered,2017-04-01 00:00:00,2017-04-23 00:00:00,2017-04-15 00:00:00,22,1
ORD_51508,CUST_9561,delivered,2017-06-05 00:00:00,2017-06-13 00:00:00,2017-06-19 00:00:00,8,0
ORD_51509,CUST_8606,delivered,2017-02-20 00:00:00,2017-03-08 00:00:00,2017-03-06 00:00:00,16,1
ORD_51510,CUST_2366,delivered,2017-09-01 00:00:00,2017-09-11 00:00:00,2017-09-15 00:00:00,10,0
ORD_51511,CUST_1157,delivered,2017-10-25 00:00:00,2017-11-06 00:00:00,2017-11-08 00:00:00,12,0
ORD_51512,CUST_8475,delivered,2017-01-01 00:00:00,2017-01-13 00:00:00,2017-01-15 00:00:00,12,0
ORD_51513,CUST_3892,delivered,2017-06-18 00:00:00,2017-06-27 00:00:00,2017-07-02 00:00:00,9,0
ORD_51514,CUST_5079,delivered,2017-06-24 00:00:00,2017-06-29 00:00:00,2017-07-08 00:00:00,5,0
ORD_51515,CUST_3984,delivered,2017-09-07 00:00:00,2017-09-17 00:00:00,2017-09-21 00:00:00,10,0
ORD_51516,CUST_2074,delivered,2018-01-25 00:00:00,2018-02-10 00:00:00,2018-02-08 00:00:00,16,1
ORD_51517,CUST_4797,delivered,2017-04-20 00:00:00,2017-05-03 00:00:00,2017-05-04 00:00:00,13,0
ORD_51518,CUST_5916,delivered,2018-04-20 00:00:00,2018-05-06 00:00:00,2018-05-04 00:00:00,16,1
ORD_51519,CUST_3574,delivered,2017-06-16 00:00:00,2017-06-26 00:00:00,2017-06-30 00:00:00,10,0
ORD_51520,CUST_5413,delivered,2017-04-28 00:00:00,2017-05-04 00:00:00,2017-05-12 00:00:00,6,0
ORD_51521,CUST_6467,delivered,2018-01-08 00:00:00,2018-02-03 00:00:00,2018-01-22 00:00:00,26,1
ORD_51522,CUST_7620,delivered,2017-01-29 00:00:00,2017-02-16 00:00:00,2017-02-12 00:00:00,18,1
ORD_51523,CUST_5193,delivered,2017-05-31 00:00:00,2017-06-05 00:00:00,2017-06-14 00:00:00,5,0
ORD_51524,CUST_9240,delivered,2017-08-14 00:00:00,2017-08-28 00:00:00,2017-08-28 00:00:00,14,0
ORD_51525,CUST_8698,delivered,2018-05-03 00:00:00,2018-05-17 00:00:00,2018-05-17 00:00:00,14,0
ORD_51526,CUST_5589,delivered,2017-11-07 00:00:00,2017-11-18 00:00:00,2017-11-21 00:00:00,11,0
ORD_51527,CUST_7053,delivered,2017-08-13 00:00:00,2017-08-25 00:00:00,2017-08-27 00:00:00,12,0
ORD_51528,CUST_7779,delivered,2018-02-27 00:00:00,2018-03-09 00:00:00,2018-03-13 00:00:00,10,0
ORD_51529,CUST_2441,delivered,2017-08-13 00:00:00,2017-08-25 00:00:00,2017-08-27 00:00:00,12,0
ORD_51530,CUST_1358,delivered,2017-03-13 00:00:00,2017-03-26 00:00:00,2017-03-27 00:00:00,13,0
ORD_51531,CUST_8304,delivered,2018-01-18 00:00:00,2018-02-03 00:00:00,2018-02-01 00:00:00,16,1
ORD_51532,CUST_1379,delivered,2017-03-13 00:00:00,2017-03-27 00:00:00,2017-03-27 00:00:00,14,0
ORD_51533,CUST_1987,delivered,2018-04-13 00:00:00,2018-04-28 00:00:00,2018-04-27 00:00:00,15,1
ORD_51534,CUST_9061,delivered,2017-05-25 00:00:00,2017-05-31 00:00:00,2017-06-08 00:00:00,6,0
ORD_51535,CUST_2840,delivered,2017-09-30 00:00:00,2017-10-07 00:00:00,2017-10-14 00:00:00,7,0
ORD_51536,CUST_8060,delivered,2018-02-23 00:00:00,2018-03-02 00:00:00,2018-03-09 00:00:00,7,0
ORD_51537,CUST_2196,delivered,2017-04-04 00:00:00,2017-04-14 00:00:00,2017-04-18 00:00:00,10,0
ORD_51538,CUST_7577,delivered,2017-10-22 00:00:00,2017-11-07 00:00:00,2017-11-05 00:00:00,16,1
ORD_51539,CUST_4651,delivered,2017-10-27 00:00:00,2017-11-01 00:00:00,2017-11-10 00:00:00,5,0
ORD_51540,CUST_3500,delivered,2017-04-07 00:00:00,2017-04-15 00:00:00,2017-04-21 00:00:00,8,0
ORD_51541,CUST_1646,delivered,2018-02-04 00:00:00,2018-02-15 00:00:00,2018-02-18 00:00:00,11,0
ORD_51542,CUST_4421,delivered,2017-04-14 00:00:00,2017-05-08 00:00:00,2017-04-28 00:00:00,24,1
ORD_51543,CUST_8203,delivered,2017-03-05 00:00:00,2017-03-10 00:00:00,2017-03-19 00:00:00,5,0
ORD_51544,CUST_1806,delivered,2017-08-17 00:00:00,2017-09-03 00:00:00,2017-08-31 00:00:00,17,1
ORD_51545,CUST_9301,delivered,2018-04-13 00:00:00,2018-04-17 00:00:00,2018-04-27 00:00:00,4,0
ORD_51546,CUST_6871,delivered,2018-01-19 00:00:00,2018-02-09 00:00:00,2018-02-02 00:00:00,21,1
ORD_51547,CUST_1264,delivered,2017-01-04 00:00:00,2017-01-18 00:00:00,2017-01-18 00:00:00,14,0
ORD_51548,CUST_6078,delivered,2018-03-05 00:00:00,2018-03-19 00:00:00,2018-03-19 00:00:00,14,0
ORD_51549,CUST_7384,delivered,2018-03-25 00:00:00,2018-04-06 00:00:00,2018-04-08 00:00:00,12,0
ORD_51550,CUST_3305,delivered,2018-03-10 00:00:00,2018-03-26 00:00:00,2018-03-24 00:00:00,16,1
ORD_51551,CUST_4437,delivered,2018-03-20 00:00:00,2018-03-27 00:00:00,2018-04-03 00:00:00,7,0
ORD_51552,CUST_9496,delivered,2018-05-10 00:00:00,2018-05-17 00:00:00,2018-05-24 00:00:00,7,0
ORD_51553,CUST_1491,delivered,2017-09-12 00:00:00,2017-09-19 00:00:00,2017-09-26 00:00:00,7,0
ORD_51554,CUST_6260,delivered,2017-01-15 00:00:00,2017-01-22 00:00:00,2017-01-29 00:00:00,7,0
ORD_51555,CUST_1761,delivered,2017-10-04 00:00:00,2017-10-20 00:00:00,2017-10-18 00:00:00,16,1
ORD_51556,CUST_2509,delivered,2017-08-03 00:00:00,2017-08-13 00:00:00,2017-08-17 00:00:00,10,0
ORD_51557,CUST_1011,delivered,2017-06-09 00:00:00,2017-06-13 00:00:00,2017-06-23 00:00:00,4,0
ORD_51558,CUST_2579,delivered,2017-09-02 00:00:00,2017-09-13 00:00:00,2017-09-16 00:00:00,11,0
ORD_51559,CUST_3126,delivered,2018-02-17 00:00:00,2018-02-23 00:00:00,2018-03-03 00:00:00,6,0
ORD_51560,CUST_2724,delivered,2017-05-08 00:00:00,2017-05-25 00:00:00,2017-05-22 00:00:00,17,1
ORD_51561,CUST_6373,delivered,2017-08-05 00:00:00,2017-08-18 00:00:00,2017-08-19 00:00:00,13,0
ORD_51562,CUST_1786,delivered,2018-02-11 00:00:00,2018-02-24 00:00:00,2018-02-25 00:00:00,13,0
ORD_51563,CUST_3652,delivered,2017-07-23 00:00:00,2017-08-03 00:00:00,2017-08-06 00:00:00,11,0
ORD_51564,CUST_7646,delivered,2017-08-20 00:00:00,2017-09-06 00:00:00,2017-09-03 00:00:00,17,1
ORD_51565,CUST_4052,delivered,2017-05-11 00:00:00,2017-05-19 00:00:00,2017-05-25 00:00:00,8,0
ORD_51566,CUST_6609,delivered,2018-01-26 00:00:00,2018-02-06 00:00:00,2018-02-09 00:00:00,11,0
ORD_51567,CUST_1416,delivered,2018-05-09 00:00:00,2018-05-20 00:00:00,2018-05-23 00:00:00,11,0
ORD_51568,CUST_5844,delivered,2017-03-06 00:00:00,2017-03-15 00:00:00,2017-03-20 00:00:00,9,0
ORD_51569,CUST_9370,delivered,2017-04-10 00:00:00,2017-04-22 00:00:00,2017-04-24 00:00:00,12,0
ORD_51570,CUST_3486,delivered,2017-10-16 00:00:00,2017-10-18 00:00:00,2017-10-30 00:00:00,2,0
ORD_51571,CUST_9697,delivered,2017-03-27 00:00:00,2017-04-09 00:00:00,2017-04-10 00:00:00,13,0
ORD_51572,CUST_3491,delivered,2017-10-04 00:00:00,2017-10-13 00:00:00,2017-10-18 00:00:00,9,0
ORD_51573,CUST_9548,delivered,2018-05-13 00:00:00,2018-05-28 00:00:00,2018-05-27 00:00:00,15,1
ORD_51574,CUST_5117,delivered,2017-12-29 00:00:00,2018-01-06 00:00:00,2018-01-12 00:00:00,8,0
ORD_51575,CUST_2094,delivered,2017-01-31 00:00:00,2017-02-08 00:00:00,2017-02-14 00:00:00,8,0
ORD_51576,CUST_7865,delivered,2017-07-20 00:00:00,2017-07-29 00:00:00,2017-08-03 00:00:00,9,0
ORD_51577,CUST_7577,delivered,2017-03-05 00:00:00,2017-03-21 00:00:00,2017-03-19 00:00:00,16,1
ORD_51578,CUST_2921,delivered,2017-09-24 00:00:00,2017-10-09 00:00:00,2017-10-08 00:00:00,15,1
ORD_51579,CUST_9867,delivered,2018-01-16 00:00:00,2018-01-22 00:00:00,2018-01-30 00:00:00,6,0
ORD_51580,CUST_7250,delivered,2018-03-06 00:00:00,2018-03-18 00:00:00,2018-03-20 00:00:00,12,0
ORD_51581,CUST_8983,delivered,2018-01-24 00:00:00,2018-02-08 00:00:00,2018-02-07 00:00:00,15,1
ORD_51582,CUST_9102,delivered,2018-03-05 00:00:00,2018-03-13 00:00:00,2018-03-19 00:00:00,8,0
ORD_51583,CUST_9320,delivered,2017-06-18 00:00:00,2017-07-02 00:00:00,2017-07-02 00:00:00,14,0
ORD_51584,CUST_8955,delivered,2017-05-05 00:00:00,2017-05-20 00:00:00,2017-05-19 00:00:00,15,1
ORD_51585,CUST_9502,delivered,2018-03-22 00:00:00,2018-04-07 00:00:00,2018-04-05 00:00:00,16,1
ORD_51586,CUST_4909,delivered,2017-07-04 00:00:00,2017-07-23 00:00:00,2017-07-18 00:00:00,19,1
ORD_51587,CUST_9564,delivered,2017-01-20 00:00:00,2017-02-03 00:00:00,2017-02-03 00:00:00,14,0
ORD_51588,CUST_1420,delivered,2017-04-21 00:00:00,2017-05-10 00:00:00,2017-05-05 00:00:00,19,1
ORD_51589,CUST_8481,delivered,2018-03-11 00:00:00,2018-03-20 00:00:00,2018-03-25 00:00:00,9,0
ORD_51590,CUST_5532,delivered,2017-08-17 00:00:00,2017-08-30 00:00:00,2017-08-31 00:00:00,13,0
ORD_51591,CUST_9966,delivered,2017-11-28 00:00:00,2017-12-11 00:00:00,2017-12-12 00:00:00,13,0
ORD_51592,CUST_6468,delivered,2017-06-30 00:00:00,2017-07-20 00:00:00,2017-07-14 00:00:00,20,1
ORD_51593,CUST_9146,delivered,2017-11-24 00:00:00,2017-12-11 00:00:00,2017-12-08 00:00:00,17,1
ORD_51594,CUST_3608,delivered,2018-05-07 00:00:00,2018-05-20 00:00:00,2018-05-21 00:00:00,13,0
ORD_51595,CUST_5853,delivered,2018-01-23 00:00:00,2018-01-29 00:00:00,2018-02-06 00:00:00,6,0
ORD_51596,CUST_2529,delivered,2017-02-16 00:00:00,2017-03-09 00:00:00,2017-03-02 00:00:00,21,1
ORD_51597,CUST_2697,delivered,2018-03-09 00:00:00,2018-03-20 00:00:00,2018-03-23 00:00:00,11,0
ORD_51598,CUST_1668,delivered,2017-05-06 00:00:00,2017-05-14 00:00:00,2017-05-20 00:00:00,8,0
ORD_51599,CUST_4587,delivered,2017-05-06 00:00:00,2017-05-14 00:00:00,2017-05-20 00:00:00,8,0
ORD_51600,CUST_4992,delivered,2018-05-09 00:00:00,2018-05-14 00:00:00,2018-05-23 00:00:00,5,0
ORD_51601,CUST_4048,delivered,2018-03-11 00:00:00,2018-03-27 00:00:00,2018-03-25 00:00:00,16,1
ORD_51602,CUST_7065,delivered,2017-07-06 00:00:00,2017-07-13 00:00:00,2017-07-20 00:00:00,7,0
ORD_51603,CUST_5045,delivered,2018-02-12 00:00:00,2018-02-26 00:00:00,2018-02-26 00:00:00,14,0
ORD_51604,CUST_6136,delivered,2017-02-23 00:00:00,2017-03-03 00:00:00,2017-03-09 00:00:00,8,0
ORD_51605,CUST_5409,delivered,2017-10-22 00:00:00,2017-10-28 00:00:00,2017-11-05 00:00:00,6,0
ORD_51606,CUST_3807,delivered,2017-01-12 00:00:00,2017-01-24 00:00:00,2017-01-26 00:00:00,12,0
ORD_51607,CUST_3422,delivered,2017-02-02 00:00:00,2017-02-08 00:00:00,2017-02-16 00:00:00,6,0
ORD_51608,CUST_1451,delivered,2018-01-01 00:00:00,2018-01-16 00:00:00,2018-01-15 00:00:00,15,1
ORD_51609,CUST_5991,delivered,2017-06-19 00:00:00,2017-06-26 00:00:00,2017-07-03 00:00:00,7,0
ORD_51610,CUST_1867,delivered,2017-12-31 00:00:00,2018-01-05 00:00:00,2018-01-14 00:00:00,5,0
ORD_51611,CUST_7778,delivered,2018-01-09 00:00:00,2018-01-14 00:00:00,2018-01-23 00:00:00,5,0
ORD_51612,CUST_9109,delivered,2018-01-09 00:00:00,2018-01-24 00:00:00,2018-01-23 00:00:00,15,1
ORD_51613,CUST_8772,delivered,2017-03-12 00:00:00,2017-03-20 00:00:00,2017-03-26 00:00:00,8,0
ORD_51614,CUST_9186,delivered,2017-02-16 00:00:00,2017-03-01 00:00:00,2017-03-02 00:00:00,13,0
ORD_51615,CUST_2336,delivered,2017-06-23 00:00:00,2017-06-30 00:00:00,2017-07-07 00:00:00,7,0
ORD_51616,CUST_1969,delivered,2017-12-16 00:00:00,2017-12-29 00:00:00,2017-12-30 00:00:00,13,0
ORD_51617,CUST_7303,delivered,2017-06-06 00:00:00,2017-06-18 00:00:00,2017-06-20 00:00:00,12,0
ORD_51618,CUST_4088,delivered,2017-11-22 00:00:00,2017-12-07 00:00:00,2017-12-06 00:00:00,15,1
ORD_51619,CUST_7130,delivered,2017-10-21 00:00:00,2017-10-31 00:00:00,2017-11-04 00:00:00,10,0
ORD_51620,CUST_1497,delivered,2017-11-15 00:00:00,2017-11-28 00:00:00,2017-11-29 00:00:00,13,0
ORD_51621,CUST_3955,delivered,2017-10-30 00:00:00,2017-11-13 00:00:00,2017-11-13 00:00:00,14,0
ORD_51622,CUST_6527,delivered,2018-04-26 00:00:00,2018-05-11 00:00:00,2018-05-10 00:00:00,15,1
ORD_51623,CUST_5034,delivered,2017-07-07 00:00:00,2017-07-14 00:00:00,2017-07-21 00:00:00,7,0
ORD_51624,CUST_1960,delivered,2018-04-15 00:00:00,2018-04-26 00:00:00,2018-04-29 00:00:00,11,0
ORD_51625,CUST_2490,delivered,2017-12-06 00:00:00,2017-12-19 00:00:00,2017-12-20 00:00:00,13,0
ORD_51626,CUST_4292,delivered,2017-05-25 00:00:00,2017-06-11 00:00:00,2017-06-08 00:00:00,17,1
ORD_51627,CUST_8129,delivered,2017-07-13 00:00:00,2017-07-28 00:00:00,2017-07-27 00:00:00,15,1
ORD_51628,CUST_5705,delivered,2018-01-30 00:00:00,2018-02-17 00:00:00,2018-02-13 00:00:00,18,1
ORD_51629,CUST_1785,delivered,2017-10-01 00:00:00,2017-10-15 00:00:00,2017-10-15 00:00:00,14,0
ORD_51630,CUST_1859,delivered,2018-02-26 00:00:00,2018-03-20 00:00:00,2018-03-12 00:00:00,22,1
ORD_51631,CUST_8491,delivered,2018-05-02 00:00:00,2018-05-19 00:00:00,2018-05-16 00:00:00,17,1
ORD_51632,CUST_1255,delivered,2017-01-24 00:00:00,2017-02-06 00:00:00,2017-02-07 00:00:00,13,0
ORD_51633,CUST_6419,delivered,2017-04-01 00:00:00,2017-04-13 00:00:00,2017-04-15 00:00:00,12,0
ORD_51634,CUST_5033,delivered,2017-11-15 00:00:00,2017-11-25 00:00:00,2017-11-29 00:00:00,10,0
ORD_51635,CUST_5466,delivered,2017-07-29 00:00:00,2017-08-06 00:00:00,2017-08-12 00:00:00,8,0
ORD_51636,CUST_5152,delivered,2017-11-04 00:00:00,2017-11-18 00:00:00,2017-11-18 00:00:00,14,0
ORD_51637,CUST_4653,delivered,2017-02-06 00:00:00,2017-02-19 00:00:00,2017-02-20 00:00:00,13,0
ORD_51638,CUST_5202,delivered,2018-05-05 00:00:00,2018-05-20 00:00:00,2018-05-19 00:00:00,15,1
ORD_51639,CUST_2417,delivered,2017-10-12 00:00:00,2017-10-28 00:00:00,2017-10-26 00:00:00,16,1
ORD_51640,CUST_7358,delivered,2017-04-05 00:00:00,2017-04-14 00:00:00,2017-04-19 00:00:00,9,0
ORD_51641,CUST_3338,delivered,2017-08-15 00:00:00,2017-09-05 00:00:00,2017-08-29 00:00:00,21,1
ORD_51642,CUST_6592,delivered,2018-03-17 00:00:00,2018-03-26 00:00:00,2018-03-31 00:00:00,9,0
ORD_51643,CUST_1924,delivered,2017-07-20 00:00:00,2017-08-08 00:00:00,2017-08-03 00:00:00,19,1
ORD_51644,CUST_8190,delivered,2017-01-13 00:00:00,2017-02-03 00:00:00,2017-01-27 00:00:00,21,1
ORD_51645,CUST_6202,delivered,2017-01-30 00:00:00,2017-02-11 00:00:00,2017-02-13 00:00:00,12,0
ORD_51646,CUST_3783,delivered,2018-01-06 00:00:00,2018-01-24 00:00:00,2018-01-20 00:00:00,18,1
ORD_51647,CUST_1957,delivered,2018-02-21 00:00:00,2018-03-01 00:00:00,2018-03-07 00:00:00,8,0
ORD_51648,CUST_9938,delivered,2017-02-07 00:00:00,2017-02-25 00:00:00,2017-02-21 00:00:00,18,1
ORD_51649,CUST_4893,delivered,2017-12-16 00:00:00,2018-01-05 00:00:00,2017-12-30 00:00:00,20,1
ORD_51650,CUST_6900,delivered,2017-04-25 00:00:00,2017-05-09 00:00:00,2017-05-09 00:00:00,14,0
ORD_51651,CUST_3626,delivered,2017-07-08 00:00:00,2017-07-30 00:00:00,2017-07-22 00:00:00,22,1
ORD_51652,CUST_6782,delivered,2017-04-17 00:00:00,2017-04-26 00:00:00,2017-05-01 00:00:00,9,0
ORD_51653,CUST_7364,delivered,2017-08-26 00:00:00,2017-09-08 00:00:00,2017-09-09 00:00:00,13,0
ORD_51654,CUST_4554,delivered,2017-12-31 00:00:00,2018-01-16 00:00:00,2018-01-14 00:00:00,16,1
ORD_51655,CUST_6028,delivered,2017-04-20 00:00:00,2017-05-04 00:00:00,2017-05-04 00:00:00,14,0
ORD_51656,CUST_7752,delivered,2017-01-27 00:00:00,2017-02-08 00:00:00,2017-02-10 00:00:00,12,0
ORD_51657,CUST_8074,delivered,2017-04-03 00:00:00,2017-04-05 00:00:00,2017-04-17 00:00:00,2,0
ORD_51658,CUST_3553,delivered,2017-11-25 00:00:00,2017-12-08 00:00:00,2017-12-09 00:00:00,13,0
ORD_51659,CUST_8677,delivered,2017-05-06 00:00:00,2017-05-20 00:00:00,2017-05-20 00:00:00,14,0
ORD_51660,CUST_2590,delivered,2018-02-07 00:00:00,2018-02-27 00:00:00,2018-02-21 00:00:00,20,1
ORD_51661,CUST_4326,delivered,2018-01-16 00:00:00,2018-01-25 00:00:00,2018-01-30 00:00:00,9,0
ORD_51662,CUST_8317,delivered,2017-09-01 00:00:00,2017-09-12 00:00:00,2017-09-15 00:00:00,11,0
ORD_51663,CUST_3618,delivered,2018-04-07 00:00:00,2018-04-20 00:00:00,2018-04-21 00:00:00,13,0
ORD_51664,CUST_3593,delivered,2017-10-15 00:00:00,2017-10-21 00:00:00,2017-10-29 00:00:00,6,0
ORD_51665,CUST_3402,delivered,2018-04-11 00:00:00,2018-04-26 00:00:00,2018-04-25 00:00:00,15,1
ORD_51666,CUST_6937,delivered,2018-04-22 00:00:00,2018-04-30 00:00:00,2018-05-06 00:00:00,8,0
ORD_51667,CUST_6633,delivered,2018-03-30 00:00:00,2018-04-07 00:00:00,2018-04-13 00:00:00,8,0
ORD_51668,CUST_5916,delivered,2017-12-13 00:00:00,2017-12-29 00:00:00,2017-12-27 00:00:00,16,1
ORD_51669,CUST_2361,delivered,2017-07-01 00:00:00,2017-07-15 00:00:00,2017-07-15 00:00:00,14,0
ORD_51670,CUST_5140,delivered,2017-04-09 00:00:00,2017-04-20 00:00:00,2017-04-23 00:00:00,11,0
ORD_51671,CUST_1852,delivered,2017-11-29 00:00:00,2017-12-07 00:00:00,2017-12-13 00:00:00,8,0
ORD_51672,CUST_5470,delivered,2018-01-19 00:00:00,2018-01-23 00:00:00,2018-02-02 00:00:00,4,0
ORD_51673,CUST_1174,delivered,2018-01-12 00:00:00,2018-01-22 00:00:00,2018-01-26 00:00:00,10,0
ORD_51674,CUST_5428,delivered,2017-12-23 00:00:00,2018-01-02 00:00:00,2018-01-06 00:00:00,10,0
ORD_51675,CUST_6672,delivered,2018-01-04 00:00:00,2018-01-18 00:00:00,2018-01-18 00:00:00,14,0
ORD_51676,CUST_2389,delivered,2018-02-17 00:00:00,2018-02-25 00:00:00,2018-03-03 00:00:00,8,0
ORD_51677,CUST_4980,delivered,2017-02-08 00:00:00,2017-02-14 00:00:00,2017-02-22 00:00:00,6,0
ORD_51678,CUST_2235,delivered,2017-01-05 00:00:00,2017-01-15 00:00:00,2017-01-19 00:00:00,10,0
ORD_51679,CUST_8549,delivered,2017-11-20 00:00:00,2017-11-25 00:00:00,2017-12-04 00:00:00,5,0
ORD_51680,CUST_3272,delivered,2017-04-13 00:00:00,2017-04-26 00:00:00,2017-04-27 00:00:00,13,0
ORD_51681,CUST_4818,delivered,2017-04-18 00:00:00,2017-04-27 00:00:00,2017-05-02 00:00:00,9,0
ORD_51682,CUST_4156,delivered,2017-09-01 00:00:00,2017-09-08 00:00:00,2017-09-15 00:00:00,7,0
ORD_51683,CUST_5719,delivered,2018-01-10 00:00:00,2018-01-17 00:00:00,2018-01-24 00:00:00,7,0
ORD_51684,CUST_5313,delivered,2017-03-15 00:00:00,2017-03-18 00:00:00,2017-03-29 00:00:00,3,0
ORD_51685,CUST_4064,delivered,2018-03-11 00:00:00,2018-03-24 00:00:00,2018-03-25 00:00:00,13,0
ORD_51686,CUST_7754,delivered,2017-09-17 00:00:00,2017-10-12 00:00:00,2017-10-01 00:00:00,25,1
ORD_51687,CUST_3642,delivered,2017-02-03 00:00:00,2017-02-16 00:00:00,2017-02-17 00:00:00,13,0
ORD_51688,CUST_8046,delivered,2017-02-10 00:00:00,2017-02-21 00:00:00,2017-02-24 00:00:00,11,0
ORD_51689,CUST_6922,delivered,2017-12-24 00:00:00,2018-01-04 00:00:00,2018-01-07 00:00:00,11,0
ORD_51690,CUST_8871,delivered,2017-07-09 00:00:00,2017-07-25 00:00:00,2017-07-23 00:00:00,16,1
ORD_51691,CUST_4737,delivered,2017-10-28 00:00:00,2017-11-08 00:00:00,2017-11-11 00:00:00,11,0
ORD_51692,CUST_6314,delivered,2018-04-18 00:00:00,2018-05-08 00:00:00,2018-05-02 00:00:00,20,1
ORD_51693,CUST_3284,delivered,2018-02-08 00:00:00,2018-02-18 00:00:00,2018-02-22 00:00:00,10,0
ORD_51694,CUST_8116,delivered,2018-02-10 00:00:00,2018-02-26 00:00:00,2018-02-24 00:00:00,16,1
ORD_51695,CUST_6526,delivered,2017-04-12 00:00:00,2017-04-26 00:00:00,2017-04-26 00:00:00,14,0
ORD_51696,CUST_4112,delivered,2017-09-07 00:00:00,2017-09-21 00:00:00,2017-09-21 00:00:00,14,0
ORD_51697,CUST_2736,delivered,2017-02-04 00:00:00,2017-02-14 00:00:00,2017-02-18 00:00:00,10,0
ORD_51698,CUST_9097,delivered,2018-02-16 00:00:00,2018-02-27 00:00:00,2018-03-02 00:00:00,11,0
ORD_51699,CUST_6089,delivered,2017-12-17 00:00:00,2017-12-28 00:00:00,2017-12-31 00:00:00,11,0
ORD_51700,CUST_7117,delivered,2018-02-18 00:00:00,2018-03-08 00:00:00,2018-03-04 00:00:00,18,1
ORD_51701,CUST_6344,delivered,2017-12-19 00:00:00,2017-12-30 00:00:00,2018-01-02 00:00:00,11,0
ORD_51702,CUST_6582,delivered,2017-10-23 00:00:00,2017-11-02 00:00:00,2017-11-06 00:00:00,10,0
