review_id,order_id,review_score,review_comment_title,review_comment_message_pt,review_comment_message_en,sentiment,complaint_tag,review_creation_date
REV_90001,ORD_50001,2,Review 2 Stars,Transportadora jogou a caixa sobre o portão e danificou o espelho.,Courier threw the box over the gate and shattered the mirror.,Negative,shipping_damage,2017-08-18
REV_90002,ORD_50002,1,Review 1 Stars,Mesa chegou com perna quebrada e arranhões profundos.,Table arrived with broken legs and deep scratches.,Negative,damaged_product,2018-04-27
REV_90003,ORD_50003,2,Review 2 Stars,O produto entregue tem cor e tamanho completamente diferentes da foto.,Product delivered has completely different color and size from website photo.,Negative,wrong_item,2018-03-09
REV_90004,ORD_50004,2,Review 2 Stars,Faltaram parafusos essenciais para a montagem da estante.,Missing essential screws to assemble the bookcase.,Negative,missing_parts,2018-01-15
REV_90005,ORD_50005,1,Review 1 Stars,Transportadora jogou a caixa sobre o portão e danificou o espelho.,Courier threw the box over the gate and shattered the mirror.,Negative,shipping_damage,2017-01-25
REV_90006,ORD_50006,5,Review 5 Stars,Móvel muito bonito e fácil de montar.,Very beautiful furniture and easy to assemble.,Positive,positive,2017-12-02
REV_90007,ORD_50007,1,Review 1 Stars,Mesa chegou com perna quebrada e arranhões profundos.,Table arrived with broken legs and deep scratches.,Negative,damaged_product,2017-10-07
REV_90008,ORD_50008,1,Review 1 Stars,"Madeira de qualidade péssima, parece compensado frágil. Decepcionado.","Terrible wood quality, looks like fragile plywood. Disappointed.",Negative,poor_quality,2018-03-17
REV_90009,ORD_50009,2,Review 2 Stars,Faltaram parafusos essenciais para a montagem da estante.,Missing essential screws to assemble the bookcase.,Negative,missing_parts,2018-06-06
REV_90010,ORD_50010,1,Review 1 Stars,O produto entregue tem cor e tamanho completamente diferentes da foto.,Product delivered has completely different color and size from website photo.,Negative,wrong_item,2017-09-03
REV_90011,ORD_50011,3,Review 3 Stars,"Produto razoável, dentro do esperado pelo valor.","Reasonable product, as expected for the price.",Neutral,neutral,2017-02-27
REV_90012,ORD_50012,1,Review 1 Stars,Transportadora jogou a caixa sobre o portão e danificou o espelho.,Courier threw the box over the gate and shattered the mirror.,Negative,shipping_damage,2017-05-17
REV_90013,ORD_50013,2,Review 2 Stars,Faltaram parafusos essenciais para a montagem da estante.,Missing essential screws to assemble the bookcase.,Negative,missing_parts,2017-05-26
REV_90014,ORD_50014,2,Review 2 Stars,Mesa chegou com perna quebrada e arranhões profundos.,Table arrived with broken legs and deep scratches.,Negative,damaged_product,2018-04-06
REV_90015,ORD_50015,1,Review 1 Stars,Faltaram parafusos essenciais para a montagem da estante.,Missing essential screws to assemble the bookcase.,Negative,missing_parts,2017-05-04
REV_90016,ORD_50016,2,Review 2 Stars,Faltaram parafusos essenciais para a montagem da estante.,Missing essential screws to assemble the bookcase.,Negative,missing_parts,2017-02-13
REV_90017,ORD_50017,4,Review 4 Stars,Chegou antes do prazo e em perfeito estado.,Arrived before deadline in perfect condition.,Positive,positive,2018-04-25
REV_90018,ORD_50018,1,Review 1 Stars,"Madeira de qualidade péssima, parece compensado frágil. Decepcionado.","Terrible wood quality, looks like fragile plywood. Disappointed.",Negative,poor_quality,2018-01-14
REV_90019,ORD_50019,2,Review 2 Stars,O produto entregue tem cor e tamanho completamente diferentes da foto.,Product delivered has completely different color and size from website photo.,Negative,wrong_item,2017-11-18
REV_90020,ORD_50020,1,Review 1 Stars,Faltaram parafusos essenciais para a montagem da estante.,Missing essential screws to assemble the bookcase.,Negative,missing_parts,2017-02-15
REV_90021,ORD_50021,2,Review 2 Stars,"Madeira de qualidade péssima, parece compensado frágil. Decepcionado.","Terrible wood quality, looks like fragile plywood. Disappointed.",Negative,poor_quality,2017-11-13
REV_90022,ORD_50022,1,Review 1 Stars,Mesa chegou com perna quebrada e arranhões profundos.,Table arrived with broken legs and deep scratches.,Negative,damaged_product,2017-05-27
REV_90023,ORD_50023,3,Review 3 Stars,"Produto razoável, dentro do esperado pelo valor.","Reasonable product, as expected for the price.",Neutral,neutral,2017-02-24
REV_90024,ORD_50024,1,Review 1 Stars,Transportadora jogou a caixa sobre o portão e danificou o espelho.,Courier threw the box over the gate and shattered the mirror.,Negative,shipping_damage,2017-06-17
REV_90025,ORD_50025,2,Review 2 Stars,Transportadora jogou a caixa sobre o portão e danificou o espelho.,Courier threw the box over the gate and shattered the mirror.,Negative,shipping_damage,2018-05-16
REV_90026,ORD_50026,2,Review 2 Stars,O produto entregue tem cor e tamanho completamente diferentes da foto.,Product delivered has completely different color and size from website photo.,Negative,wrong_item,2017-06-22
REV_90027,ORD_50027,1,Review 1 Stars,Transportadora jogou a caixa sobre o portão e danificou o espelho.,Courier threw the box over the gate and shattered the mirror.,Negative,shipping_damage,2018-05-03
REV_90028,ORD_50028,1,Review 1 Stars,O produto entregue tem cor e tamanho completamente diferentes da foto.,Product delivered has completely different color and size from website photo.,Negative,wrong_item,2018-02-02
REV_90029,ORD_50029,1,Review 1 Stars,"Madeira de qualidade péssima, parece compensado frágil. Decepcionado.","Terrible wood quality, looks like fragile plywood. Disappointed.",Negative,poor_quality,2017-11-22
REV_90030,ORD_50030,1,Review 1 Stars,Atraso de mais de 25 dias na entrega do sofá. Pessoal do suporte não responde.,Over 25 days delay in sofa delivery. Support team does not respond.,Negative,delivery_delay,2017-12-25
REV_90031,ORD_50031,1,Review 1 Stars,Atraso de mais de 25 dias na entrega do sofá. Pessoal do suporte não responde.,Over 25 days delay in sofa delivery. Support team does not respond.,Negative,delivery_delay,2017-02-07
REV_90032,ORD_50032,2,Review 2 Stars,"Madeira de qualidade péssima, parece compensado frágil. Decepcionado.","Terrible wood quality, looks like fragile plywood. Disappointed.",Negative,poor_quality,2018-02-25
REV_90033,ORD_50033,4,Review 4 Stars,Chegou antes do prazo e em perfeito estado.,Arrived before deadline in perfect condition.,Positive,positive,2017-05-20
REV_90034,ORD_50034,2,Review 2 Stars,Atraso de mais de 25 dias na entrega do sofá. Pessoal do suporte não responde.,Over 25 days delay in sofa delivery. Support team does not respond.,Negative,delivery_delay,2017-08-19
REV_90035,ORD_50035,1,Review 1 Stars,Faltaram parafusos essenciais para a montagem da estante.,Missing essential screws to assemble the bookcase.,Negative,missing_parts,2017-02-13
REV_90036,ORD_50036,1,Review 1 Stars,"Madeira de qualidade péssima, parece compensado frágil. Decepcionado.","Terrible wood quality, looks like fragile plywood. Disappointed.",Negative,poor_quality,2017-06-02
REV_90037,ORD_50037,2,Review 2 Stars,Transportadora jogou a caixa sobre o portão e danificou o espelho.,Courier threw the box over the gate and shattered the mirror.,Negative,shipping_damage,2018-05-18
REV_90038,ORD_50038,1,Review 1 Stars,Faltaram parafusos essenciais para a montagem da estante.,Missing essential screws to assemble the bookcase.,Negative,missing_parts,2017-07-01
REV_90039,ORD_50039,1,Review 1 Stars,"Madeira de qualidade péssima, parece compensado frágil. Decepcionado.","Terrible wood quality, looks like fragile plywood. Disappointed.",Negative,poor_quality,2018-01-11
REV_90040,ORD_50040,1,Review 1 Stars,O produto entregue tem cor e tamanho completamente diferentes da foto.,Product delivered has completely different color and size from website photo.,Negative,wrong_item,2017-09-04
REV_90041,ORD_50041,3,Review 3 Stars,"Produto razoável, dentro do esperado pelo valor.","Reasonable product, as expected for the price.",Neutral,neutral,2017-12-19
REV_90042,ORD_50042,1,Review 1 Stars,Atraso de mais de 25 dias na entrega do sofá. Pessoal do suporte não responde.,Over 25 days delay in sofa delivery. Support team does not respond.,Negative,delivery_delay,2018-03-18
REV_90043,ORD_50043,2,Review 2 Stars,Faltaram parafusos essenciais para a montagem da estante.,Missing essential screws to assemble the bookcase.,Negative,missing_parts,2017-09-11
REV_90044,ORD_50044,2,Review 2 Stars,Mesa chegou com perna quebrada e arranhões profundos.,Table arrived with broken legs and deep scratches.,Negative,damaged_product,2017-12-30
REV_90045,ORD_50045,4,Review 4 Stars,Chegou antes do prazo e em perfeito estado.,Arrived before deadline in perfect condition.,Positive,positive,2018-05-14
REV_90046,ORD_50046,1,Review 1 Stars,Transportadora jogou a caixa sobre o portão e danificou o espelho.,Courier threw the box over the gate and shattered the mirror.,Negative,shipping_damage,2017-08-27
REV_90047,ORD_50047,2,Review 2 Stars,"Madeira de qualidade péssima, parece compensado frágil. Decepcionado.","Terrible wood quality, looks like fragile plywood. Disappointed.",Negative,poor_quality,2017-09-28
REV_90048,ORD_50048,1,Review 1 Stars,Faltaram parafusos essenciais para a montagem da estante.,Missing essential screws to assemble the bookcase.,Negative,missing_parts,2017-03-09
REV_90049,ORD_50049,2,Review 2 Stars,O produto entregue tem cor e tamanho completamente diferentes da foto.,Product delivered has completely different color and size from website photo.,Negative,wrong_item,2017-11-04
REV_90050,ORD_50050,2,Review 2 Stars,Faltaram parafusos essenciais para a montagem da estante.,Missing essential screws to assemble the bookcase.,Negative,missing_parts,2018-04-08
REV_90051,ORD_50051,1,Review 1 Stars,Faltaram parafusos essenciais para a montagem da estante.,Missing essential screws to assemble the bookcase.,Negative,missing_parts,2018-03-04
REV_90052,ORD_50052,2,Review 2 Stars,O produto entregue tem cor e tamanho completamente diferentes da foto.,Product delivered has completely different color and size from website photo.,Negative,wrong_item,2018-01-25
REV_90053,ORD_50053,2,Review 2 Stars,Atraso de mais de 25 dias na entrega do sofá. Pessoal do suporte não responde.,Over 25 days delay in sofa delivery. Support team does not respond.,Negative,delivery_delay,2017-03-12
REV_90054,ORD_50054,3,Review 3 Stars,"Produto razoável, dentro do esperado pelo valor.","Reasonable product, as expected for the price.",Neutral,neutral,2017-07-23
REV_90055,ORD_50055,1,Review 1 Stars,Mesa chegou com perna quebrada e arranhões profundos.,Table arrived with broken legs and deep scratches.,Negative,damaged_product,2018-02-16
REV_90056,ORD_50056,1,Review 1 Stars,Faltaram parafusos essenciais para a montagem da estante.,Missing essential screws to assemble the bookcase.,Negative,missing_parts,2018-04-02
REV_90057,ORD_50057,1,Review 1 Stars,"Madeira de qualidade péssima, parece compensado frágil. Decepcionado.","Terrible wood quality, looks like fragile plywood. Disappointed.",Negative,poor_quality,2018-02-17
REV_90058,ORD_50058,1,Review 1 Stars,Mesa chegou com perna quebrada e arranhões profundos.,Table arrived with broken legs and deep scratches.,Negative,damaged_product,2018-05-18
REV_90059,ORD_50059,2,Review 2 Stars,Transportadora jogou a caixa sobre o portão e danificou o espelho.,Courier threw the box over the gate and shattered the mirror.,Negative,shipping_damage,2018-04-13
REV_90060,ORD_50060,2,Review 2 Stars,Transportadora jogou a caixa sobre o portão e danificou o espelho.,Courier threw the box over the gate and shattered the mirror.,Negative,shipping_damage,2017-10-11
REV_90061,ORD_50061,1,Review 1 Stars,O produto entregue tem cor e tamanho completamente diferentes da foto.,Product delivered has completely different color and size from website photo.,Negative,wrong_item,2017-09-12
REV_90062,ORD_50062,2,Review 2 Stars,Atraso de mais de 25 dias na entrega do sofá. Pessoal do suporte não responde.,Over 25 days delay in sofa delivery. Support team does not respond.,Negative,delivery_delay,2017-09-09
REV_90063,ORD_50063,2,Review 2 Stars,"Madeira de qualidade péssima, parece compensado frágil. Decepcionado.","Terrible wood quality, looks like fragile plywood. Disappointed.",Negative,poor_quality,2017-07-16
REV_90064,ORD_50064,2,Review 2 Stars,O produto entregue tem cor e tamanho completamente diferentes da foto.,Product delivered has completely different color and size from website photo.,Negative,wrong_item,2017-11-02
REV_90065,ORD_50065,1,Review 1 Stars,"Madeira de qualidade péssima, parece compensado frágil. Decepcionado.","Terrible wood quality, looks like fragile plywood. Disappointed.",Negative,poor_quality,2017-12-22
REV_90066,ORD_50066,3,Review 3 Stars,"Produto razoável, dentro do esperado pelo valor.","Reasonable product, as expected for the price.",Neutral,neutral,2017-09-14
REV_90067,ORD_50067,2,Review 2 Stars,Mesa chegou com perna quebrada e arranhões profundos.,Table arrived with broken legs and deep scratches.,Negative,damaged_product,2018-01-22
REV_90068,ORD_50068,2,Review 2 Stars,Mesa chegou com perna quebrada e arranhões profundos.,Table arrived with broken legs and deep scratches.,Negative,damaged_product,2018-06-01
REV_90069,ORD_50069,1,Review 1 Stars,Mesa chegou com perna quebrada e arranhões profundos.,Table arrived with broken legs and deep scratches.,Negative,damaged_product,2017-05-19
REV_90070,ORD_50070,2,Review 2 Stars,O produto entregue tem cor e tamanho completamente diferentes da foto.,Product delivered has completely different color and size from website photo.,Negative,wrong_item,2018-01-13
REV_90071,ORD_50071,1,Review 1 Stars,Faltaram parafusos essenciais para a montagem da estante.,Missing essential screws to assemble the bookcase.,Negative,missing_parts,2017-10-01
REV_90072,ORD_50072,2,Review 2 Stars,Mesa chegou com perna quebrada e arranhões profundos.,Table arrived with broken legs and deep scratches.,Negative,damaged_product,2017-11-17
REV_90073,ORD_50073,3,Review 3 Stars,"Produto razoável, dentro do esperado pelo valor.","Reasonable product, as expected for the price.",Neutral,neutral,2017-11-08
REV_90074,ORD_50074,1,Review 1 Stars,O produto entregue tem cor e tamanho completamente diferentes da foto.,Product delivered has completely different color and size from website photo.,Negative,wrong_item,2018-05-11
REV_90075,ORD_50075,1,Review 1 Stars,Atraso de mais de 25 dias na entrega do sofá. Pessoal do suporte não responde.,Over 25 days delay in sofa delivery. Support team does not respond.,Negative,delivery_delay,2018-05-22
REV_90076,ORD_50076,1,Review 1 Stars,"Madeira de qualidade péssima, parece compensado frágil. Decepcionado.","Terrible wood quality, looks like fragile plywood. Disappointed.",Negative,poor_quality,2017-04-14
REV_90077,ORD_50077,1,Review 1 Stars,Faltaram parafusos essenciais para a montagem da estante.,Missing essential screws to assemble the bookcase.,Negative,missing_parts,2018-01-16
REV_90078,ORD_50078,2,Review 2 Stars,O produto entregue tem cor e tamanho completamente diferentes da foto.,Product delivered has completely different color and size from website photo.,Negative,wrong_item,2017-05-14
REV_90079,ORD_50079,3,Review 3 Stars,"Produto razoável, dentro do esperado pelo valor.","Reasonable product, as expected for the price.",Neutral,neutral,2017-09-08
REV_90080,ORD_50080,2,Review 2 Stars,Mesa chegou com perna quebrada e arranhões profundos.,Table arrived with broken legs and deep scratches.,Negative,damaged_product,2017-10-03
REV_90081,ORD_50081,1,Review 1 Stars,Transportadora jogou a caixa sobre o portão e danificou o espelho.,Courier threw the box over the gate and shattered the mirror.,Negative,shipping_damage,2018-05-31
REV_90082,ORD_50082,2,Review 2 Stars,Atraso de mais de 25 dias na entrega do sofá. Pessoal do suporte não responde.,Over 25 days delay in sofa delivery. Support team does not respond.,Negative,delivery_delay,2018-02-18
REV_90083,ORD_50083,1,Review 1 Stars,Atraso de mais de 25 dias na entrega do sofá. Pessoal do suporte não responde.,Over 25 days delay in sofa delivery. Support team does not respond.,Negative,delivery_delay,2017-12-12
REV_90084,ORD_50084,2,Review 2 Stars,"Madeira de qualidade péssima, parece compensado frágil. Decepcionado.","Terrible wood quality, looks like fragile plywood. Disappointed.",Negative,poor_quality,2018-01-14
REV_90085,ORD_50085,5,Review 5 Stars,Chegou antes do prazo e em perfeito estado.,Arrived before deadline in perfect condition.,Positive,positive,2018-06-07
REV_90086,ORD_50086,1,Review 1 Stars,Atraso de mais de 25 dias na entrega do sofá. Pessoal do suporte não responde.,Over 25 days delay in sofa delivery. Support team does not respond.,Negative,delivery_delay,2017-05-02
REV_90087,ORD_50087,1,Review 1 Stars,Transportadora jogou a caixa sobre o portão e danificou o espelho.,Courier threw the box over the gate and shattered the mirror.,Negative,shipping_damage,2017-04-02
REV_90088,ORD_50088,1,Review 1 Stars,Transportadora jogou a caixa sobre o portão e danificou o espelho.,Courier threw the box over the gate and shattered the mirror.,Negative,shipping_damage,2017-11-02
REV_90089,ORD_50089,3,Review 3 Stars,"Produto razoável, dentro do esperado pelo valor.","Reasonable product, as expected for the price.",Neutral,neutral,2018-05-07
REV_90090,ORD_50090,1,Review 1 Stars,Mesa chegou com perna quebrada e arranhões profundos.,Table arrived with broken legs and deep scratches.,Negative,damaged_product,2017-05-29
REV_90091,ORD_50091,2,Review 2 Stars,Atraso de mais de 25 dias na entrega do sofá. Pessoal do suporte não responde.,Over 25 days delay in sofa delivery. Support team does not respond.,Negative,delivery_delay,2017-07-30
REV_90092,ORD_50092,2,Review 2 Stars,Atraso de mais de 25 dias na entrega do sofá. Pessoal do suporte não responde.,Over 25 days delay in sofa delivery. Support team does not respond.,Negative,delivery_delay,2017-09-29
REV_90093,ORD_50093,2,Review 2 Stars,Transportadora jogou a caixa sobre o portão e danificou o espelho.,Courier threw the box over the gate and shattered the mirror.,Negative,shipping_damage,2017-11-14
REV_90094,ORD_50094,2,Review 2 Stars,Mesa chegou com perna quebrada e arranhões profundos.,Table arrived with broken legs and deep scratches.,Negative,damaged_product,2017-12-30
REV_90095,ORD_50095,4,Review 4 Stars,Móvel muito bonito e fácil de montar.,Very beautiful furniture and easy to assemble.,Positive,positive,2017-10-15
REV_90096,ORD_50096,4,Review 4 Stars,Chegou antes do prazo e em perfeito estado.,Arrived before deadline in perfect condition.,Positive,positive,2017-07-21
REV_90097,ORD_50097,2,Review 2 Stars,Atraso de mais de 25 dias na entrega do sofá. Pessoal do suporte não responde.,Over 25 days delay in sofa delivery. Support team does not respond.,Negative,delivery_delay,2018-04-12
REV_90098,ORD_50098,2,Review 2 Stars,Mesa chegou com perna quebrada e arranhões profundos.,Table arrived with broken legs and deep scratches.,Negative,damaged_product,2017-09-10
REV_90099,ORD_50099,2,Review 2 Stars,O produto entregue tem cor e tamanho completamente diferentes da foto.,Product delivered has completely different color and size from website photo.,Negative,wrong_item,2018-03-02
REV_90100,ORD_50100,1,Review 1 Stars,Atraso de mais de 25 dias na entrega do sofá. Pessoal do suporte não responde.,Over 25 days delay in sofa delivery. Support team does not respond.,Negative,delivery_delay,2017-04-25
REV_90101,ORD_50101,1,Review 1 Stars,Faltaram parafusos essenciais para a montagem da estante.,Missing essential screws to assemble the bookcase.,Negative,missing_parts,2017-09-28
REV_90102,ORD_50102,2,Review 2 Stars,Faltaram parafusos essenciais para a montagem da estante.,Missing essential screws to assemble the bookcase.,Negative,missing_parts,2017-12-12
REV_90103,ORD_50103,2,Review 2 Stars,"Madeira de qualidade péssima, parece compensado frágil. Decepcionado.","Terrible wood quality, looks like fragile plywood. Disappointed.",Negative,poor_quality,2017-08-07
REV_90104,ORD_50104,1,Review 1 Stars,Atraso de mais de 25 dias na entrega do sofá. Pessoal do suporte não responde.,Over 25 days delay in sofa delivery. Support team does not respond.,Negative,delivery_delay,2018-05-04
REV_90105,ORD_50105,2,Review 2 Stars,Transportadora jogou a caixa sobre o portão e danificou o espelho.,Courier threw the box over the gate and shattered the mirror.,Negative,shipping_damage,2017-12-07
REV_90106,ORD_50106,2,Review 2 Stars,"Madeira de qualidade péssima, parece compensado frágil. Decepcionado.","Terrible wood quality, looks like fragile plywood. Disappointed.",Negative,poor_quality,2017-07-05
REV_90107,ORD_50107,2,Review 2 Stars,Atraso de mais de 25 dias na entrega do sofá. Pessoal do suporte não responde.,Over 25 days delay in sofa delivery. Support team does not respond.,Negative,delivery_delay,2017-04-19
REV_90108,ORD_50108,2,Review 2 Stars,Atraso de mais de 25 dias na entrega do sofá. Pessoal do suporte não responde.,Over 25 days delay in sofa delivery. Support team does not respond.,Negative,delivery_delay,2018-06-11
REV_90109,ORD_50109,2,Review 2 Stars,"Madeira de qualidade péssima, parece compensado frágil. Decepcionado.","Terrible wood quality, looks like fragile plywood. Disappointed.",Negative,poor_quality,2018-06-03
REV_90110,ORD_50110,1,Review 1 Stars,O produto entregue tem cor e tamanho completamente diferentes da foto.,Product delivered has completely different color and size from website photo.,Negative,wrong_item,2017-11-25
REV_90111,ORD_50111,3,Review 3 Stars,"Produto razoável, dentro do esperado pelo valor.","Reasonable product, as expected for the price.",Neutral,neutral,2018-05-02
REV_90112,ORD_50112,1,Review 1 Stars,O produto entregue tem cor e tamanho completamente diferentes da foto.,Product delivered has completely different color and size from website photo.,Negative,wrong_item,2017-03-30
REV_90113,ORD_50113,3,Review 3 Stars,"Produto razoável, dentro do esperado pelo valor.","Reasonable product, as expected for the price.",Neutral,neutral,2017-09-06
REV_90114,ORD_50114,4,Review 4 Stars,Chegou antes do prazo e em perfeito estado.,Arrived before deadline in perfect condition.,Positive,positive,2018-04-23
REV_90115,ORD_50115,1,Review 1 Stars,"Madeira de qualidade péssima, parece compensado frágil. Decepcionado.","Terrible wood quality, looks like fragile plywood. Disappointed.",Negative,poor_quality,2017-05-11
REV_90116,ORD_50116,1,Review 1 Stars,Mesa chegou com perna quebrada e arranhões profundos.,Table arrived with broken legs and deep scratches.,Negative,damaged_product,2017-02-28
REV_90117,ORD_50117,1,Review 1 Stars,"Madeira de qualidade péssima, parece compensado frágil. Decepcionado.","Terrible wood quality, looks like fragile plywood. Disappointed.",Negative,poor_quality,2017-03-30
REV_90118,ORD_50118,1,Review 1 Stars,Atraso de mais de 25 dias na entrega do sofá. Pessoal do suporte não responde.,Over 25 days delay in sofa delivery. Support team does not respond.,Negative,delivery_delay,2017-06-15
REV_90119,ORD_50119,2,Review 2 Stars,O produto entregue tem cor e tamanho completamente diferentes da foto.,Product delivered has completely different color and size from website photo.,Negative,wrong_item,2018-03-06
REV_90120,ORD_50120,1,Review 1 Stars,O produto entregue tem cor e tamanho completamente diferentes da foto.,Product delivered has completely different color and size from website photo.,Negative,wrong_item,2017-09-20
REV_90121,ORD_50121,3,Review 3 Stars,"Produto razoável, dentro do esperado pelo valor.","Reasonable product, as expected for the price.",Neutral,neutral,2017-06-29
REV_90122,ORD_50122,1,Review 1 Stars,Atraso de mais de 25 dias na entrega do sofá. Pessoal do suporte não responde.,Over 25 days delay in sofa delivery. Support team does not respond.,Negative,delivery_delay,2017-09-29
REV_90123,ORD_50123,2,Review 2 Stars,Mesa chegou com perna quebrada e arranhões profundos.,Table arrived with broken legs and deep scratches.,Negative,damaged_product,2018-02-03
REV_90124,ORD_50124,1,Review 1 Stars,Faltaram parafusos essenciais para a montagem da estante.,Missing essential screws to assemble the bookcase.,Negative,missing_parts,2018-04-08
REV_90125,ORD_50125,2,Review 2 Stars,"Madeira de qualidade péssima, parece compensado frágil. Decepcionado.","Terrible wood quality, looks like fragile plywood. Disappointed.",Negative,poor_quality,2017-08-28
REV_90126,ORD_50126,4,Review 4 Stars,Móvel muito bonito e fácil de montar.,Very beautiful furniture and easy to assemble.,Positive,positive,2017-07-30
REV_90127,ORD_50127,2,Review 2 Stars,Transportadora jogou a caixa sobre o portão e danificou o espelho.,Courier threw the box over the gate and shattered the mirror.,Negative,shipping_damage,2018-02-15
REV_90128,ORD_50128,4,Review 4 Stars,Chegou antes do prazo e em perfeito estado.,Arrived before deadline in perfect condition.,Positive,positive,2017-07-21
REV_90129,ORD_50129,4,Review 4 Stars,Chegou antes do prazo e em perfeito estado.,Arrived before deadline in perfect condition.,Positive,positive,2017-11-19
REV_90130,ORD_50130,3,Review 3 Stars,"Produto razoável, dentro do esperado pelo valor.","Reasonable product, as expected for the price.",Neutral,neutral,2017-04-03
REV_90131,ORD_50131,2,Review 2 Stars,"Madeira de qualidade péssima, parece compensado frágil. Decepcionado.","Terrible wood quality, looks like fragile plywood. Disappointed.",Negative,poor_quality,2017-11-28
REV_90132,ORD_50132,1,Review 1 Stars,Mesa chegou com perna quebrada e arranhões profundos.,Table arrived with broken legs and deep scratches.,Negative,damaged_product,2017-04-23
REV_90133,ORD_50133,2,Review 2 Stars,O produto entregue tem cor e tamanho completamente diferentes da foto.,Product delivered has completely different color and size from website photo.,Negative,wrong_item,2017-05-12
REV_90134,ORD_50134,2,Review 2 Stars,Faltaram parafusos essenciais para a montagem da estante.,Missing essential screws to assemble the bookcase.,Negative,missing_parts,2018-04-23
REV_90135,ORD_50135,2,Review 2 Stars,Mesa chegou com perna quebrada e arranhões profundos.,Table arrived with broken legs and deep scratches.,Negative,damaged_product,2017-10-02
REV_90136,ORD_50136,1,Review 1 Stars,"Madeira de qualidade péssima, parece compensado frágil. Decepcionado.","Terrible wood quality, looks like fragile plywood. Disappointed.",Negative,poor_quality,2017-10-21
REV_90137,ORD_50137,1,Review 1 Stars,Atraso de mais de 25 dias na entrega do sofá. Pessoal do suporte não responde.,Over 25 days delay in sofa delivery. Support team does not respond.,Negative,delivery_delay,2018-02-24
REV_90138,ORD_50138,1,Review 1 Stars,Faltaram parafusos essenciais para a montagem da estante.,Missing essential screws to assemble the bookcase.,Negative,missing_parts,2018-01-19
REV_90139,ORD_50139,2,Review 2 Stars,"Madeira de qualidade péssima, parece compensado frágil. Decepcionado.","Terrible wood quality, looks like fragile plywood. Disappointed.",Negative,poor_quality,2018-05-17
REV_90140,ORD_50140,5,Review 5 Stars,Móvel muito bonito e fácil de montar.,Very beautiful furniture and easy to assemble.,Positive,positive,2017-02-03
REV_90141,ORD_50141,2,Review 2 Stars,Transportadora jogou a caixa sobre o portão e danificou o espelho.,Courier threw the box over the gate and shattered the mirror.,Negative,shipping_damage,2017-06-01
REV_90142,ORD_50142,1,Review 1 Stars,"Madeira de qualidade péssima, parece compensado frágil. Decepcionado.","Terrible wood quality, looks like fragile plywood. Disappointed.",Negative,poor_quality,2017-07-09
REV_90143,ORD_50143,1,Review 1 Stars,Atraso de mais de 25 dias na entrega do sofá. Pessoal do suporte não responde.,Over 25 days delay in sofa delivery. Support team does not respond.,Negative,delivery_delay,2017-05-28
REV_90144,ORD_50144,4,Review 4 Stars,Chegou antes do prazo e em perfeito estado.,Arrived before deadline in perfect condition.,Positive,positive,2017-09-19
REV_90145,ORD_50145,3,Review 3 Stars,"Produto razoável, dentro do esperado pelo valor.","Reasonable product, as expected for the price.",Neutral,neutral,2017-04-15
REV_90146,ORD_50146,2,Review 2 Stars,Mesa chegou com perna quebrada e arranhões profundos.,Table arrived with broken legs and deep scratches.,Negative,damaged_product,2017-07-21
REV_90147,ORD_50147,2,Review 2 Stars,Transportadora jogou a caixa sobre o portão e danificou o espelho.,Courier threw the box over the gate and shattered the mirror.,Negative,shipping_damage,2017-11-26
REV_90148,ORD_50148,1,Review 1 Stars,Faltaram parafusos essenciais para a montagem da estante.,Missing essential screws to assemble the bookcase.,Negative,missing_parts,2018-05-08
REV_90149,ORD_50149,2,Review 2 Stars,O produto entregue tem cor e tamanho completamente diferentes da foto.,Product delivered has completely different color and size from website photo.,Negative,wrong_item,2018-01-27
REV_90150,ORD_50150,1,Review 1 Stars,Transportadora jogou a caixa sobre o portão e danificou o espelho.,Courier threw the box over the gate and shattered the mirror.,Negative,shipping_damage,2017-07-25
REV_90151,ORD_50151,1,Review 1 Stars,"Madeira de qualidade péssima, parece compensado frágil. Decepcionado.","Terrible wood quality, looks like fragile plywood. Disappointed.",Negative,poor_quality,2017-02-27
REV_90152,ORD_50152,1,Review 1 Stars,"Madeira de qualidade péssima, parece compensado frágil. Decepcionado.","Terrible wood quality, looks like fragile plywood. Disappointed.",Negative,poor_quality,2018-05-12
REV_90153,ORD_50153,3,Review 3 Stars,"Produto razoável, dentro do esperado pelo valor.","Reasonable product, as expected for the price.",Neutral,neutral,2017-12-16
REV_90154,ORD_50154,1,Review 1 Stars,"Madeira de qualidade péssima, parece compensado frágil. Decepcionado.","Terrible wood quality, looks like fragile plywood. Disappointed.",Negative,poor_quality,2017-12-21
REV_90155,ORD_50155,3,Review 3 Stars,"Produto razoável, dentro do esperado pelo valor.","Reasonable product, as expected for the price.",Neutral,neutral,2017-05-15
REV_90156,ORD_50156,1,Review 1 Stars,Atraso de mais de 25 dias na entrega do sofá. Pessoal do suporte não responde.,Over 25 days delay in sofa delivery. Support team does not respond.,Negative,delivery_delay,2017-02-15
REV_90157,ORD_50157,2,Review 2 Stars,O produto entregue tem cor e tamanho completamente diferentes da foto.,Product delivered has completely different color and size from website photo.,Negative,wrong_item,2018-02-03
REV_90158,ORD_50158,2,Review 2 Stars,Faltaram parafusos essenciais para a montagem da estante.,Missing essential screws to assemble the bookcase.,Negative,missing_parts,2017-05-29
REV_90159,ORD_50159,2,Review 2 Stars,Mesa chegou com perna quebrada e arranhões profundos.,Table arrived with broken legs and deep scratches.,Negative,damaged_product,2017-10-03
REV_90160,ORD_50160,3,Review 3 Stars,"Produto razoável, dentro do esperado pelo valor.","Reasonable product, as expected for the price.",Neutral,neutral,2018-04-12
REV_90161,ORD_50161,1,Review 1 Stars,Faltaram parafusos essenciais para a montagem da estante.,Missing essential screws to assemble the bookcase.,Negative,missing_parts,2018-02-21
REV_90162,ORD_50162,5,Review 5 Stars,Chegou antes do prazo e em perfeito estado.,Arrived before deadline in perfect condition.,Positive,positive,2017-08-26
REV_90163,ORD_50163,2,Review 2 Stars,Faltaram parafusos essenciais para a montagem da estante.,Missing essential screws to assemble the bookcase.,Negative,missing_parts,2017-07-11
REV_90164,ORD_50164,1,Review 1 Stars,Atraso de mais de 25 dias na entrega do sofá. Pessoal do suporte não responde.,Over 25 days delay in sofa delivery. Support team does not respond.,Negative,delivery_delay,2018-02-24
REV_90165,ORD_50165,2,Review 2 Stars,Transportadora jogou a caixa sobre o portão e danificou o espelho.,Courier threw the box over the gate and shattered the mirror.,Negative,shipping_damage,2017-09-04
REV_90166,ORD_50166,1,Review 1 Stars,Transportadora jogou a caixa sobre o portão e danificou o espelho.,Courier threw the box over the gate and shattered the mirror.,Negative,shipping_damage,2017-02-28
REV_90167,ORD_50167,1,Review 1 Stars,O produto entregue tem cor e tamanho completamente diferentes da foto.,Product delivered has completely different color and size from website photo.,Negative,wrong_item,2017-08-30
REV_90168,ORD_50168,2,Review 2 Stars,Mesa chegou com perna quebrada e arranhões profundos.,Table arrived with broken legs and deep scratches.,Negative,damaged_product,2018-06-02
REV_90169,ORD_50169,1,Review 1 Stars,O produto entregue tem cor e tamanho completamente diferentes da foto.,Product delivered has completely different color and size from website photo.,Negative,wrong_item,2017-08-01
REV_90170,ORD_50170,2,Review 2 Stars,Transportadora jogou a caixa sobre o portão e danificou o espelho.,Courier threw the box over the gate and shattered the mirror.,Negative,shipping_damage,2017-04-02
REV_90171,ORD_50171,1,Review 1 Stars,Mesa chegou com perna quebrada e arranhões profundos.,Table arrived with broken legs and deep scratches.,Negative,damaged_product,2017-12-13
REV_90172,ORD_50172,1,Review 1 Stars,"Madeira de qualidade péssima, parece compensado frágil. Decepcionado.","Terrible wood quality, looks like fragile plywood. Disappointed.",Negative,poor_quality,2017-07-16
REV_90173,ORD_50173,4,Review 4 Stars,Chegou antes do prazo e em perfeito estado.,Arrived before deadline in perfect condition.,Positive,positive,2018-04-05
REV_90174,ORD_50174,2,Review 2 Stars,Faltaram parafusos essenciais para a montagem da estante.,Missing essential screws to assemble the bookcase.,Negative,missing_parts,2018-04-20
REV_90175,ORD_50175,3,Review 3 Stars,"Produto razoável, dentro do esperado pelo valor.","Reasonable product, as expected for the price.",Neutral,neutral,2017-06-14
REV_90176,ORD_50176,2,Review 2 Stars,Atraso de mais de 25 dias na entrega do sofá. Pessoal do suporte não responde.,Over 25 days delay in sofa delivery. Support team does not respond.,Negative,delivery_delay,2017-06-20
REV_90177,ORD_50177,1,Review 1 Stars,Mesa chegou com perna quebrada e arranhões profundos.,Table arrived with broken legs and deep scratches.,Negative,damaged_product,2017-07-20
REV_90178,ORD_50178,2,Review 2 Stars,Mesa chegou com perna quebrada e arranhões profundos.,Table arrived with broken legs and deep scratches.,Negative,damaged_product,2017-08-01
REV_90179,ORD_50179,1,Review 1 Stars,Transportadora jogou a caixa sobre o portão e danificou o espelho.,Courier threw the box over the gate and shattered the mirror.,Negative,shipping_damage,2017-05-21
REV_90180,ORD_50180,2,Review 2 Stars,Transportadora jogou a caixa sobre o portão e danificou o espelho.,Courier threw the box over the gate and shattered the mirror.,Negative,shipping_damage,2017-08-04
REV_90181,ORD_50181,1,Review 1 Stars,"Madeira de qualidade péssima, parece compensado frágil. Decepcionado.","Terrible wood quality, looks like fragile plywood. Disappointed.",Negative,poor_quality,2018-05-31
REV_90182,ORD_50182,1,Review 1 Stars,Faltaram parafusos essenciais para a montagem da estante.,Missing essential screws to assemble the bookcase.,Negative,missing_parts,2017-05-10
REV_90183,ORD_50183,2,Review 2 Stars,"Madeira de qualidade péssima, parece compensado frágil. Decepcionado.","Terrible wood quality, looks like fragile plywood. Disappointed.",Negative,poor_quality,2017-03-20
REV_90184,ORD_50184,2,Review 2 Stars,Mesa chegou com perna quebrada e arranhões profundos.,Table arrived with broken legs and deep scratches.,Negative,damaged_product,2018-03-10
REV_90185,ORD_50185,3,Review 3 Stars,"Produto razoável, dentro do esperado pelo valor.","Reasonable product, as expected for the price.",Neutral,neutral,2017-09-11
REV_90186,ORD_50186,4,Review 4 Stars,Móvel muito bonito e fácil de montar.,Very beautiful furniture and easy to assemble.,Positive,positive,2017-10-18
REV_90187,ORD_50187,1,Review 1 Stars,Faltaram parafusos essenciais para a montagem da estante.,Missing essential screws to assemble the bookcase.,Negative,missing_parts,2018-01-05
REV_90188,ORD_50188,1,Review 1 Stars,"Madeira de qualidade péssima, parece compensado frágil. Decepcionado.","Terrible wood quality, looks like fragile plywood. Disappointed.",Negative,poor_quality,2018-03-26
REV_90189,ORD_50189,2,Review 2 Stars,O produto entregue tem cor e tamanho completamente diferentes da foto.,Product delivered has completely different color and size from website photo.,Negative,wrong_item,2018-04-06
REV_90190,ORD_50190,2,Review 2 Stars,O produto entregue tem cor e tamanho completamente diferentes da foto.,Product delivered has completely different color and size from website photo.,Negative,wrong_item,2017-10-12
REV_90191,ORD_50191,2,Review 2 Stars,O produto entregue tem cor e tamanho completamente diferentes da foto.,Product delivered has completely different color and size from website photo.,Negative,wrong_item,2017-03-02
REV_90192,ORD_50192,2,Review 2 Stars,"Madeira de qualidade péssima, parece compensado frágil. Decepcionado.","Terrible wood quality, looks like fragile plywood. Disappointed.",Negative,poor_quality,2017-10-04
REV_90193,ORD_50193,1,Review 1 Stars,"Madeira de qualidade péssima, parece compensado frágil. Decepcionado.","Terrible wood quality, looks like fragile plywood. Disappointed.",Negative,poor_quality,2018-01-11
REV_90194,ORD_50194,2,Review 2 Stars,Atraso de mais de 25 dias na entrega do sofá. Pessoal do suporte não responde.,Over 25 days delay in sofa delivery. Support team does not respond.,Negative,delivery_delay,2018-02-01
REV_90195,ORD_50195,3,Review 3 Stars,"Produto razoável, dentro do esperado pelo valor.","Reasonable product, as expected for the price.",Neutral,neutral,2017-06-20
REV_90196,ORD_50196,1,Review 1 Stars,Faltaram parafusos essenciais para a montagem da estante.,Missing essential screws to assemble the bookcase.,Negative,missing_parts,2017-05-27
REV_90197,ORD_50197,1,Review 1 Stars,Atraso de mais de 25 dias na entrega do sofá. Pessoal do suporte não responde.,Over 25 days delay in sofa delivery. Support team does not respond.,Negative,delivery_delay,2017-10-12
REV_90198,ORD_50198,1,Review 1 Stars,Mesa chegou com perna quebrada e arranhões profundos.,Table arrived with broken legs and deep scratches.,Negative,damaged_product,2017-03-01
REV_90199,ORD_50199,1,Review 1 Stars,O produto entregue tem cor e tamanho completamente diferentes da foto.,Product delivered has completely different color and size from website photo.,Negative,wrong_item,2018-04-27
REV_90200,ORD_50200,2,Review 2 Stars,O produto entregue tem cor e tamanho completamente diferentes da foto.,Product delivered has completely different color and size from website photo.,Negative,wrong_item,2017-07-21
REV_90201,ORD_50201,2,Review 2 Stars,Atraso de mais de 25 dias na entrega do sofá. Pessoal do suporte não responde.,Over 25 days delay in sofa delivery. Support team does not respond.,Negative,delivery_delay,2017-04-07
REV_90202,ORD_50202,2,Review 2 Stars,O produto entregue tem cor e tamanho completamente diferentes da foto.,Product delivered has completely different color and size from website photo.,Negative,wrong_item,2017-08-20
REV_90203,ORD_50203,2,Review 2 Stars,O produto entregue tem cor e tamanho completamente diferentes da foto.,Product delivered has completely different color and size from website photo.,Negative,wrong_item,2017-12-05
REV_90204,ORD_50204,1,Review 1 Stars,"Madeira de qualidade péssima, parece compensado frágil. Decepcionado.","Terrible wood quality, looks like fragile plywood. Disappointed.",Negative,poor_quality,2018-03-20
REV_90205,ORD_50205,2,Review 2 Stars,"Madeira de qualidade péssima, parece compensado frágil. Decepcionado.","Terrible wood quality, looks like fragile plywood. Disappointed.",Negative,poor_quality,2017-08-27
REV_90206,ORD_50206,2,Review 2 Stars,Transportadora jogou a caixa sobre o portão e danificou o espelho.,Courier threw the box over the gate and shattered the mirror.,Negative,shipping_damage,2018-01-14
REV_90207,ORD_50207,2,Review 2 Stars,"Madeira de qualidade péssima, parece compensado frágil. Decepcionado.","Terrible wood quality, looks like fragile plywood. Disappointed.",Negative,poor_quality,2017-04-09
REV_90208,ORD_50208,5,Review 5 Stars,Móvel muito bonito e fácil de montar.,Very beautiful furniture and easy to assemble.,Positive,positive,2017-08-19
REV_90209,ORD_50209,1,Review 1 Stars,Faltaram parafusos essenciais para a montagem da estante.,Missing essential screws to assemble the bookcase.,Negative,missing_parts,2017-10-11
REV_90210,ORD_50210,3,Review 3 Stars,"Produto razoável, dentro do esperado pelo valor.","Reasonable product, as expected for the price.",Neutral,neutral,2017-10-29
REV_90211,ORD_50211,1,Review 1 Stars,Transportadora jogou a caixa sobre o portão e danificou o espelho.,Courier threw the box over the gate and shattered the mirror.,Negative,shipping_damage,2017-05-09
REV_90212,ORD_50212,2,Review 2 Stars,Faltaram parafusos essenciais para a montagem da estante.,Missing essential screws to assemble the bookcase.,Negative,missing_parts,2017-07-12
REV_90213,ORD_50213,2,Review 2 Stars,Transportadora jogou a caixa sobre o portão e danificou o espelho.,Courier threw the box over the gate and shattered the mirror.,Negative,shipping_damage,2017-06-22
REV_90214,ORD_50214,1,Review 1 Stars,O produto entregue tem cor e tamanho completamente diferentes da foto.,Product delivered has completely different color and size from website photo.,Negative,wrong_item,2017-05-17
REV_90215,ORD_50215,1,Review 1 Stars,Faltaram parafusos essenciais para a montagem da estante.,Missing essential screws to assemble the bookcase.,Negative,missing_parts,2017-05-30
REV_90216,ORD_50216,2,Review 2 Stars,Faltaram parafusos essenciais para a montagem da estante.,Missing essential screws to assemble the bookcase.,Negative,missing_parts,2017-03-15
REV_90217,ORD_50217,1,Review 1 Stars,O produto entregue tem cor e tamanho completamente diferentes da foto.,Product delivered has completely different color and size from website photo.,Negative,wrong_item,2018-02-17
REV_90218,ORD_50218,3,Review 3 Stars,"Produto razoável, dentro do esperado pelo valor.","Reasonable product, as expected for the price.",Neutral,neutral,2018-05-04
REV_90219,ORD_50219,5,Review 5 Stars,Chegou antes do prazo e em perfeito estado.,Arrived before deadline in perfect condition.,Positive,positive,2018-04-21
REV_90220,ORD_50220,1,Review 1 Stars,"Madeira de qualidade péssima, parece compensado frágil. Decepcionado.","Terrible wood quality, looks like fragile plywood. Disappointed.",Negative,poor_quality,2017-12-12
REV_90221,ORD_50221,1,Review 1 Stars,O produto entregue tem cor e tamanho completamente diferentes da foto.,Product delivered has completely different color and size from website photo.,Negative,wrong_item,2018-01-03
REV_90222,ORD_50222,2,Review 2 Stars,Transportadora jogou a caixa sobre o portão e danificou o espelho.,Courier threw the box over the gate and shattered the mirror.,Negative,shipping_damage,2017-04-22
REV_90223,ORD_50223,2,Review 2 Stars,"Madeira de qualidade péssima, parece compensado frágil. Decepcionado.","Terrible wood quality, looks like fragile plywood. Disappointed.",Negative,poor_quality,2017-04-09
REV_90224,ORD_50224,1,Review 1 Stars,Transportadora jogou a caixa sobre o portão e danificou o espelho.,Courier threw the box over the gate and shattered the mirror.,Negative,shipping_damage,2017-11-19
REV_90225,ORD_50225,2,Review 2 Stars,"Madeira de qualidade péssima, parece compensado frágil. Decepcionado.","Terrible wood quality, looks like fragile plywood. Disappointed.",Negative,poor_quality,2017-06-29
REV_90226,ORD_50226,2,Review 2 Stars,O produto entregue tem cor e tamanho completamente diferentes da foto.,Product delivered has completely different color and size from website photo.,Negative,wrong_item,2017-05-17
REV_90227,ORD_50227,2,Review 2 Stars,Mesa chegou com perna quebrada e arranhões profundos.,Table arrived with broken legs and deep scratches.,Negative,damaged_product,2018-02-17
REV_90228,ORD_50228,2,Review 2 Stars,O produto entregue tem cor e tamanho completamente diferentes da foto.,Product delivered has completely different color and size from website photo.,Negative,wrong_item,2017-02-22
REV_90229,ORD_50229,1,Review 1 Stars,Faltaram parafusos essenciais para a montagem da estante.,Missing essential screws to assemble the bookcase.,Negative,missing_parts,2018-01-11
REV_90230,ORD_50230,2,Review 2 Stars,Transportadora jogou a caixa sobre o portão e danificou o espelho.,Courier threw the box over the gate and shattered the mirror.,Negative,shipping_damage,2017-08-26
REV_90231,ORD_50231,1,Review 1 Stars,O produto entregue tem cor e tamanho completamente diferentes da foto.,Product delivered has completely different color and size from website photo.,Negative,wrong_item,2017-06-07
REV_90232,ORD_50232,4,Review 4 Stars,Chegou antes do prazo e em perfeito estado.,Arrived before deadline in perfect condition.,Positive,positive,2018-05-19
REV_90233,ORD_50233,2,Review 2 Stars,Mesa chegou com perna quebrada e arranhões profundos.,Table arrived with broken legs and deep scratches.,Negative,damaged_product,2017-09-13
REV_90234,ORD_50234,2,Review 2 Stars,Faltaram parafusos essenciais para a montagem da estante.,Missing essential screws to assemble the bookcase.,Negative,missing_parts,2017-08-11
REV_90235,ORD_50235,2,Review 2 Stars,Atraso de mais de 25 dias na entrega do sofá. Pessoal do suporte não responde.,Over 25 days delay in sofa delivery. Support team does not respond.,Negative,delivery_delay,2017-09-04
REV_90236,ORD_50236,1,Review 1 Stars,O produto entregue tem cor e tamanho completamente diferentes da foto.,Product delivered has completely different color and size from website photo.,Negative,wrong_item,2017-02-12
REV_90237,ORD_50237,2,Review 2 Stars,Atraso de mais de 25 dias na entrega do sofá. Pessoal do suporte não responde.,Over 25 days delay in sofa delivery. Support team does not respond.,Negative,delivery_delay,2017-11-28
REV_90238,ORD_50238,4,Review 4 Stars,Chegou antes do prazo e em perfeito estado.,Arrived before deadline in perfect condition.,Positive,positive,2018-02-16
REV_90239,ORD_50239,2,Review 2 Stars,Mesa chegou com perna quebrada e arranhões profundos.,Table arrived with broken legs and deep scratches.,Negative,damaged_product,2017-05-24
REV_90240,ORD_50240,3,Review 3 Stars,"Produto razoável, dentro do esperado pelo valor.","Reasonable product, as expected for the price.",Neutral,neutral,2017-12-15
REV_90241,ORD_50241,1,Review 1 Stars,O produto entregue tem cor e tamanho completamente diferentes da foto.,Product delivered has completely different color and size from website photo.,Negative,wrong_item,2018-03-02
REV_90242,ORD_50242,4,Review 4 Stars,Chegou antes do prazo e em perfeito estado.,Arrived before deadline in perfect condition.,Positive,positive,2018-04-09
REV_90243,ORD_50243,2,Review 2 Stars,"Madeira de qualidade péssima, parece compensado frágil. Decepcionado.","Terrible wood quality, looks like fragile plywood. Disappointed.",Negative,poor_quality,2017-04-06
REV_90244,ORD_50244,1,Review 1 Stars,Atraso de mais de 25 dias na entrega do sofá. Pessoal do suporte não responde.,Over 25 days delay in sofa delivery. Support team does not respond.,Negative,delivery_delay,2018-02-06
REV_90245,ORD_50245,1,Review 1 Stars,Transportadora jogou a caixa sobre o portão e danificou o espelho.,Courier threw the box over the gate and shattered the mirror.,Negative,shipping_damage,2017-09-26
REV_90246,ORD_50246,2,Review 2 Stars,O produto entregue tem cor e tamanho completamente diferentes da foto.,Product delivered has completely different color and size from website photo.,Negative,wrong_item,2018-05-11
REV_90247,ORD_50247,2,Review 2 Stars,Faltaram parafusos essenciais para a montagem da estante.,Missing essential screws to assemble the bookcase.,Negative,missing_parts,2017-08-08
REV_90248,ORD_50248,1,Review 1 Stars,Transportadora jogou a caixa sobre o portão e danificou o espelho.,Courier threw the box over the gate and shattered the mirror.,Negative,shipping_damage,2018-02-16
REV_90249,ORD_50249,1,Review 1 Stars,"Madeira de qualidade péssima, parece compensado frágil. Decepcionado.","Terrible wood quality, looks like fragile plywood. Disappointed.",Negative,poor_quality,2017-06-06
REV_90250,ORD_50250,2,Review 2 Stars,Transportadora jogou a caixa sobre o portão e danificou o espelho.,Courier threw the box over the gate and shattered the mirror.,Negative,shipping_damage,2017-11-16
REV_90251,ORD_50251,2,Review 2 Stars,Atraso de mais de 25 dias na entrega do sofá. Pessoal do suporte não responde.,Over 25 days delay in sofa delivery. Support team does not respond.,Negative,delivery_delay,2017-09-14
REV_90252,ORD_50252,2,Review 2 Stars,Faltaram parafusos essenciais para a montagem da estante.,Missing essential screws to assemble the bookcase.,Negative,missing_parts,2017-10-29
REV_90253,ORD_50253,2,Review 2 Stars,Transportadora jogou a caixa sobre o portão e danificou o espelho.,Courier threw the box over the gate and shattered the mirror.,Negative,shipping_damage,2017-02-22
REV_90254,ORD_50254,2,Review 2 Stars,Mesa chegou com perna quebrada e arranhões profundos.,Table arrived with broken legs and deep scratches.,Negative,damaged_product,2017-02-04
REV_90255,ORD_50255,2,Review 2 Stars,"Madeira de qualidade péssima, parece compensado frágil. Decepcionado.","Terrible wood quality, looks like fragile plywood. Disappointed.",Negative,poor_quality,2018-03-17
REV_90256,ORD_50256,3,Review 3 Stars,"Produto razoável, dentro do esperado pelo valor.","Reasonable product, as expected for the price.",Neutral,neutral,2017-03-08
REV_90257,ORD_50257,2,Review 2 Stars,O produto entregue tem cor e tamanho completamente diferentes da foto.,Product delivered has completely different color and size from website photo.,Negative,wrong_item,2018-01-10
REV_90258,ORD_50258,2,Review 2 Stars,O produto entregue tem cor e tamanho completamente diferentes da foto.,Product delivered has completely different color and size from website photo.,Negative,wrong_item,2017-12-11
REV_90259,ORD_50259,1,Review 1 Stars,Transportadora jogou a caixa sobre o portão e danificou o espelho.,Courier threw the box over the gate and shattered the mirror.,Negative,shipping_damage,2018-05-10
REV_90260,ORD_50260,2,Review 2 Stars,Mesa chegou com perna quebrada e arranhões profundos.,Table arrived with broken legs and deep scratches.,Negative,damaged_product,2017-11-06
REV_90261,ORD_50261,1,Review 1 Stars,Transportadora jogou a caixa sobre o portão e danificou o espelho.,Courier threw the box over the gate and shattered the mirror.,Negative,shipping_damage,2017-11-15
REV_90262,ORD_50262,1,Review 1 Stars,"Madeira de qualidade péssima, parece compensado frágil. Decepcionado.","Terrible wood quality, looks like fragile plywood. Disappointed.",Negative,poor_quality,2017-10-08
REV_90263,ORD_50263,2,Review 2 Stars,O produto entregue tem cor e tamanho completamente diferentes da foto.,Product delivered has completely different color and size from website photo.,Negative,wrong_item,2018-06-01
REV_90264,ORD_50264,1,Review 1 Stars,Transportadora jogou a caixa sobre o portão e danificou o espelho.,Courier threw the box over the gate and shattered the mirror.,Negative,shipping_damage,2017-04-27
REV_90265,ORD_50265,2,Review 2 Stars,"Madeira de qualidade péssima, parece compensado frágil. Decepcionado.","Terrible wood quality, looks like fragile plywood. Disappointed.",Negative,poor_quality,2017-06-12
REV_90266,ORD_50266,1,Review 1 Stars,Faltaram parafusos essenciais para a montagem da estante.,Missing essential screws to assemble the bookcase.,Negative,missing_parts,2017-01-24
REV_90267,ORD_50267,2,Review 2 Stars,Faltaram parafusos essenciais para a montagem da estante.,Missing essential screws to assemble the bookcase.,Negative,missing_parts,2017-08-16
REV_90268,ORD_50268,1,Review 1 Stars,Transportadora jogou a caixa sobre o portão e danificou o espelho.,Courier threw the box over the gate and shattered the mirror.,Negative,shipping_damage,2017-08-25
REV_90269,ORD_50269,2,Review 2 Stars,Faltaram parafusos essenciais para a montagem da estante.,Missing essential screws to assemble the bookcase.,Negative,missing_parts,2017-04-07
REV_90270,ORD_50270,1,Review 1 Stars,Faltaram parafusos essenciais para a montagem da estante.,Missing essential screws to assemble the bookcase.,Negative,missing_parts,2018-02-25
REV_90271,ORD_50271,3,Review 3 Stars,"Produto razoável, dentro do esperado pelo valor.","Reasonable product, as expected for the price.",Neutral,neutral,2017-06-27
REV_90272,ORD_50272,1,Review 1 Stars,Faltaram parafusos essenciais para a montagem da estante.,Missing essential screws to assemble the bookcase.,Negative,missing_parts,2017-07-08
REV_90273,ORD_50273,1,Review 1 Stars,"Madeira de qualidade péssima, parece compensado frágil. Decepcionado.","Terrible wood quality, looks like fragile plywood. Disappointed.",Negative,poor_quality,2018-05-26
REV_90274,ORD_50274,3,Review 3 Stars,"Produto razoável, dentro do esperado pelo valor.","Reasonable product, as expected for the price.",Neutral,neutral,2018-03-14
REV_90275,ORD_50275,4,Review 4 Stars,Móvel muito bonito e fácil de montar.,Very beautiful furniture and easy to assemble.,Positive,positive,2018-05-28
REV_90276,ORD_50276,2,Review 2 Stars,Mesa chegou com perna quebrada e arranhões profundos.,Table arrived with broken legs and deep scratches.,Negative,damaged_product,2017-04-10
REV_90277,ORD_50277,2,Review 2 Stars,Transportadora jogou a caixa sobre o portão e danificou o espelho.,Courier threw the box over the gate and shattered the mirror.,Negative,shipping_damage,2017-11-19
REV_90278,ORD_50278,1,Review 1 Stars,O produto entregue tem cor e tamanho completamente diferentes da foto.,Product delivered has completely different color and size from website photo.,Negative,wrong_item,2017-03-22
REV_90279,ORD_50279,1,Review 1 Stars,O produto entregue tem cor e tamanho completamente diferentes da foto.,Product delivered has completely different color and size from website photo.,Negative,wrong_item,2018-05-31
REV_90280,ORD_50280,1,Review 1 Stars,"Madeira de qualidade péssima, parece compensado frágil. Decepcionado.","Terrible wood quality, looks like fragile plywood. Disappointed.",Negative,poor_quality,2017-11-05
REV_90281,ORD_50281,2,Review 2 Stars,"Madeira de qualidade péssima, parece compensado frágil. Decepcionado.","Terrible wood quality, looks like fragile plywood. Disappointed.",Negative,poor_quality,2017-03-17
REV_90282,ORD_50282,2,Review 2 Stars,Mesa chegou com perna quebrada e arranhões profundos.,Table arrived with broken legs and deep scratches.,Negative,damaged_product,2017-10-20
REV_90283,ORD_50283,1,Review 1 Stars,Transportadora jogou a caixa sobre o portão e danificou o espelho.,Courier threw the box over the gate and shattered the mirror.,Negative,shipping_damage,2018-03-10
REV_90284,ORD_50284,2,Review 2 Stars,Transportadora jogou a caixa sobre o portão e danificou o espelho.,Courier threw the box over the gate and shattered the mirror.,Negative,shipping_damage,2017-04-25
REV_90285,ORD_50285,3,Review 3 Stars,"Produto razoável, dentro do esperado pelo valor.","Reasonable product, as expected for the price.",Neutral,neutral,2017-12-26
REV_90286,ORD_50286,4,Review 4 Stars,Móvel muito bonito e fácil de montar.,Very beautiful furniture and easy to assemble.,Positive,positive,2017-08-15
REV_90287,ORD_50287,2,Review 2 Stars,O produto entregue tem cor e tamanho completamente diferentes da foto.,Product delivered has completely different color and size from website photo.,Negative,wrong_item,2018-03-09
REV_90288,ORD_50288,2,Review 2 Stars,O produto entregue tem cor e tamanho completamente diferentes da foto.,Product delivered has completely different color and size from website photo.,Negative,wrong_item,2017-11-26
REV_90289,ORD_50289,2,Review 2 Stars,Mesa chegou com perna quebrada e arranhões profundos.,Table arrived with broken legs and deep scratches.,Negative,damaged_product,2018-05-09
REV_90290,ORD_50290,2,Review 2 Stars,Atraso de mais de 25 dias na entrega do sofá. Pessoal do suporte não responde.,Over 25 days delay in sofa delivery. Support team does not respond.,Negative,delivery_delay,2018-01-15
REV_90291,ORD_50291,1,Review 1 Stars,Atraso de mais de 25 dias na entrega do sofá. Pessoal do suporte não responde.,Over 25 days delay in sofa delivery. Support team does not respond.,Negative,delivery_delay,2018-01-11
REV_90292,ORD_50292,2,Review 2 Stars,O produto entregue tem cor e tamanho completamente diferentes da foto.,Product delivered has completely different color and size from website photo.,Negative,wrong_item,2017-12-09
REV_90293,ORD_50293,1,Review 1 Stars,Atraso de mais de 25 dias na entrega do sofá. Pessoal do suporte não responde.,Over 25 days delay in sofa delivery. Support team does not respond.,Negative,delivery_delay,2017-08-24
REV_90294,ORD_50294,2,Review 2 Stars,O produto entregue tem cor e tamanho completamente diferentes da foto.,Product delivered has completely different color and size from website photo.,Negative,wrong_item,2017-06-22
REV_90295,ORD_50295,5,Review 5 Stars,Móvel muito bonito e fácil de montar.,Very beautiful furniture and easy to assemble.,Positive,positive,2017-11-20
REV_90296,ORD_50296,4,Review 4 Stars,Chegou antes do prazo e em perfeito estado.,Arrived before deadline in perfect condition.,Positive,positive,2017-10-26
REV_90297,ORD_50297,5,Review 5 Stars,Móvel muito bonito e fácil de montar.,Very beautiful furniture and easy to assemble.,Positive,positive,2017-06-08
REV_90298,ORD_50298,1,Review 1 Stars,Atraso de mais de 25 dias na entrega do sofá. Pessoal do suporte não responde.,Over 25 days delay in sofa delivery. Support team does not respond.,Negative,delivery_delay,2018-04-05
REV_90299,ORD_50299,2,Review 2 Stars,O produto entregue tem cor e tamanho completamente diferentes da foto.,Product delivered has completely different color and size from website photo.,Negative,wrong_item,2017-10-21
REV_90300,ORD_50300,1,Review 1 Stars,Atraso de mais de 25 dias na entrega do sofá. Pessoal do suporte não responde.,Over 25 days delay in sofa delivery. Support team does not respond.,Negative,delivery_delay,2017-03-31
REV_90301,ORD_50301,2,Review 2 Stars,Atraso de mais de 25 dias na entrega do sofá. Pessoal do suporte não responde.,Over 25 days delay in sofa delivery. Support team does not respond.,Negative,delivery_delay,2018-03-15
REV_90302,ORD_50302,2,Review 2 Stars,Transportadora jogou a caixa sobre o portão e danificou o espelho.,Courier threw the box over the gate and shattered the mirror.,Negative,shipping_damage,2017-12-08
REV_90303,ORD_50303,2,Review 2 Stars,Transportadora jogou a caixa sobre o portão e danificou o espelho.,Courier threw the box over the gate and shattered the mirror.,Negative,shipping_damage,2018-05-28
REV_90304,ORD_50304,5,Review 5 Stars,Chegou antes do prazo e em perfeito estado.,Arrived before deadline in perfect condition.,Positive,positive,2018-04-07
REV_90305,ORD_50305,1,Review 1 Stars,O lençol rasgou na primeira lavagem. Tecido muito fino.,Bedsheet tore on first wash. Fabric is extremely thin.,Negative,poor_quality,2018-01-28
REV_90306,ORD_50306,1,Review 1 Stars,"Entrega atrasou 15 dias, pedido veio incompleto sem as fronhas.","Delivery was 15 days late, order incomplete without pillowcases.",Negative,delivery_delay,2018-02-07
REV_90307,ORD_50307,4,Review 4 Stars,Toalhas macias e com ótima absorção.,Soft towels with great water absorption.,Positive,positive,2017-05-24
REV_90308,ORD_50308,5,Review 5 Stars,Gostei bastante da estampa e do tecido de algodão.,Really liked the print and cotton fabric.,Positive,positive,2017-04-30
REV_90309,ORD_50309,1,Review 1 Stars,O lençol rasgou na primeira lavagem. Tecido muito fino.,Bedsheet tore on first wash. Fabric is extremely thin.,Negative,poor_quality,2018-03-04
REV_90310,ORD_50310,1,Review 1 Stars,Costuras tortas e acabamento grosseiro.,Crooked stitching and rough finishing.,Negative,poor_quality,2017-03-25
REV_90311,ORD_50311,5,Review 5 Stars,Gostei bastante da estampa e do tecido de algodão.,Really liked the print and cotton fabric.,Positive,positive,2017-11-09
REV_90312,ORD_50312,1,Review 1 Stars,Cor desbotou completamente e soltou tinta nas outras roupas.,Color faded completely and stained other clothes in the washer.,Negative,poor_quality,2017-12-06
REV_90313,ORD_50313,1,Review 1 Stars,Cor desbotou completamente e soltou tinta nas outras roupas.,Color faded completely and stained other clothes in the washer.,Negative,poor_quality,2017-03-09
REV_90314,ORD_50314,2,Review 2 Stars,Costuras tortas e acabamento grosseiro.,Crooked stitching and rough finishing.,Negative,poor_quality,2018-01-22
REV_90315,ORD_50315,2,Review 2 Stars,Cor desbotou completamente e soltou tinta nas outras roupas.,Color faded completely and stained other clothes in the washer.,Negative,poor_quality,2017-06-29
REV_90316,ORD_50316,1,Review 1 Stars,O lençol rasgou na primeira lavagem. Tecido muito fino.,Bedsheet tore on first wash. Fabric is extremely thin.,Negative,poor_quality,2018-02-25
REV_90317,ORD_50317,2,Review 2 Stars,Cor desbotou completamente e soltou tinta nas outras roupas.,Color faded completely and stained other clothes in the washer.,Negative,poor_quality,2017-06-05
REV_90318,ORD_50318,2,Review 2 Stars,O lençol rasgou na primeira lavagem. Tecido muito fino.,Bedsheet tore on first wash. Fabric is extremely thin.,Negative,poor_quality,2018-04-07
REV_90319,ORD_50319,2,Review 2 Stars,"Entrega atrasou 15 dias, pedido veio incompleto sem as fronhas.","Delivery was 15 days late, order incomplete without pillowcases.",Negative,delivery_delay,2017-01-20
REV_90320,ORD_50320,1,Review 1 Stars,Cor desbotou completamente e soltou tinta nas outras roupas.,Color faded completely and stained other clothes in the washer.,Negative,poor_quality,2017-10-30
REV_90321,ORD_50321,2,Review 2 Stars,Cor desbotou completamente e soltou tinta nas outras roupas.,Color faded completely and stained other clothes in the washer.,Negative,poor_quality,2018-01-02
REV_90322,ORD_50322,2,Review 2 Stars,"Entrega atrasou 15 dias, pedido veio incompleto sem as fronhas.","Delivery was 15 days late, order incomplete without pillowcases.",Negative,delivery_delay,2017-03-09
REV_90323,ORD_50323,1,Review 1 Stars,"Entrega atrasou 15 dias, pedido veio incompleto sem as fronhas.","Delivery was 15 days late, order incomplete without pillowcases.",Negative,delivery_delay,2017-11-12
REV_90324,ORD_50324,3,Review 3 Stars,"Produto razoável, dentro do esperado pelo valor.","Reasonable product, as expected for the price.",Neutral,neutral,2018-05-18
REV_90325,ORD_50325,5,Review 5 Stars,Toalhas macias e com ótima absorção.,Soft towels with great water absorption.,Positive,positive,2017-01-18
REV_90326,ORD_50326,1,Review 1 Stars,Costuras tortas e acabamento grosseiro.,Crooked stitching and rough finishing.,Negative,poor_quality,2017-08-24
REV_90327,ORD_50327,3,Review 3 Stars,"Produto razoável, dentro do esperado pelo valor.","Reasonable product, as expected for the price.",Neutral,neutral,2017-09-17
REV_90328,ORD_50328,2,Review 2 Stars,Cor desbotou completamente e soltou tinta nas outras roupas.,Color faded completely and stained other clothes in the washer.,Negative,poor_quality,2017-09-10
REV_90329,ORD_50329,1,Review 1 Stars,Costuras tortas e acabamento grosseiro.,Crooked stitching and rough finishing.,Negative,poor_quality,2017-05-28
REV_90330,ORD_50330,2,Review 2 Stars,O lençol rasgou na primeira lavagem. Tecido muito fino.,Bedsheet tore on first wash. Fabric is extremely thin.,Negative,poor_quality,2017-08-14
REV_90331,ORD_50331,2,Review 2 Stars,"Entrega atrasou 15 dias, pedido veio incompleto sem as fronhas.","Delivery was 15 days late, order incomplete without pillowcases.",Negative,delivery_delay,2018-03-14
REV_90332,ORD_50332,1,Review 1 Stars,O lençol rasgou na primeira lavagem. Tecido muito fino.,Bedsheet tore on first wash. Fabric is extremely thin.,Negative,poor_quality,2018-06-03
REV_90333,ORD_50333,1,Review 1 Stars,"Entrega atrasou 15 dias, pedido veio incompleto sem as fronhas.","Delivery was 15 days late, order incomplete without pillowcases.",Negative,delivery_delay,2017-11-07
REV_90334,ORD_50334,4,Review 4 Stars,Gostei bastante da estampa e do tecido de algodão.,Really liked the print and cotton fabric.,Positive,positive,2018-03-12
REV_90335,ORD_50335,1,Review 1 Stars,Cor desbotou completamente e soltou tinta nas outras roupas.,Color faded completely and stained other clothes in the washer.,Negative,poor_quality,2017-02-27
REV_90336,ORD_50336,1,Review 1 Stars,Costuras tortas e acabamento grosseiro.,Crooked stitching and rough finishing.,Negative,poor_quality,2018-05-12
REV_90337,ORD_50337,1,Review 1 Stars,O lençol rasgou na primeira lavagem. Tecido muito fino.,Bedsheet tore on first wash. Fabric is extremely thin.,Negative,poor_quality,2017-08-03
REV_90338,ORD_50338,2,Review 2 Stars,"Entrega atrasou 15 dias, pedido veio incompleto sem as fronhas.","Delivery was 15 days late, order incomplete without pillowcases.",Negative,delivery_delay,2017-12-21
REV_90339,ORD_50339,3,Review 3 Stars,"Produto razoável, dentro do esperado pelo valor.","Reasonable product, as expected for the price.",Neutral,neutral,2017-12-23
REV_90340,ORD_50340,1,Review 1 Stars,O lençol rasgou na primeira lavagem. Tecido muito fino.,Bedsheet tore on first wash. Fabric is extremely thin.,Negative,poor_quality,2017-11-03
REV_90341,ORD_50341,1,Review 1 Stars,"Entrega atrasou 15 dias, pedido veio incompleto sem as fronhas.","Delivery was 15 days late, order incomplete without pillowcases.",Negative,delivery_delay,2017-01-28
REV_90342,ORD_50342,2,Review 2 Stars,Cor desbotou completamente e soltou tinta nas outras roupas.,Color faded completely and stained other clothes in the washer.,Negative,poor_quality,2017-05-25
REV_90343,ORD_50343,3,Review 3 Stars,"Produto razoável, dentro do esperado pelo valor.","Reasonable product, as expected for the price.",Neutral,neutral,2017-05-23
REV_90344,ORD_50344,3,Review 3 Stars,"Produto razoável, dentro do esperado pelo valor.","Reasonable product, as expected for the price.",Neutral,neutral,2018-05-11
REV_90345,ORD_50345,4,Review 4 Stars,Toalhas macias e com ótima absorção.,Soft towels with great water absorption.,Positive,positive,2017-04-12
REV_90346,ORD_50346,1,Review 1 Stars,Cor desbotou completamente e soltou tinta nas outras roupas.,Color faded completely and stained other clothes in the washer.,Negative,poor_quality,2017-09-23
REV_90347,ORD_50347,3,Review 3 Stars,"Produto razoável, dentro do esperado pelo valor.","Reasonable product, as expected for the price.",Neutral,neutral,2017-04-01
REV_90348,ORD_50348,3,Review 3 Stars,"Produto razoável, dentro do esperado pelo valor.","Reasonable product, as expected for the price.",Neutral,neutral,2017-07-24
REV_90349,ORD_50349,2,Review 2 Stars,"Entrega atrasou 15 dias, pedido veio incompleto sem as fronhas.","Delivery was 15 days late, order incomplete without pillowcases.",Negative,delivery_delay,2018-02-04
REV_90350,ORD_50350,4,Review 4 Stars,Toalhas macias e com ótima absorção.,Soft towels with great water absorption.,Positive,positive,2017-07-29
REV_90351,ORD_50351,1,Review 1 Stars,Costuras tortas e acabamento grosseiro.,Crooked stitching and rough finishing.,Negative,poor_quality,2018-03-28
REV_90352,ORD_50352,3,Review 3 Stars,"Produto razoável, dentro do esperado pelo valor.","Reasonable product, as expected for the price.",Neutral,neutral,2018-02-01
REV_90353,ORD_50353,2,Review 2 Stars,Cor desbotou completamente e soltou tinta nas outras roupas.,Color faded completely and stained other clothes in the washer.,Negative,poor_quality,2017-09-01
REV_90354,ORD_50354,5,Review 5 Stars,Toalhas macias e com ótima absorção.,Soft towels with great water absorption.,Positive,positive,2018-01-18
REV_90355,ORD_50355,2,Review 2 Stars,"Entrega atrasou 15 dias, pedido veio incompleto sem as fronhas.","Delivery was 15 days late, order incomplete without pillowcases.",Negative,delivery_delay,2018-04-16
REV_90356,ORD_50356,1,Review 1 Stars,Costuras tortas e acabamento grosseiro.,Crooked stitching and rough finishing.,Negative,poor_quality,2017-02-27
REV_90357,ORD_50357,1,Review 1 Stars,Costuras tortas e acabamento grosseiro.,Crooked stitching and rough finishing.,Negative,poor_quality,2017-10-26
REV_90358,ORD_50358,2,Review 2 Stars,Cor desbotou completamente e soltou tinta nas outras roupas.,Color faded completely and stained other clothes in the washer.,Negative,poor_quality,2017-03-12
REV_90359,ORD_50359,1,Review 1 Stars,Costuras tortas e acabamento grosseiro.,Crooked stitching and rough finishing.,Negative,poor_quality,2017-03-13
REV_90360,ORD_50360,2,Review 2 Stars,O lençol rasgou na primeira lavagem. Tecido muito fino.,Bedsheet tore on first wash. Fabric is extremely thin.,Negative,poor_quality,2018-03-21
REV_90361,ORD_50361,2,Review 2 Stars,"Entrega atrasou 15 dias, pedido veio incompleto sem as fronhas.","Delivery was 15 days late, order incomplete without pillowcases.",Negative,delivery_delay,2017-06-24
REV_90362,ORD_50362,2,Review 2 Stars,O lençol rasgou na primeira lavagem. Tecido muito fino.,Bedsheet tore on first wash. Fabric is extremely thin.,Negative,poor_quality,2017-07-25
REV_90363,ORD_50363,2,Review 2 Stars,Costuras tortas e acabamento grosseiro.,Crooked stitching and rough finishing.,Negative,poor_quality,2017-03-04
REV_90364,ORD_50364,1,Review 1 Stars,O lençol rasgou na primeira lavagem. Tecido muito fino.,Bedsheet tore on first wash. Fabric is extremely thin.,Negative,poor_quality,2017-10-30
REV_90365,ORD_50365,5,Review 5 Stars,Gostei bastante da estampa e do tecido de algodão.,Really liked the print and cotton fabric.,Positive,positive,2018-03-12
REV_90366,ORD_50366,2,Review 2 Stars,"Entrega atrasou 15 dias, pedido veio incompleto sem as fronhas.","Delivery was 15 days late, order incomplete without pillowcases.",Negative,delivery_delay,2018-06-01
REV_90367,ORD_50367,2,Review 2 Stars,Cor desbotou completamente e soltou tinta nas outras roupas.,Color faded completely and stained other clothes in the washer.,Negative,poor_quality,2018-03-27
REV_90368,ORD_50368,5,Review 5 Stars,Toalhas macias e com ótima absorção.,Soft towels with great water absorption.,Positive,positive,2017-09-13
REV_90369,ORD_50369,1,Review 1 Stars,Cor desbotou completamente e soltou tinta nas outras roupas.,Color faded completely and stained other clothes in the washer.,Negative,poor_quality,2017-04-12
REV_90370,ORD_50370,1,Review 1 Stars,"Entrega atrasou 15 dias, pedido veio incompleto sem as fronhas.","Delivery was 15 days late, order incomplete without pillowcases.",Negative,delivery_delay,2018-04-14
REV_90371,ORD_50371,1,Review 1 Stars,Costuras tortas e acabamento grosseiro.,Crooked stitching and rough finishing.,Negative,poor_quality,2017-03-30
REV_90372,ORD_50372,2,Review 2 Stars,Cor desbotou completamente e soltou tinta nas outras roupas.,Color faded completely and stained other clothes in the washer.,Negative,poor_quality,2017-02-16
REV_90373,ORD_50373,2,Review 2 Stars,"Entrega atrasou 15 dias, pedido veio incompleto sem as fronhas.","Delivery was 15 days late, order incomplete without pillowcases.",Negative,delivery_delay,2018-03-21
REV_90374,ORD_50374,5,Review 5 Stars,Toalhas macias e com ótima absorção.,Soft towels with great water absorption.,Positive,positive,2018-02-14
REV_90375,ORD_50375,3,Review 3 Stars,"Produto razoável, dentro do esperado pelo valor.","Reasonable product, as expected for the price.",Neutral,neutral,2017-05-14
REV_90376,ORD_50376,3,Review 3 Stars,"Produto razoável, dentro do esperado pelo valor.","Reasonable product, as expected for the price.",Neutral,neutral,2017-03-01
REV_90377,ORD_50377,5,Review 5 Stars,Toalhas macias e com ótima absorção.,Soft towels with great water absorption.,Positive,positive,2017-04-24
REV_90378,ORD_50378,2,Review 2 Stars,O lençol rasgou na primeira lavagem. Tecido muito fino.,Bedsheet tore on first wash. Fabric is extremely thin.,Negative,poor_quality,2017-06-11
REV_90379,ORD_50379,1,Review 1 Stars,Cor desbotou completamente e soltou tinta nas outras roupas.,Color faded completely and stained other clothes in the washer.,Negative,poor_quality,2017-09-28
REV_90380,ORD_50380,2,Review 2 Stars,"Entrega atrasou 15 dias, pedido veio incompleto sem as fronhas.","Delivery was 15 days late, order incomplete without pillowcases.",Negative,delivery_delay,2017-06-11
REV_90381,ORD_50381,5,Review 5 Stars,Toalhas macias e com ótima absorção.,Soft towels with great water absorption.,Positive,positive,2018-01-06
REV_90382,ORD_50382,4,Review 4 Stars,Gostei bastante da estampa e do tecido de algodão.,Really liked the print and cotton fabric.,Positive,positive,2017-12-12
REV_90383,ORD_50383,3,Review 3 Stars,"Produto razoável, dentro do esperado pelo valor.","Reasonable product, as expected for the price.",Neutral,neutral,2017-08-21
REV_90384,ORD_50384,2,Review 2 Stars,Cor desbotou completamente e soltou tinta nas outras roupas.,Color faded completely and stained other clothes in the washer.,Negative,poor_quality,2017-12-30
REV_90385,ORD_50385,3,Review 3 Stars,"Produto razoável, dentro do esperado pelo valor.","Reasonable product, as expected for the price.",Neutral,neutral,2017-09-19
REV_90386,ORD_50386,3,Review 3 Stars,"Produto razoável, dentro do esperado pelo valor.","Reasonable product, as expected for the price.",Neutral,neutral,2017-12-19
REV_90387,ORD_50387,2,Review 2 Stars,Cor desbotou completamente e soltou tinta nas outras roupas.,Color faded completely and stained other clothes in the washer.,Negative,poor_quality,2017-12-24
REV_90388,ORD_50388,1,Review 1 Stars,Costuras tortas e acabamento grosseiro.,Crooked stitching and rough finishing.,Negative,poor_quality,2017-08-07
REV_90389,ORD_50389,2,Review 2 Stars,Cor desbotou completamente e soltou tinta nas outras roupas.,Color faded completely and stained other clothes in the washer.,Negative,poor_quality,2017-10-01
REV_90390,ORD_50390,4,Review 4 Stars,Toalhas macias e com ótima absorção.,Soft towels with great water absorption.,Positive,positive,2017-03-29
REV_90391,ORD_50391,3,Review 3 Stars,"Produto razoável, dentro do esperado pelo valor.","Reasonable product, as expected for the price.",Neutral,neutral,2017-05-11
REV_90392,ORD_50392,1,Review 1 Stars,O lençol rasgou na primeira lavagem. Tecido muito fino.,Bedsheet tore on first wash. Fabric is extremely thin.,Negative,poor_quality,2017-09-18
REV_90393,ORD_50393,1,Review 1 Stars,"Entrega atrasou 15 dias, pedido veio incompleto sem as fronhas.","Delivery was 15 days late, order incomplete without pillowcases.",Negative,delivery_delay,2017-10-05
REV_90394,ORD_50394,4,Review 4 Stars,Toalhas macias e com ótima absorção.,Soft towels with great water absorption.,Positive,positive,2017-08-13
REV_90395,ORD_50395,1,Review 1 Stars,Cor desbotou completamente e soltou tinta nas outras roupas.,Color faded completely and stained other clothes in the washer.,Negative,poor_quality,2017-07-05
REV_90396,ORD_50396,3,Review 3 Stars,"Produto razoável, dentro do esperado pelo valor.","Reasonable product, as expected for the price.",Neutral,neutral,2017-11-05
REV_90397,ORD_50397,1,Review 1 Stars,Cor desbotou completamente e soltou tinta nas outras roupas.,Color faded completely and stained other clothes in the washer.,Negative,poor_quality,2017-12-11
REV_90398,ORD_50398,4,Review 4 Stars,Toalhas macias e com ótima absorção.,Soft towels with great water absorption.,Positive,positive,2018-02-06
REV_90399,ORD_50399,3,Review 3 Stars,"Produto razoável, dentro do esperado pelo valor.","Reasonable product, as expected for the price.",Neutral,neutral,2017-06-19
REV_90400,ORD_50400,2,Review 2 Stars,Cor desbotou completamente e soltou tinta nas outras roupas.,Color faded completely and stained other clothes in the washer.,Negative,poor_quality,2018-03-12
REV_90401,ORD_50401,1,Review 1 Stars,"Entrega atrasou 15 dias, pedido veio incompleto sem as fronhas.","Delivery was 15 days late, order incomplete without pillowcases.",Negative,delivery_delay,2017-07-14
REV_90402,ORD_50402,3,Review 3 Stars,"Produto razoável, dentro do esperado pelo valor.","Reasonable product, as expected for the price.",Neutral,neutral,2017-11-12
REV_90403,ORD_50403,2,Review 2 Stars,O lençol rasgou na primeira lavagem. Tecido muito fino.,Bedsheet tore on first wash. Fabric is extremely thin.,Negative,poor_quality,2018-04-20
REV_90404,ORD_50404,1,Review 1 Stars,"Entrega atrasou 15 dias, pedido veio incompleto sem as fronhas.","Delivery was 15 days late, order incomplete without pillowcases.",Negative,delivery_delay,2017-02-19
REV_90405,ORD_50405,4,Review 4 Stars,Toalhas macias e com ótima absorção.,Soft towels with great water absorption.,Positive,positive,2017-06-18
REV_90406,ORD_50406,1,Review 1 Stars,Cor desbotou completamente e soltou tinta nas outras roupas.,Color faded completely and stained other clothes in the washer.,Negative,poor_quality,2017-10-17
REV_90407,ORD_50407,2,Review 2 Stars,"Entrega atrasou 15 dias, pedido veio incompleto sem as fronhas.","Delivery was 15 days late, order incomplete without pillowcases.",Negative,delivery_delay,2017-07-11
REV_90408,ORD_50408,3,Review 3 Stars,"Produto razoável, dentro do esperado pelo valor.","Reasonable product, as expected for the price.",Neutral,neutral,2017-07-13
REV_90409,ORD_50409,2,Review 2 Stars,"Entrega atrasou 15 dias, pedido veio incompleto sem as fronhas.","Delivery was 15 days late, order incomplete without pillowcases.",Negative,delivery_delay,2017-04-09
REV_90410,ORD_50410,2,Review 2 Stars,Costuras tortas e acabamento grosseiro.,Crooked stitching and rough finishing.,Negative,poor_quality,2017-06-03
REV_90411,ORD_50411,2,Review 2 Stars,Costuras tortas e acabamento grosseiro.,Crooked stitching and rough finishing.,Negative,poor_quality,2017-03-11
REV_90412,ORD_50412,2,Review 2 Stars,Cor desbotou completamente e soltou tinta nas outras roupas.,Color faded completely and stained other clothes in the washer.,Negative,poor_quality,2018-04-14
REV_90413,ORD_50413,1,Review 1 Stars,"Entrega atrasou 15 dias, pedido veio incompleto sem as fronhas.","Delivery was 15 days late, order incomplete without pillowcases.",Negative,delivery_delay,2018-03-11
REV_90414,ORD_50414,2,Review 2 Stars,Cor desbotou completamente e soltou tinta nas outras roupas.,Color faded completely and stained other clothes in the washer.,Negative,poor_quality,2018-05-04
REV_90415,ORD_50415,1,Review 1 Stars,Cor desbotou completamente e soltou tinta nas outras roupas.,Color faded completely and stained other clothes in the washer.,Negative,poor_quality,2018-04-09
REV_90416,ORD_50416,2,Review 2 Stars,O lençol rasgou na primeira lavagem. Tecido muito fino.,Bedsheet tore on first wash. Fabric is extremely thin.,Negative,poor_quality,2017-01-25
REV_90417,ORD_50417,3,Review 3 Stars,"Produto razoável, dentro do esperado pelo valor.","Reasonable product, as expected for the price.",Neutral,neutral,2017-09-22
REV_90418,ORD_50418,2,Review 2 Stars,Cor desbotou completamente e soltou tinta nas outras roupas.,Color faded completely and stained other clothes in the washer.,Negative,poor_quality,2017-01-27
REV_90419,ORD_50419,1,Review 1 Stars,O lençol rasgou na primeira lavagem. Tecido muito fino.,Bedsheet tore on first wash. Fabric is extremely thin.,Negative,poor_quality,2018-05-30
REV_90420,ORD_50420,2,Review 2 Stars,O lençol rasgou na primeira lavagem. Tecido muito fino.,Bedsheet tore on first wash. Fabric is extremely thin.,Negative,poor_quality,2018-03-07
REV_90421,ORD_50421,4,Review 4 Stars,Gostei bastante da estampa e do tecido de algodão.,Really liked the print and cotton fabric.,Positive,positive,2017-08-31
REV_90422,ORD_50422,4,Review 4 Stars,Gostei bastante da estampa e do tecido de algodão.,Really liked the print and cotton fabric.,Positive,positive,2017-12-21
REV_90423,ORD_50423,2,Review 2 Stars,Cor desbotou completamente e soltou tinta nas outras roupas.,Color faded completely and stained other clothes in the washer.,Negative,poor_quality,2018-01-21
REV_90424,ORD_50424,2,Review 2 Stars,Costuras tortas e acabamento grosseiro.,Crooked stitching and rough finishing.,Negative,poor_quality,2017-10-17
REV_90425,ORD_50425,3,Review 3 Stars,"Produto razoável, dentro do esperado pelo valor.","Reasonable product, as expected for the price.",Neutral,neutral,2017-03-05
REV_90426,ORD_50426,5,Review 5 Stars,Toalhas macias e com ótima absorção.,Soft towels with great water absorption.,Positive,positive,2018-03-19
REV_90427,ORD_50427,1,Review 1 Stars,Costuras tortas e acabamento grosseiro.,Crooked stitching and rough finishing.,Negative,poor_quality,2017-12-26
REV_90428,ORD_50428,1,Review 1 Stars,O lençol rasgou na primeira lavagem. Tecido muito fino.,Bedsheet tore on first wash. Fabric is extremely thin.,Negative,poor_quality,2018-05-08
REV_90429,ORD_50429,2,Review 2 Stars,Cor desbotou completamente e soltou tinta nas outras roupas.,Color faded completely and stained other clothes in the washer.,Negative,poor_quality,2017-10-10
REV_90430,ORD_50430,3,Review 3 Stars,"Produto razoável, dentro do esperado pelo valor.","Reasonable product, as expected for the price.",Neutral,neutral,2017-03-22
REV_90431,ORD_50431,2,Review 2 Stars,Cor desbotou completamente e soltou tinta nas outras roupas.,Color faded completely and stained other clothes in the washer.,Negative,poor_quality,2018-04-11
REV_90432,ORD_50432,4,Review 4 Stars,Toalhas macias e com ótima absorção.,Soft towels with great water absorption.,Positive,positive,2018-01-11
REV_90433,ORD_50433,2,Review 2 Stars,Costuras tortas e acabamento grosseiro.,Crooked stitching and rough finishing.,Negative,poor_quality,2017-11-15
REV_90434,ORD_50434,1,Review 1 Stars,Cor desbotou completamente e soltou tinta nas outras roupas.,Color faded completely and stained other clothes in the washer.,Negative,poor_quality,2017-03-15
REV_90435,ORD_50435,2,Review 2 Stars,O lençol rasgou na primeira lavagem. Tecido muito fino.,Bedsheet tore on first wash. Fabric is extremely thin.,Negative,poor_quality,2017-04-09
REV_90436,ORD_50436,1,Review 1 Stars,Costuras tortas e acabamento grosseiro.,Crooked stitching and rough finishing.,Negative,poor_quality,2018-02-16
REV_90437,ORD_50437,2,Review 2 Stars,"Entrega atrasou 15 dias, pedido veio incompleto sem as fronhas.","Delivery was 15 days late, order incomplete without pillowcases.",Negative,delivery_delay,2018-05-27
REV_90438,ORD_50438,3,Review 3 Stars,"Produto razoável, dentro do esperado pelo valor.","Reasonable product, as expected for the price.",Neutral,neutral,2018-02-12
REV_90439,ORD_50439,4,Review 4 Stars,Toalhas macias e com ótima absorção.,Soft towels with great water absorption.,Positive,positive,2017-04-16
REV_90440,ORD_50440,3,Review 3 Stars,"Produto razoável, dentro do esperado pelo valor.","Reasonable product, as expected for the price.",Neutral,neutral,2017-08-23
REV_90441,ORD_50441,4,Review 4 Stars,Toalhas macias e com ótima absorção.,Soft towels with great water absorption.,Positive,positive,2017-07-07
REV_90442,ORD_50442,1,Review 1 Stars,O lençol rasgou na primeira lavagem. Tecido muito fino.,Bedsheet tore on first wash. Fabric is extremely thin.,Negative,poor_quality,2017-10-01
REV_90443,ORD_50443,3,Review 3 Stars,"Produto razoável, dentro do esperado pelo valor.","Reasonable product, as expected for the price.",Neutral,neutral,2017-08-27
REV_90444,ORD_50444,1,Review 1 Stars,O lençol rasgou na primeira lavagem. Tecido muito fino.,Bedsheet tore on first wash. Fabric is extremely thin.,Negative,poor_quality,2017-07-08
REV_90445,ORD_50445,3,Review 3 Stars,"Produto razoável, dentro do esperado pelo valor.","Reasonable product, as expected for the price.",Neutral,neutral,2017-08-31
REV_90446,ORD_50446,2,Review 2 Stars,Costuras tortas e acabamento grosseiro.,Crooked stitching and rough finishing.,Negative,poor_quality,2017-08-06
REV_90447,ORD_50447,2,Review 2 Stars,O lençol rasgou na primeira lavagem. Tecido muito fino.,Bedsheet tore on first wash. Fabric is extremely thin.,Negative,poor_quality,2017-06-25
REV_90448,ORD_50448,2,Review 2 Stars,O lençol rasgou na primeira lavagem. Tecido muito fino.,Bedsheet tore on first wash. Fabric is extremely thin.,Negative,poor_quality,2017-05-13
REV_90449,ORD_50449,2,Review 2 Stars,O lençol rasgou na primeira lavagem. Tecido muito fino.,Bedsheet tore on first wash. Fabric is extremely thin.,Negative,poor_quality,2017-02-09
REV_90450,ORD_50450,1,Review 1 Stars,Costuras tortas e acabamento grosseiro.,Crooked stitching and rough finishing.,Negative,poor_quality,2018-05-05
REV_90451,ORD_50451,1,Review 1 Stars,Cor desbotou completamente e soltou tinta nas outras roupas.,Color faded completely and stained other clothes in the washer.,Negative,poor_quality,2017-10-31
REV_90452,ORD_50452,2,Review 2 Stars,Costuras tortas e acabamento grosseiro.,Crooked stitching and rough finishing.,Negative,poor_quality,2017-06-15
REV_90453,ORD_50453,5,Review 5 Stars,Gostei bastante da estampa e do tecido de algodão.,Really liked the print and cotton fabric.,Positive,positive,2017-09-12
REV_90454,ORD_50454,1,Review 1 Stars,O lençol rasgou na primeira lavagem. Tecido muito fino.,Bedsheet tore on first wash. Fabric is extremely thin.,Negative,poor_quality,2017-06-26
REV_90455,ORD_50455,2,Review 2 Stars,"Entrega atrasou 15 dias, pedido veio incompleto sem as fronhas.","Delivery was 15 days late, order incomplete without pillowcases.",Negative,delivery_delay,2017-10-22
REV_90456,ORD_50456,1,Review 1 Stars,Costuras tortas e acabamento grosseiro.,Crooked stitching and rough finishing.,Negative,poor_quality,2017-04-05
REV_90457,ORD_50457,5,Review 5 Stars,Gostei bastante da estampa e do tecido de algodão.,Really liked the print and cotton fabric.,Positive,positive,2017-06-12
REV_90458,ORD_50458,2,Review 2 Stars,Cor desbotou completamente e soltou tinta nas outras roupas.,Color faded completely and stained other clothes in the washer.,Negative,poor_quality,2017-03-28
REV_90459,ORD_50459,4,Review 4 Stars,Toalhas macias e com ótima absorção.,Soft towels with great water absorption.,Positive,positive,2018-01-10
REV_90460,ORD_50460,3,Review 3 Stars,"Produto razoável, dentro do esperado pelo valor.","Reasonable product, as expected for the price.",Neutral,neutral,2017-05-28
REV_90461,ORD_50461,4,Review 4 Stars,Toalhas macias e com ótima absorção.,Soft towels with great water absorption.,Positive,positive,2018-04-10
REV_90462,ORD_50462,1,Review 1 Stars,O lençol rasgou na primeira lavagem. Tecido muito fino.,Bedsheet tore on first wash. Fabric is extremely thin.,Negative,poor_quality,2018-04-04
REV_90463,ORD_50463,1,Review 1 Stars,Cor desbotou completamente e soltou tinta nas outras roupas.,Color faded completely and stained other clothes in the washer.,Negative,poor_quality,2017-12-17
REV_90464,ORD_50464,3,Review 3 Stars,"Produto razoável, dentro do esperado pelo valor.","Reasonable product, as expected for the price.",Neutral,neutral,2017-09-26
REV_90465,ORD_50465,3,Review 3 Stars,"Produto razoável, dentro do esperado pelo valor.","Reasonable product, as expected for the price.",Neutral,neutral,2017-09-30
REV_90466,ORD_50466,1,Review 1 Stars,"Entrega atrasou 15 dias, pedido veio incompleto sem as fronhas.","Delivery was 15 days late, order incomplete without pillowcases.",Negative,delivery_delay,2018-04-01
REV_90467,ORD_50467,2,Review 2 Stars,"Entrega atrasou 15 dias, pedido veio incompleto sem as fronhas.","Delivery was 15 days late, order incomplete without pillowcases.",Negative,delivery_delay,2018-05-20
REV_90468,ORD_50468,5,Review 5 Stars,Gostei bastante da estampa e do tecido de algodão.,Really liked the print and cotton fabric.,Positive,positive,2017-10-03
REV_90469,ORD_50469,2,Review 2 Stars,Costuras tortas e acabamento grosseiro.,Crooked stitching and rough finishing.,Negative,poor_quality,2017-12-10
REV_90470,ORD_50470,2,Review 2 Stars,Costuras tortas e acabamento grosseiro.,Crooked stitching and rough finishing.,Negative,poor_quality,2017-10-10
REV_90471,ORD_50471,1,Review 1 Stars,Cor desbotou completamente e soltou tinta nas outras roupas.,Color faded completely and stained other clothes in the washer.,Negative,poor_quality,2017-09-28
REV_90472,ORD_50472,2,Review 2 Stars,O lençol rasgou na primeira lavagem. Tecido muito fino.,Bedsheet tore on first wash. Fabric is extremely thin.,Negative,poor_quality,2017-04-30
REV_90473,ORD_50473,1,Review 1 Stars,"Entrega atrasou 15 dias, pedido veio incompleto sem as fronhas.","Delivery was 15 days late, order incomplete without pillowcases.",Negative,delivery_delay,2017-09-22
REV_90474,ORD_50474,2,Review 2 Stars,Costuras tortas e acabamento grosseiro.,Crooked stitching and rough finishing.,Negative,poor_quality,2017-02-04
REV_90475,ORD_50475,5,Review 5 Stars,Gostei bastante da estampa e do tecido de algodão.,Really liked the print and cotton fabric.,Positive,positive,2018-04-12
REV_90476,ORD_50476,2,Review 2 Stars,"Entrega atrasou 15 dias, pedido veio incompleto sem as fronhas.","Delivery was 15 days late, order incomplete without pillowcases.",Negative,delivery_delay,2018-03-21
REV_90477,ORD_50477,3,Review 3 Stars,"Produto razoável, dentro do esperado pelo valor.","Reasonable product, as expected for the price.",Neutral,neutral,2018-04-30
REV_90478,ORD_50478,1,Review 1 Stars,O lençol rasgou na primeira lavagem. Tecido muito fino.,Bedsheet tore on first wash. Fabric is extremely thin.,Negative,poor_quality,2017-03-14
REV_90479,ORD_50479,3,Review 3 Stars,"Produto razoável, dentro do esperado pelo valor.","Reasonable product, as expected for the price.",Neutral,neutral,2018-04-25
REV_90480,ORD_50480,2,Review 2 Stars,Cor desbotou completamente e soltou tinta nas outras roupas.,Color faded completely and stained other clothes in the washer.,Negative,poor_quality,2017-12-26
REV_90481,ORD_50481,1,Review 1 Stars,Costuras tortas e acabamento grosseiro.,Crooked stitching and rough finishing.,Negative,poor_quality,2017-09-05
REV_90482,ORD_50482,3,Review 3 Stars,"Produto razoável, dentro do esperado pelo valor.","Reasonable product, as expected for the price.",Neutral,neutral,2017-09-27
REV_90483,ORD_50483,5,Review 5 Stars,Toalhas macias e com ótima absorção.,Soft towels with great water absorption.,Positive,positive,2017-04-22
REV_90484,ORD_50484,2,Review 2 Stars,Cor desbotou completamente e soltou tinta nas outras roupas.,Color faded completely and stained other clothes in the washer.,Negative,poor_quality,2017-08-01
REV_90485,ORD_50485,3,Review 3 Stars,"Produto razoável, dentro do esperado pelo valor.","Reasonable product, as expected for the price.",Neutral,neutral,2017-08-25
REV_90486,ORD_50486,2,Review 2 Stars,"Entrega atrasou 15 dias, pedido veio incompleto sem as fronhas.","Delivery was 15 days late, order incomplete without pillowcases.",Negative,delivery_delay,2017-04-24
REV_90487,ORD_50487,2,Review 2 Stars,Cor desbotou completamente e soltou tinta nas outras roupas.,Color faded completely and stained other clothes in the washer.,Negative,poor_quality,2018-02-07
REV_90488,ORD_50488,2,Review 2 Stars,O lençol rasgou na primeira lavagem. Tecido muito fino.,Bedsheet tore on first wash. Fabric is extremely thin.,Negative,poor_quality,2017-04-09
REV_90489,ORD_50489,3,Review 3 Stars,"Produto razoável, dentro do esperado pelo valor.","Reasonable product, as expected for the price.",Neutral,neutral,2017-05-11
REV_90490,ORD_50490,1,Review 1 Stars,"Entrega atrasou 15 dias, pedido veio incompleto sem as fronhas.","Delivery was 15 days late, order incomplete without pillowcases.",Negative,delivery_delay,2017-06-14
REV_90491,ORD_50491,3,Review 3 Stars,"Produto razoável, dentro do esperado pelo valor.","Reasonable product, as expected for the price.",Neutral,neutral,2017-06-13
REV_90492,ORD_50492,1,Review 1 Stars,O lençol rasgou na primeira lavagem. Tecido muito fino.,Bedsheet tore on first wash. Fabric is extremely thin.,Negative,poor_quality,2017-11-29
REV_90493,ORD_50493,1,Review 1 Stars,O lençol rasgou na primeira lavagem. Tecido muito fino.,Bedsheet tore on first wash. Fabric is extremely thin.,Negative,poor_quality,2017-07-28
REV_90494,ORD_50494,4,Review 4 Stars,Toalhas macias e com ótima absorção.,Soft towels with great water absorption.,Positive,positive,2018-01-14
REV_90495,ORD_50495,1,Review 1 Stars,Cor desbotou completamente e soltou tinta nas outras roupas.,Color faded completely and stained other clothes in the washer.,Negative,poor_quality,2017-09-16
REV_90496,ORD_50496,3,Review 3 Stars,"Produto razoável, dentro do esperado pelo valor.","Reasonable product, as expected for the price.",Neutral,neutral,2018-02-26
REV_90497,ORD_50497,2,Review 2 Stars,Costuras tortas e acabamento grosseiro.,Crooked stitching and rough finishing.,Negative,poor_quality,2018-05-29
REV_90498,ORD_50498,2,Review 2 Stars,O lençol rasgou na primeira lavagem. Tecido muito fino.,Bedsheet tore on first wash. Fabric is extremely thin.,Negative,poor_quality,2018-04-21
REV_90499,ORD_50499,2,Review 2 Stars,"Entrega atrasou 15 dias, pedido veio incompleto sem as fronhas.","Delivery was 15 days late, order incomplete without pillowcases.",Negative,delivery_delay,2018-01-10
REV_90500,ORD_50500,2,Review 2 Stars,"Entrega atrasou 15 dias, pedido veio incompleto sem as fronhas.","Delivery was 15 days late, order incomplete without pillowcases.",Negative,delivery_delay,2017-08-18
REV_90501,ORD_50501,1,Review 1 Stars,Cor desbotou completamente e soltou tinta nas outras roupas.,Color faded completely and stained other clothes in the washer.,Negative,poor_quality,2017-10-08
REV_90502,ORD_50502,1,Review 1 Stars,Costuras tortas e acabamento grosseiro.,Crooked stitching and rough finishing.,Negative,poor_quality,2017-03-26
REV_90503,ORD_50503,3,Review 3 Stars,"Produto razoável, dentro do esperado pelo valor.","Reasonable product, as expected for the price.",Neutral,neutral,2017-09-24
REV_90504,ORD_50504,2,Review 2 Stars,O lençol rasgou na primeira lavagem. Tecido muito fino.,Bedsheet tore on first wash. Fabric is extremely thin.,Negative,poor_quality,2017-05-17
REV_90505,ORD_50505,1,Review 1 Stars,O lençol rasgou na primeira lavagem. Tecido muito fino.,Bedsheet tore on first wash. Fabric is extremely thin.,Negative,poor_quality,2017-08-14
REV_90506,ORD_50506,2,Review 2 Stars,"Entrega atrasou 15 dias, pedido veio incompleto sem as fronhas.","Delivery was 15 days late, order incomplete without pillowcases.",Negative,delivery_delay,2017-08-01
REV_90507,ORD_50507,2,Review 2 Stars,Cor desbotou completamente e soltou tinta nas outras roupas.,Color faded completely and stained other clothes in the washer.,Negative,poor_quality,2018-05-24
REV_90508,ORD_50508,4,Review 4 Stars,Gostei bastante da estampa e do tecido de algodão.,Really liked the print and cotton fabric.,Positive,positive,2017-09-10
REV_90509,ORD_50509,4,Review 4 Stars,Toalhas macias e com ótima absorção.,Soft towels with great water absorption.,Positive,positive,2018-04-02
REV_90510,ORD_50510,4,Review 4 Stars,Gostei bastante da estampa e do tecido de algodão.,Really liked the print and cotton fabric.,Positive,positive,2017-03-25
REV_90511,ORD_50511,1,Review 1 Stars,Costuras tortas e acabamento grosseiro.,Crooked stitching and rough finishing.,Negative,poor_quality,2017-08-16
REV_90512,ORD_50512,1,Review 1 Stars,Cor desbotou completamente e soltou tinta nas outras roupas.,Color faded completely and stained other clothes in the washer.,Negative,poor_quality,2017-06-02
REV_90513,ORD_50513,2,Review 2 Stars,Costuras tortas e acabamento grosseiro.,Crooked stitching and rough finishing.,Negative,poor_quality,2017-11-12
REV_90514,ORD_50514,4,Review 4 Stars,Gostei bastante da estampa e do tecido de algodão.,Really liked the print and cotton fabric.,Positive,positive,2017-11-24
REV_90515,ORD_50515,2,Review 2 Stars,Cor desbotou completamente e soltou tinta nas outras roupas.,Color faded completely and stained other clothes in the washer.,Negative,poor_quality,2018-03-31
REV_90516,ORD_50516,2,Review 2 Stars,Costuras tortas e acabamento grosseiro.,Crooked stitching and rough finishing.,Negative,poor_quality,2017-06-04
REV_90517,ORD_50517,2,Review 2 Stars,O lençol rasgou na primeira lavagem. Tecido muito fino.,Bedsheet tore on first wash. Fabric is extremely thin.,Negative,poor_quality,2018-04-07
REV_90518,ORD_50518,1,Review 1 Stars,O lençol rasgou na primeira lavagem. Tecido muito fino.,Bedsheet tore on first wash. Fabric is extremely thin.,Negative,poor_quality,2017-08-05
REV_90519,ORD_50519,2,Review 2 Stars,Cor desbotou completamente e soltou tinta nas outras roupas.,Color faded completely and stained other clothes in the washer.,Negative,poor_quality,2018-02-18
REV_90520,ORD_50520,5,Review 5 Stars,Toalhas macias e com ótima absorção.,Soft towels with great water absorption.,Positive,positive,2018-01-25
REV_90521,ORD_50521,5,Review 5 Stars,Gostei bastante da estampa e do tecido de algodão.,Really liked the print and cotton fabric.,Positive,positive,2017-12-16
REV_90522,ORD_50522,2,Review 2 Stars,Cor desbotou completamente e soltou tinta nas outras roupas.,Color faded completely and stained other clothes in the washer.,Negative,poor_quality,2017-04-01
REV_90523,ORD_50523,1,Review 1 Stars,Cor desbotou completamente e soltou tinta nas outras roupas.,Color faded completely and stained other clothes in the washer.,Negative,poor_quality,2017-10-22
REV_90524,ORD_50524,2,Review 2 Stars,Costuras tortas e acabamento grosseiro.,Crooked stitching and rough finishing.,Negative,poor_quality,2017-10-12
REV_90525,ORD_50525,1,Review 1 Stars,Costuras tortas e acabamento grosseiro.,Crooked stitching and rough finishing.,Negative,poor_quality,2018-02-20
REV_90526,ORD_50526,4,Review 4 Stars,Toalhas macias e com ótima absorção.,Soft towels with great water absorption.,Positive,positive,2017-08-11
REV_90527,ORD_50527,2,Review 2 Stars,Costuras tortas e acabamento grosseiro.,Crooked stitching and rough finishing.,Negative,poor_quality,2017-08-24
REV_90528,ORD_50528,2,Review 2 Stars,"Entrega atrasou 15 dias, pedido veio incompleto sem as fronhas.","Delivery was 15 days late, order incomplete without pillowcases.",Negative,delivery_delay,2017-04-24
REV_90529,ORD_50529,1,Review 1 Stars,Costuras tortas e acabamento grosseiro.,Crooked stitching and rough finishing.,Negative,poor_quality,2017-04-07
REV_90530,ORD_50530,2,Review 2 Stars,Cor desbotou completamente e soltou tinta nas outras roupas.,Color faded completely and stained other clothes in the washer.,Negative,poor_quality,2017-05-19
REV_90531,ORD_50531,1,Review 1 Stars,O lençol rasgou na primeira lavagem. Tecido muito fino.,Bedsheet tore on first wash. Fabric is extremely thin.,Negative,poor_quality,2017-07-11
REV_90532,ORD_50532,4,Review 4 Stars,Toalhas macias e com ótima absorção.,Soft towels with great water absorption.,Positive,positive,2017-04-17
REV_90533,ORD_50533,1,Review 1 Stars,"Entrega atrasou 15 dias, pedido veio incompleto sem as fronhas.","Delivery was 15 days late, order incomplete without pillowcases.",Negative,delivery_delay,2017-08-07
REV_90534,ORD_50534,1,Review 1 Stars,Cor desbotou completamente e soltou tinta nas outras roupas.,Color faded completely and stained other clothes in the washer.,Negative,poor_quality,2018-01-03
REV_90535,ORD_50535,2,Review 2 Stars,Cor desbotou completamente e soltou tinta nas outras roupas.,Color faded completely and stained other clothes in the washer.,Negative,poor_quality,2017-05-01
REV_90536,ORD_50536,3,Review 3 Stars,"Produto razoável, dentro do esperado pelo valor.","Reasonable product, as expected for the price.",Neutral,neutral,2018-03-05
REV_90537,ORD_50537,3,Review 3 Stars,"Produto razoável, dentro do esperado pelo valor.","Reasonable product, as expected for the price.",Neutral,neutral,2018-01-03
REV_90538,ORD_50538,4,Review 4 Stars,Toalhas macias e com ótima absorção.,Soft towels with great water absorption.,Positive,positive,2017-03-03
REV_90539,ORD_50539,4,Review 4 Stars,Gostei bastante da estampa e do tecido de algodão.,Really liked the print and cotton fabric.,Positive,positive,2018-01-07
REV_90540,ORD_50540,1,Review 1 Stars,Cor desbotou completamente e soltou tinta nas outras roupas.,Color faded completely and stained other clothes in the washer.,Negative,poor_quality,2018-03-10
REV_90541,ORD_50541,1,Review 1 Stars,Cor desbotou completamente e soltou tinta nas outras roupas.,Color faded completely and stained other clothes in the washer.,Negative,poor_quality,2018-01-18
REV_90542,ORD_50542,2,Review 2 Stars,Cor desbotou completamente e soltou tinta nas outras roupas.,Color faded completely and stained other clothes in the washer.,Negative,poor_quality,2017-06-15
REV_90543,ORD_50543,1,Review 1 Stars,Cor desbotou completamente e soltou tinta nas outras roupas.,Color faded completely and stained other clothes in the washer.,Negative,poor_quality,2017-08-05
REV_90544,ORD_50544,2,Review 2 Stars,"Entrega atrasou 15 dias, pedido veio incompleto sem as fronhas.","Delivery was 15 days late, order incomplete without pillowcases.",Negative,delivery_delay,2017-07-10
REV_90545,ORD_50545,2,Review 2 Stars,O lençol rasgou na primeira lavagem. Tecido muito fino.,Bedsheet tore on first wash. Fabric is extremely thin.,Negative,poor_quality,2017-06-24
REV_90546,ORD_50546,2,Review 2 Stars,Costuras tortas e acabamento grosseiro.,Crooked stitching and rough finishing.,Negative,poor_quality,2017-04-20
REV_90547,ORD_50547,4,Review 4 Stars,Toalhas macias e com ótima absorção.,Soft towels with great water absorption.,Positive,positive,2017-02-16
REV_90548,ORD_50548,3,Review 3 Stars,"Produto razoável, dentro do esperado pelo valor.","Reasonable product, as expected for the price.",Neutral,neutral,2018-05-08
REV_90549,ORD_50549,2,Review 2 Stars,O lençol rasgou na primeira lavagem. Tecido muito fino.,Bedsheet tore on first wash. Fabric is extremely thin.,Negative,poor_quality,2018-03-14
REV_90550,ORD_50550,2,Review 2 Stars,O lençol rasgou na primeira lavagem. Tecido muito fino.,Bedsheet tore on first wash. Fabric is extremely thin.,Negative,poor_quality,2018-03-18
REV_90551,ORD_50551,2,Review 2 Stars,"Entrega atrasou 15 dias, pedido veio incompleto sem as fronhas.","Delivery was 15 days late, order incomplete without pillowcases.",Negative,delivery_delay,2017-10-14
REV_90552,ORD_50552,2,Review 2 Stars,O lençol rasgou na primeira lavagem. Tecido muito fino.,Bedsheet tore on first wash. Fabric is extremely thin.,Negative,poor_quality,2018-02-11
REV_90553,ORD_50553,5,Review 5 Stars,Gostei bastante da estampa e do tecido de algodão.,Really liked the print and cotton fabric.,Positive,positive,2017-10-24
REV_90554,ORD_50554,3,Review 3 Stars,"Produto razoável, dentro do esperado pelo valor.","Reasonable product, as expected for the price.",Neutral,neutral,2017-10-31
REV_90555,ORD_50555,4,Review 4 Stars,Gostei bastante da estampa e do tecido de algodão.,Really liked the print and cotton fabric.,Positive,positive,2017-10-31
REV_90556,ORD_50556,1,Review 1 Stars,Cor desbotou completamente e soltou tinta nas outras roupas.,Color faded completely and stained other clothes in the washer.,Negative,poor_quality,2017-09-03
REV_90557,ORD_50557,5,Review 5 Stars,Toalhas macias e com ótima absorção.,Soft towels with great water absorption.,Positive,positive,2017-05-13
REV_90558,ORD_50558,2,Review 2 Stars,Cor desbotou completamente e soltou tinta nas outras roupas.,Color faded completely and stained other clothes in the washer.,Negative,poor_quality,2017-09-11
REV_90559,ORD_50559,1,Review 1 Stars,Cor desbotou completamente e soltou tinta nas outras roupas.,Color faded completely and stained other clothes in the washer.,Negative,poor_quality,2017-11-12
REV_90560,ORD_50560,3,Review 3 Stars,"Produto razoável, dentro do esperado pelo valor.","Reasonable product, as expected for the price.",Neutral,neutral,2017-02-26
REV_90561,ORD_50561,2,Review 2 Stars,Costuras tortas e acabamento grosseiro.,Crooked stitching and rough finishing.,Negative,poor_quality,2018-04-19
REV_90562,ORD_50562,1,Review 1 Stars,"Entrega atrasou 15 dias, pedido veio incompleto sem as fronhas.","Delivery was 15 days late, order incomplete without pillowcases.",Negative,delivery_delay,2017-10-24
REV_90563,ORD_50563,2,Review 2 Stars,Costuras tortas e acabamento grosseiro.,Crooked stitching and rough finishing.,Negative,poor_quality,2018-06-04
REV_90564,ORD_50564,1,Review 1 Stars,Costuras tortas e acabamento grosseiro.,Crooked stitching and rough finishing.,Negative,poor_quality,2017-07-10
REV_90565,ORD_50565,1,Review 1 Stars,"Entrega atrasou 15 dias, pedido veio incompleto sem as fronhas.","Delivery was 15 days late, order incomplete without pillowcases.",Negative,delivery_delay,2018-02-23
REV_90566,ORD_50566,2,Review 2 Stars,Cor desbotou completamente e soltou tinta nas outras roupas.,Color faded completely and stained other clothes in the washer.,Negative,poor_quality,2017-06-11
REV_90567,ORD_50567,1,Review 1 Stars,Costuras tortas e acabamento grosseiro.,Crooked stitching and rough finishing.,Negative,poor_quality,2017-07-08
REV_90568,ORD_50568,3,Review 3 Stars,"Produto razoável, dentro do esperado pelo valor.","Reasonable product, as expected for the price.",Neutral,neutral,2017-08-30
REV_90569,ORD_50569,4,Review 4 Stars,Gostei bastante da estampa e do tecido de algodão.,Really liked the print and cotton fabric.,Positive,positive,2018-02-10
REV_90570,ORD_50570,1,Review 1 Stars,"Entrega atrasou 15 dias, pedido veio incompleto sem as fronhas.","Delivery was 15 days late, order incomplete without pillowcases.",Negative,delivery_delay,2018-01-13
REV_90571,ORD_50571,4,Review 4 Stars,Toalhas macias e com ótima absorção.,Soft towels with great water absorption.,Positive,positive,2018-02-02
REV_90572,ORD_50572,1,Review 1 Stars,Costuras tortas e acabamento grosseiro.,Crooked stitching and rough finishing.,Negative,poor_quality,2017-02-16
REV_90573,ORD_50573,4,Review 4 Stars,Toalhas macias e com ótima absorção.,Soft towels with great water absorption.,Positive,positive,2017-02-26
REV_90574,ORD_50574,1,Review 1 Stars,"Entrega atrasou 15 dias, pedido veio incompleto sem as fronhas.","Delivery was 15 days late, order incomplete without pillowcases.",Negative,delivery_delay,2017-05-22
REV_90575,ORD_50575,2,Review 2 Stars,Cor desbotou completamente e soltou tinta nas outras roupas.,Color faded completely and stained other clothes in the washer.,Negative,poor_quality,2018-06-01
REV_90576,ORD_50576,1,Review 1 Stars,Cor desbotou completamente e soltou tinta nas outras roupas.,Color faded completely and stained other clothes in the washer.,Negative,poor_quality,2018-02-04
REV_90577,ORD_50577,4,Review 4 Stars,Toalhas macias e com ótima absorção.,Soft towels with great water absorption.,Positive,positive,2018-04-05
REV_90578,ORD_50578,1,Review 1 Stars,Costuras tortas e acabamento grosseiro.,Crooked stitching and rough finishing.,Negative,poor_quality,2018-04-25
REV_90579,ORD_50579,1,Review 1 Stars,"Entrega atrasou 15 dias, pedido veio incompleto sem as fronhas.","Delivery was 15 days late, order incomplete without pillowcases.",Negative,delivery_delay,2017-08-27
REV_90580,ORD_50580,2,Review 2 Stars,"Entrega atrasou 15 dias, pedido veio incompleto sem as fronhas.","Delivery was 15 days late, order incomplete without pillowcases.",Negative,delivery_delay,2018-01-01
REV_90581,ORD_50581,3,Review 3 Stars,"Produto razoável, dentro do esperado pelo valor.","Reasonable product, as expected for the price.",Neutral,neutral,2017-11-06
REV_90582,ORD_50582,2,Review 2 Stars,"Entrega atrasou 15 dias, pedido veio incompleto sem as fronhas.","Delivery was 15 days late, order incomplete without pillowcases.",Negative,delivery_delay,2018-02-18
REV_90583,ORD_50583,1,Review 1 Stars,"Entrega atrasou 15 dias, pedido veio incompleto sem as fronhas.","Delivery was 15 days late, order incomplete without pillowcases.",Negative,delivery_delay,2017-03-28
REV_90584,ORD_50584,4,Review 4 Stars,Gostei bastante da estampa e do tecido de algodão.,Really liked the print and cotton fabric.,Positive,positive,2017-07-24
REV_90585,ORD_50585,2,Review 2 Stars,O lençol rasgou na primeira lavagem. Tecido muito fino.,Bedsheet tore on first wash. Fabric is extremely thin.,Negative,poor_quality,2017-04-22
REV_90586,ORD_50586,3,Review 3 Stars,"Produto razoável, dentro do esperado pelo valor.","Reasonable product, as expected for the price.",Neutral,neutral,2017-05-14
REV_90587,ORD_50587,2,Review 2 Stars,Cor desbotou completamente e soltou tinta nas outras roupas.,Color faded completely and stained other clothes in the washer.,Negative,poor_quality,2018-04-07
REV_90588,ORD_50588,3,Review 3 Stars,"Produto razoável, dentro do esperado pelo valor.","Reasonable product, as expected for the price.",Neutral,neutral,2017-10-13
REV_90589,ORD_50589,1,Review 1 Stars,"Entrega atrasou 15 dias, pedido veio incompleto sem as fronhas.","Delivery was 15 days late, order incomplete without pillowcases.",Negative,delivery_delay,2017-10-20
REV_90590,ORD_50590,1,Review 1 Stars,"Entrega atrasou 15 dias, pedido veio incompleto sem as fronhas.","Delivery was 15 days late, order incomplete without pillowcases.",Negative,delivery_delay,2017-08-18
REV_90591,ORD_50591,3,Review 3 Stars,"Produto razoável, dentro do esperado pelo valor.","Reasonable product, as expected for the price.",Neutral,neutral,2017-03-04
REV_90592,ORD_50592,1,Review 1 Stars,Costuras tortas e acabamento grosseiro.,Crooked stitching and rough finishing.,Negative,poor_quality,2017-08-07
REV_90593,ORD_50593,2,Review 2 Stars,O lençol rasgou na primeira lavagem. Tecido muito fino.,Bedsheet tore on first wash. Fabric is extremely thin.,Negative,poor_quality,2017-07-13
REV_90594,ORD_50594,1,Review 1 Stars,Cor desbotou completamente e soltou tinta nas outras roupas.,Color faded completely and stained other clothes in the washer.,Negative,poor_quality,2018-01-30
REV_90595,ORD_50595,2,Review 2 Stars,Cor desbotou completamente e soltou tinta nas outras roupas.,Color faded completely and stained other clothes in the washer.,Negative,poor_quality,2017-04-20
REV_90596,ORD_50596,3,Review 3 Stars,"Produto razoável, dentro do esperado pelo valor.","Reasonable product, as expected for the price.",Neutral,neutral,2017-03-13
REV_90597,ORD_50597,2,Review 2 Stars,Costuras tortas e acabamento grosseiro.,Crooked stitching and rough finishing.,Negative,poor_quality,2017-10-06
REV_90598,ORD_50598,1,Review 1 Stars,O lençol rasgou na primeira lavagem. Tecido muito fino.,Bedsheet tore on first wash. Fabric is extremely thin.,Negative,poor_quality,2017-03-01
REV_90599,ORD_50599,3,Review 3 Stars,"Produto razoável, dentro do esperado pelo valor.","Reasonable product, as expected for the price.",Neutral,neutral,2017-02-23
REV_90600,ORD_50600,1,Review 1 Stars,Costuras tortas e acabamento grosseiro.,Crooked stitching and rough finishing.,Negative,poor_quality,2018-05-15
REV_90601,ORD_50601,3,Review 3 Stars,"Produto razoável, dentro do esperado pelo valor.","Reasonable product, as expected for the price.",Neutral,neutral,2018-05-22
REV_90602,ORD_50602,2,Review 2 Stars,Cor desbotou completamente e soltou tinta nas outras roupas.,Color faded completely and stained other clothes in the washer.,Negative,poor_quality,2018-03-26
REV_90603,ORD_50603,1,Review 1 Stars,Costuras tortas e acabamento grosseiro.,Crooked stitching and rough finishing.,Negative,poor_quality,2017-10-24
REV_90604,ORD_50604,3,Review 3 Stars,"Produto razoável, dentro do esperado pelo valor.","Reasonable product, as expected for the price.",Neutral,neutral,2017-09-04
REV_90605,ORD_50605,1,Review 1 Stars,"Entrega atrasou 15 dias, pedido veio incompleto sem as fronhas.","Delivery was 15 days late, order incomplete without pillowcases.",Negative,delivery_delay,2017-11-30
REV_90606,ORD_50606,1,Review 1 Stars,Costuras tortas e acabamento grosseiro.,Crooked stitching and rough finishing.,Negative,poor_quality,2017-04-28
REV_90607,ORD_50607,2,Review 2 Stars,"Entrega atrasou 15 dias, pedido veio incompleto sem as fronhas.","Delivery was 15 days late, order incomplete without pillowcases.",Negative,delivery_delay,2017-07-04
REV_90608,ORD_50608,2,Review 2 Stars,O lençol rasgou na primeira lavagem. Tecido muito fino.,Bedsheet tore on first wash. Fabric is extremely thin.,Negative,poor_quality,2017-05-25
REV_90609,ORD_50609,2,Review 2 Stars,Costuras tortas e acabamento grosseiro.,Crooked stitching and rough finishing.,Negative,poor_quality,2017-07-14
REV_90610,ORD_50610,5,Review 5 Stars,Gostei bastante da estampa e do tecido de algodão.,Really liked the print and cotton fabric.,Positive,positive,2017-12-18
REV_90611,ORD_50611,4,Review 4 Stars,Toalhas macias e com ótima absorção.,Soft towels with great water absorption.,Positive,positive,2018-03-18
REV_90612,ORD_50612,2,Review 2 Stars,"Entrega atrasou 15 dias, pedido veio incompleto sem as fronhas.","Delivery was 15 days late, order incomplete without pillowcases.",Negative,delivery_delay,2018-03-06
REV_90613,ORD_50613,4,Review 4 Stars,Toalhas macias e com ótima absorção.,Soft towels with great water absorption.,Positive,positive,2017-04-25
REV_90614,ORD_50614,4,Review 4 Stars,Toalhas macias e com ótima absorção.,Soft towels with great water absorption.,Positive,positive,2017-03-01
REV_90615,ORD_50615,1,Review 1 Stars,Costuras tortas e acabamento grosseiro.,Crooked stitching and rough finishing.,Negative,poor_quality,2017-04-22
REV_90616,ORD_50616,3,Review 3 Stars,"Produto razoável, dentro do esperado pelo valor.","Reasonable product, as expected for the price.",Neutral,neutral,2017-04-29
REV_90617,ORD_50617,2,Review 2 Stars,O lençol rasgou na primeira lavagem. Tecido muito fino.,Bedsheet tore on first wash. Fabric is extremely thin.,Negative,poor_quality,2018-03-28
REV_90618,ORD_50618,1,Review 1 Stars,O lençol rasgou na primeira lavagem. Tecido muito fino.,Bedsheet tore on first wash. Fabric is extremely thin.,Negative,poor_quality,2018-05-11
REV_90619,ORD_50619,2,Review 2 Stars,Cor desbotou completamente e soltou tinta nas outras roupas.,Color faded completely and stained other clothes in the washer.,Negative,poor_quality,2017-01-30
REV_90620,ORD_50620,1,Review 1 Stars,O lençol rasgou na primeira lavagem. Tecido muito fino.,Bedsheet tore on first wash. Fabric is extremely thin.,Negative,poor_quality,2018-02-16
REV_90621,ORD_50621,1,Review 1 Stars,O lençol rasgou na primeira lavagem. Tecido muito fino.,Bedsheet tore on first wash. Fabric is extremely thin.,Negative,poor_quality,2017-07-16
REV_90622,ORD_50622,2,Review 2 Stars,O lençol rasgou na primeira lavagem. Tecido muito fino.,Bedsheet tore on first wash. Fabric is extremely thin.,Negative,poor_quality,2017-10-20
REV_90623,ORD_50623,2,Review 2 Stars,Cor desbotou completamente e soltou tinta nas outras roupas.,Color faded completely and stained other clothes in the washer.,Negative,poor_quality,2017-08-15
REV_90624,ORD_50624,2,Review 2 Stars,O lençol rasgou na primeira lavagem. Tecido muito fino.,Bedsheet tore on first wash. Fabric is extremely thin.,Negative,poor_quality,2018-01-28
REV_90625,ORD_50625,2,Review 2 Stars,Costuras tortas e acabamento grosseiro.,Crooked stitching and rough finishing.,Negative,poor_quality,2018-01-02
REV_90626,ORD_50626,4,Review 4 Stars,Toalhas macias e com ótima absorção.,Soft towels with great water absorption.,Positive,positive,2018-02-24
REV_90627,ORD_50627,1,Review 1 Stars,Costuras tortas e acabamento grosseiro.,Crooked stitching and rough finishing.,Negative,poor_quality,2017-09-12
REV_90628,ORD_50628,2,Review 2 Stars,"Entrega atrasou 15 dias, pedido veio incompleto sem as fronhas.","Delivery was 15 days late, order incomplete without pillowcases.",Negative,delivery_delay,2017-07-10
REV_90629,ORD_50629,2,Review 2 Stars,Costuras tortas e acabamento grosseiro.,Crooked stitching and rough finishing.,Negative,poor_quality,2017-10-30
REV_90630,ORD_50630,5,Review 5 Stars,Gostei bastante da estampa e do tecido de algodão.,Really liked the print and cotton fabric.,Positive,positive,2017-10-17
REV_90631,ORD_50631,2,Review 2 Stars,O lençol rasgou na primeira lavagem. Tecido muito fino.,Bedsheet tore on first wash. Fabric is extremely thin.,Negative,poor_quality,2017-07-16
REV_90632,ORD_50632,1,Review 1 Stars,O lençol rasgou na primeira lavagem. Tecido muito fino.,Bedsheet tore on first wash. Fabric is extremely thin.,Negative,poor_quality,2018-01-03
REV_90633,ORD_50633,2,Review 2 Stars,Cor desbotou completamente e soltou tinta nas outras roupas.,Color faded completely and stained other clothes in the washer.,Negative,poor_quality,2018-04-21
REV_90634,ORD_50634,4,Review 4 Stars,Gostei bastante da estampa e do tecido de algodão.,Really liked the print and cotton fabric.,Positive,positive,2017-05-02
REV_90635,ORD_50635,3,Review 3 Stars,"Produto razoável, dentro do esperado pelo valor.","Reasonable product, as expected for the price.",Neutral,neutral,2017-03-16
REV_90636,ORD_50636,2,Review 2 Stars,Cor desbotou completamente e soltou tinta nas outras roupas.,Color faded completely and stained other clothes in the washer.,Negative,poor_quality,2018-04-22
REV_90637,ORD_50637,3,Review 3 Stars,"Produto razoável, dentro do esperado pelo valor.","Reasonable product, as expected for the price.",Neutral,neutral,2018-04-06
REV_90638,ORD_50638,2,Review 2 Stars,"Entrega atrasou 15 dias, pedido veio incompleto sem as fronhas.","Delivery was 15 days late, order incomplete without pillowcases.",Negative,delivery_delay,2018-01-28
REV_90639,ORD_50639,1,Review 1 Stars,O lençol rasgou na primeira lavagem. Tecido muito fino.,Bedsheet tore on first wash. Fabric is extremely thin.,Negative,poor_quality,2018-03-26
REV_90640,ORD_50640,2,Review 2 Stars,Costuras tortas e acabamento grosseiro.,Crooked stitching and rough finishing.,Negative,poor_quality,2017-04-06
REV_90641,ORD_50641,1,Review 1 Stars,"Entrega atrasou 15 dias, pedido veio incompleto sem as fronhas.","Delivery was 15 days late, order incomplete without pillowcases.",Negative,delivery_delay,2017-12-06
REV_90642,ORD_50642,2,Review 2 Stars,O lençol rasgou na primeira lavagem. Tecido muito fino.,Bedsheet tore on first wash. Fabric is extremely thin.,Negative,poor_quality,2017-11-17
REV_90643,ORD_50643,2,Review 2 Stars,Costuras tortas e acabamento grosseiro.,Crooked stitching and rough finishing.,Negative,poor_quality,2018-01-29
REV_90644,ORD_50644,1,Review 1 Stars,Cor desbotou completamente e soltou tinta nas outras roupas.,Color faded completely and stained other clothes in the washer.,Negative,poor_quality,2017-10-13
REV_90645,ORD_50645,2,Review 2 Stars,Cor desbotou completamente e soltou tinta nas outras roupas.,Color faded completely and stained other clothes in the washer.,Negative,poor_quality,2018-04-25
REV_90646,ORD_50646,2,Review 2 Stars,O lençol rasgou na primeira lavagem. Tecido muito fino.,Bedsheet tore on first wash. Fabric is extremely thin.,Negative,poor_quality,2018-06-02
REV_90647,ORD_50647,2,Review 2 Stars,Costuras tortas e acabamento grosseiro.,Crooked stitching and rough finishing.,Negative,poor_quality,2017-11-15
REV_90648,ORD_50648,2,Review 2 Stars,Cor desbotou completamente e soltou tinta nas outras roupas.,Color faded completely and stained other clothes in the washer.,Negative,poor_quality,2017-10-14
REV_90649,ORD_50649,1,Review 1 Stars,Cor desbotou completamente e soltou tinta nas outras roupas.,Color faded completely and stained other clothes in the washer.,Negative,poor_quality,2017-11-30
REV_90650,ORD_50650,4,Review 4 Stars,Toalhas macias e com ótima absorção.,Soft towels with great water absorption.,Positive,positive,2017-09-24
REV_90651,ORD_50651,2,Review 2 Stars,O lençol rasgou na primeira lavagem. Tecido muito fino.,Bedsheet tore on first wash. Fabric is extremely thin.,Negative,poor_quality,2018-02-25
REV_90652,ORD_50652,1,Review 1 Stars,Costuras tortas e acabamento grosseiro.,Crooked stitching and rough finishing.,Negative,poor_quality,2018-02-16
REV_90653,ORD_50653,4,Review 4 Stars,Gostei bastante da estampa e do tecido de algodão.,Really liked the print and cotton fabric.,Positive,positive,2017-09-22
REV_90654,ORD_50654,2,Review 2 Stars,Cor desbotou completamente e soltou tinta nas outras roupas.,Color faded completely and stained other clothes in the washer.,Negative,poor_quality,2018-06-03
REV_90655,ORD_50655,4,Review 4 Stars,Toalhas macias e com ótima absorção.,Soft towels with great water absorption.,Positive,positive,2017-06-14
REV_90656,ORD_50656,1,Review 1 Stars,O lençol rasgou na primeira lavagem. Tecido muito fino.,Bedsheet tore on first wash. Fabric is extremely thin.,Negative,poor_quality,2017-10-12
REV_90657,ORD_50657,2,Review 2 Stars,"Entrega atrasou 15 dias, pedido veio incompleto sem as fronhas.","Delivery was 15 days late, order incomplete without pillowcases.",Negative,delivery_delay,2017-03-11
REV_90658,ORD_50658,2,Review 2 Stars,O lençol rasgou na primeira lavagem. Tecido muito fino.,Bedsheet tore on first wash. Fabric is extremely thin.,Negative,poor_quality,2017-12-11
REV_90659,ORD_50659,3,Review 3 Stars,"Produto razoável, dentro do esperado pelo valor.","Reasonable product, as expected for the price.",Neutral,neutral,2017-03-07
REV_90660,ORD_50660,2,Review 2 Stars,Costuras tortas e acabamento grosseiro.,Crooked stitching and rough finishing.,Negative,poor_quality,2018-01-13
REV_90661,ORD_50661,1,Review 1 Stars,Cor desbotou completamente e soltou tinta nas outras roupas.,Color faded completely and stained other clothes in the washer.,Negative,poor_quality,2017-06-07
REV_90662,ORD_50662,2,Review 2 Stars,O lençol rasgou na primeira lavagem. Tecido muito fino.,Bedsheet tore on first wash. Fabric is extremely thin.,Negative,poor_quality,2017-09-03
REV_90663,ORD_50663,1,Review 1 Stars,O lençol rasgou na primeira lavagem. Tecido muito fino.,Bedsheet tore on first wash. Fabric is extremely thin.,Negative,poor_quality,2018-02-17
REV_90664,ORD_50664,4,Review 4 Stars,Toalhas macias e com ótima absorção.,Soft towels with great water absorption.,Positive,positive,2017-11-01
REV_90665,ORD_50665,2,Review 2 Stars,Costuras tortas e acabamento grosseiro.,Crooked stitching and rough finishing.,Negative,poor_quality,2017-06-09
REV_90666,ORD_50666,3,Review 3 Stars,"Produto razoável, dentro do esperado pelo valor.","Reasonable product, as expected for the price.",Neutral,neutral,2018-04-09
REV_90667,ORD_50667,4,Review 4 Stars,"Monitor de alta resolução, entrega ultra rápida em 4 dias.","High resolution monitor, ultra-fast delivery in 4 days.",Positive,positive,2018-01-28
REV_90668,ORD_50668,1,Review 1 Stars,Cabo USB com mau contato.,USB cable has loose contact.,Negative,defective,2017-09-17
REV_90669,ORD_50669,5,Review 5 Stars,"Monitor de alta resolução, entrega ultra rápida em 4 dias.","High resolution monitor, ultra-fast delivery in 4 days.",Positive,positive,2017-11-21
REV_90670,ORD_50670,4,Review 4 Stars,"Monitor de alta resolução, entrega ultra rápida em 4 dias.","High resolution monitor, ultra-fast delivery in 4 days.",Positive,positive,2017-02-15
REV_90671,ORD_50671,4,Review 4 Stars,"Teclado mecânico excelente, resposta rápida e iluminação linda.","Excellent mechanical keyboard, rapid response and gorgeous RGB lighting.",Positive,positive,2017-03-21
REV_90672,ORD_50672,3,Review 3 Stars,"Produto razoável, dentro do esperado pelo valor.","Reasonable product, as expected for the price.",Neutral,neutral,2017-03-19
REV_90673,ORD_50673,3,Review 3 Stars,"Produto razoável, dentro do esperado pelo valor.","Reasonable product, as expected for the price.",Neutral,neutral,2017-08-26
REV_90674,ORD_50674,1,Review 1 Stars,Demorou um pouco além do prazo estimado.,Took a bit longer than estimated delivery date.,Negative,delivery_delay,2018-02-21
REV_90675,ORD_50675,4,Review 4 Stars,"Monitor de alta resolução, entrega ultra rápida em 4 dias.","High resolution monitor, ultra-fast delivery in 4 days.",Positive,positive,2017-08-07
REV_90676,ORD_50676,5,Review 5 Stars,"Ótimo custo benefício, original com nota fiscal.","Great cost-benefit, genuine product with tax invoice.",Positive,positive,2017-08-11
REV_90677,ORD_50677,4,Review 4 Stars,"Monitor de alta resolução, entrega ultra rápida em 4 dias.","High resolution monitor, ultra-fast delivery in 4 days.",Positive,positive,2017-11-20
REV_90678,ORD_50678,3,Review 3 Stars,"Produto razoável, dentro do esperado pelo valor.","Reasonable product, as expected for the price.",Neutral,neutral,2017-04-30
REV_90679,ORD_50679,5,Review 5 Stars,"Teclado mecânico excelente, resposta rápida e iluminação linda.","Excellent mechanical keyboard, rapid response and gorgeous RGB lighting.",Positive,positive,2017-04-26
REV_90680,ORD_50680,3,Review 3 Stars,"Produto razoável, dentro do esperado pelo valor.","Reasonable product, as expected for the price.",Neutral,neutral,2018-02-19
REV_90681,ORD_50681,4,Review 4 Stars,"Ótimo custo benefício, original com nota fiscal.","Great cost-benefit, genuine product with tax invoice.",Positive,positive,2017-02-12
REV_90682,ORD_50682,3,Review 3 Stars,"Produto razoável, dentro do esperado pelo valor.","Reasonable product, as expected for the price.",Neutral,neutral,2017-03-03
REV_90683,ORD_50683,5,Review 5 Stars,"Ótimo custo benefício, original com nota fiscal.","Great cost-benefit, genuine product with tax invoice.",Positive,positive,2017-03-16
REV_90684,ORD_50684,5,Review 5 Stars,"Teclado mecânico excelente, resposta rápida e iluminação linda.","Excellent mechanical keyboard, rapid response and gorgeous RGB lighting.",Positive,positive,2017-04-22
REV_90685,ORD_50685,3,Review 3 Stars,"Produto razoável, dentro do esperado pelo valor.","Reasonable product, as expected for the price.",Neutral,neutral,2018-03-29
REV_90686,ORD_50686,4,Review 4 Stars,"Monitor de alta resolução, entrega ultra rápida em 4 dias.","High resolution monitor, ultra-fast delivery in 4 days.",Positive,positive,2017-02-05
REV_90687,ORD_50687,4,Review 4 Stars,"Teclado mecânico excelente, resposta rápida e iluminação linda.","Excellent mechanical keyboard, rapid response and gorgeous RGB lighting.",Positive,positive,2017-09-03
REV_90688,ORD_50688,3,Review 3 Stars,"Produto razoável, dentro do esperado pelo valor.","Reasonable product, as expected for the price.",Neutral,neutral,2017-06-05
REV_90689,ORD_50689,1,Review 1 Stars,O mouse parou de funcionar após 3 dias de uso.,Mouse stopped working after 3 days of usage.,Negative,defective,2017-05-11
REV_90690,ORD_50690,5,Review 5 Stars,"Ótimo custo benefício, original com nota fiscal.","Great cost-benefit, genuine product with tax invoice.",Positive,positive,2017-09-19
REV_90691,ORD_50691,5,Review 5 Stars,"Ótimo custo benefício, original com nota fiscal.","Great cost-benefit, genuine product with tax invoice.",Positive,positive,2017-05-19
REV_90692,ORD_50692,5,Review 5 Stars,"Monitor de alta resolução, entrega ultra rápida em 4 dias.","High resolution monitor, ultra-fast delivery in 4 days.",Positive,positive,2017-02-07
REV_90693,ORD_50693,5,Review 5 Stars,"Teclado mecânico excelente, resposta rápida e iluminação linda.","Excellent mechanical keyboard, rapid response and gorgeous RGB lighting.",Positive,positive,2017-09-18
REV_90694,ORD_50694,5,Review 5 Stars,"Teclado mecânico excelente, resposta rápida e iluminação linda.","Excellent mechanical keyboard, rapid response and gorgeous RGB lighting.",Positive,positive,2018-05-13
REV_90695,ORD_50695,5,Review 5 Stars,"Ótimo custo benefício, original com nota fiscal.","Great cost-benefit, genuine product with tax invoice.",Positive,positive,2017-12-19
REV_90696,ORD_50696,5,Review 5 Stars,"Ótimo custo benefício, original com nota fiscal.","Great cost-benefit, genuine product with tax invoice.",Positive,positive,2017-09-03
REV_90697,ORD_50697,3,Review 3 Stars,"Produto razoável, dentro do esperado pelo valor.","Reasonable product, as expected for the price.",Neutral,neutral,2018-03-27
REV_90698,ORD_50698,3,Review 3 Stars,"Produto razoável, dentro do esperado pelo valor.","Reasonable product, as expected for the price.",Neutral,neutral,2017-08-18
REV_90699,ORD_50699,3,Review 3 Stars,"Produto razoável, dentro do esperado pelo valor.","Reasonable product, as expected for the price.",Neutral,neutral,2017-11-29
REV_90700,ORD_50700,2,Review 2 Stars,Cabo USB com mau contato.,USB cable has loose contact.,Negative,defective,2017-03-06
REV_90701,ORD_50701,2,Review 2 Stars,O mouse parou de funcionar após 3 dias de uso.,Mouse stopped working after 3 days of usage.,Negative,defective,2017-10-25
REV_90702,ORD_50702,5,Review 5 Stars,"Monitor de alta resolução, entrega ultra rápida em 4 dias.","High resolution monitor, ultra-fast delivery in 4 days.",Positive,positive,2018-01-17
REV_90703,ORD_50703,5,Review 5 Stars,"Monitor de alta resolução, entrega ultra rápida em 4 dias.","High resolution monitor, ultra-fast delivery in 4 days.",Positive,positive,2017-12-30
REV_90704,ORD_50704,4,Review 4 Stars,"Monitor de alta resolução, entrega ultra rápida em 4 dias.","High resolution monitor, ultra-fast delivery in 4 days.",Positive,positive,2017-10-03
REV_90705,ORD_50705,3,Review 3 Stars,"Produto razoável, dentro do esperado pelo valor.","Reasonable product, as expected for the price.",Neutral,neutral,2018-02-25
REV_90706,ORD_50706,1,Review 1 Stars,O mouse parou de funcionar após 3 dias de uso.,Mouse stopped working after 3 days of usage.,Negative,defective,2017-06-17
REV_90707,ORD_50707,4,Review 4 Stars,"Monitor de alta resolução, entrega ultra rápida em 4 dias.","High resolution monitor, ultra-fast delivery in 4 days.",Positive,positive,2017-06-15
REV_90708,ORD_50708,4,Review 4 Stars,"Ótimo custo benefício, original com nota fiscal.","Great cost-benefit, genuine product with tax invoice.",Positive,positive,2018-01-25
REV_90709,ORD_50709,4,Review 4 Stars,"Ótimo custo benefício, original com nota fiscal.","Great cost-benefit, genuine product with tax invoice.",Positive,positive,2017-08-04
REV_90710,ORD_50710,3,Review 3 Stars,"Produto razoável, dentro do esperado pelo valor.","Reasonable product, as expected for the price.",Neutral,neutral,2018-03-15
REV_90711,ORD_50711,5,Review 5 Stars,"Monitor de alta resolução, entrega ultra rápida em 4 dias.","High resolution monitor, ultra-fast delivery in 4 days.",Positive,positive,2017-05-07
REV_90712,ORD_50712,4,Review 4 Stars,"Monitor de alta resolução, entrega ultra rápida em 4 dias.","High resolution monitor, ultra-fast delivery in 4 days.",Positive,positive,2018-05-18
REV_90713,ORD_50713,5,Review 5 Stars,"Ótimo custo benefício, original com nota fiscal.","Great cost-benefit, genuine product with tax invoice.",Positive,positive,2018-03-19
REV_90714,ORD_50714,4,Review 4 Stars,"Ótimo custo benefício, original com nota fiscal.","Great cost-benefit, genuine product with tax invoice.",Positive,positive,2017-05-30
REV_90715,ORD_50715,5,Review 5 Stars,"Teclado mecânico excelente, resposta rápida e iluminação linda.","Excellent mechanical keyboard, rapid response and gorgeous RGB lighting.",Positive,positive,2017-03-24
REV_90716,ORD_50716,5,Review 5 Stars,"Teclado mecânico excelente, resposta rápida e iluminação linda.","Excellent mechanical keyboard, rapid response and gorgeous RGB lighting.",Positive,positive,2018-05-06
REV_90717,ORD_50717,5,Review 5 Stars,"Ótimo custo benefício, original com nota fiscal.","Great cost-benefit, genuine product with tax invoice.",Positive,positive,2018-05-30
REV_90718,ORD_50718,5,Review 5 Stars,"Teclado mecânico excelente, resposta rápida e iluminação linda.","Excellent mechanical keyboard, rapid response and gorgeous RGB lighting.",Positive,positive,2018-02-21
REV_90719,ORD_50719,5,Review 5 Stars,"Teclado mecânico excelente, resposta rápida e iluminação linda.","Excellent mechanical keyboard, rapid response and gorgeous RGB lighting.",Positive,positive,2017-06-19
REV_90720,ORD_50720,5,Review 5 Stars,"Teclado mecânico excelente, resposta rápida e iluminação linda.","Excellent mechanical keyboard, rapid response and gorgeous RGB lighting.",Positive,positive,2017-11-15
REV_90721,ORD_50721,3,Review 3 Stars,"Produto razoável, dentro do esperado pelo valor.","Reasonable product, as expected for the price.",Neutral,neutral,2018-03-22
REV_90722,ORD_50722,4,Review 4 Stars,"Ótimo custo benefício, original com nota fiscal.","Great cost-benefit, genuine product with tax invoice.",Positive,positive,2017-06-21
REV_90723,ORD_50723,5,Review 5 Stars,"Monitor de alta resolução, entrega ultra rápida em 4 dias.","High resolution monitor, ultra-fast delivery in 4 days.",Positive,positive,2017-07-31
REV_90724,ORD_50724,4,Review 4 Stars,"Teclado mecânico excelente, resposta rápida e iluminação linda.","Excellent mechanical keyboard, rapid response and gorgeous RGB lighting.",Positive,positive,2017-04-30
REV_90725,ORD_50725,2,Review 2 Stars,Cabo USB com mau contato.,USB cable has loose contact.,Negative,defective,2018-02-01
REV_90726,ORD_50726,2,Review 2 Stars,Demorou um pouco além do prazo estimado.,Took a bit longer than estimated delivery date.,Negative,delivery_delay,2017-02-24
REV_90727,ORD_50727,4,Review 4 Stars,"Teclado mecânico excelente, resposta rápida e iluminação linda.","Excellent mechanical keyboard, rapid response and gorgeous RGB lighting.",Positive,positive,2017-04-26
REV_90728,ORD_50728,5,Review 5 Stars,"Monitor de alta resolução, entrega ultra rápida em 4 dias.","High resolution monitor, ultra-fast delivery in 4 days.",Positive,positive,2017-09-23
REV_90729,ORD_50729,4,Review 4 Stars,"Teclado mecânico excelente, resposta rápida e iluminação linda.","Excellent mechanical keyboard, rapid response and gorgeous RGB lighting.",Positive,positive,2017-03-10
REV_90730,ORD_50730,5,Review 5 Stars,"Monitor de alta resolução, entrega ultra rápida em 4 dias.","High resolution monitor, ultra-fast delivery in 4 days.",Positive,positive,2018-02-01
REV_90731,ORD_50731,4,Review 4 Stars,"Ótimo custo benefício, original com nota fiscal.","Great cost-benefit, genuine product with tax invoice.",Positive,positive,2017-10-30
REV_90732,ORD_50732,2,Review 2 Stars,Demorou um pouco além do prazo estimado.,Took a bit longer than estimated delivery date.,Negative,delivery_delay,2017-10-08
REV_90733,ORD_50733,3,Review 3 Stars,"Produto razoável, dentro do esperado pelo valor.","Reasonable product, as expected for the price.",Neutral,neutral,2017-03-29
REV_90734,ORD_50734,5,Review 5 Stars,"Teclado mecânico excelente, resposta rápida e iluminação linda.","Excellent mechanical keyboard, rapid response and gorgeous RGB lighting.",Positive,positive,2017-06-12
REV_90735,ORD_50735,2,Review 2 Stars,O mouse parou de funcionar após 3 dias de uso.,Mouse stopped working after 3 days of usage.,Negative,defective,2017-10-26
REV_90736,ORD_50736,5,Review 5 Stars,"Monitor de alta resolução, entrega ultra rápida em 4 dias.","High resolution monitor, ultra-fast delivery in 4 days.",Positive,positive,2018-03-07
REV_90737,ORD_50737,4,Review 4 Stars,"Teclado mecânico excelente, resposta rápida e iluminação linda.","Excellent mechanical keyboard, rapid response and gorgeous RGB lighting.",Positive,positive,2018-04-29
REV_90738,ORD_50738,5,Review 5 Stars,"Teclado mecânico excelente, resposta rápida e iluminação linda.","Excellent mechanical keyboard, rapid response and gorgeous RGB lighting.",Positive,positive,2018-03-25
REV_90739,ORD_50739,5,Review 5 Stars,"Monitor de alta resolução, entrega ultra rápida em 4 dias.","High resolution monitor, ultra-fast delivery in 4 days.",Positive,positive,2017-06-12
REV_90740,ORD_50740,1,Review 1 Stars,O mouse parou de funcionar após 3 dias de uso.,Mouse stopped working after 3 days of usage.,Negative,defective,2017-02-01
REV_90741,ORD_50741,5,Review 5 Stars,"Teclado mecânico excelente, resposta rápida e iluminação linda.","Excellent mechanical keyboard, rapid response and gorgeous RGB lighting.",Positive,positive,2017-08-13
REV_90742,ORD_50742,4,Review 4 Stars,"Monitor de alta resolução, entrega ultra rápida em 4 dias.","High resolution monitor, ultra-fast delivery in 4 days.",Positive,positive,2017-01-31
REV_90743,ORD_50743,3,Review 3 Stars,"Produto razoável, dentro do esperado pelo valor.","Reasonable product, as expected for the price.",Neutral,neutral,2018-01-29
REV_90744,ORD_50744,5,Review 5 Stars,"Ótimo custo benefício, original com nota fiscal.","Great cost-benefit, genuine product with tax invoice.",Positive,positive,2017-12-21
REV_90745,ORD_50745,4,Review 4 Stars,"Teclado mecânico excelente, resposta rápida e iluminação linda.","Excellent mechanical keyboard, rapid response and gorgeous RGB lighting.",Positive,positive,2017-04-08
REV_90746,ORD_50746,1,Review 1 Stars,Demorou um pouco além do prazo estimado.,Took a bit longer than estimated delivery date.,Negative,delivery_delay,2018-01-16
REV_90747,ORD_50747,1,Review 1 Stars,O mouse parou de funcionar após 3 dias de uso.,Mouse stopped working after 3 days of usage.,Negative,defective,2018-05-04
REV_90748,ORD_50748,4,Review 4 Stars,"Teclado mecânico excelente, resposta rápida e iluminação linda.","Excellent mechanical keyboard, rapid response and gorgeous RGB lighting.",Positive,positive,2017-08-10
REV_90749,ORD_50749,3,Review 3 Stars,"Produto razoável, dentro do esperado pelo valor.","Reasonable product, as expected for the price.",Neutral,neutral,2017-09-30
REV_90750,ORD_50750,2,Review 2 Stars,Demorou um pouco além do prazo estimado.,Took a bit longer than estimated delivery date.,Negative,delivery_delay,2017-03-01
REV_90751,ORD_50751,5,Review 5 Stars,"Monitor de alta resolução, entrega ultra rápida em 4 dias.","High resolution monitor, ultra-fast delivery in 4 days.",Positive,positive,2017-10-21
REV_90752,ORD_50752,5,Review 5 Stars,"Monitor de alta resolução, entrega ultra rápida em 4 dias.","High resolution monitor, ultra-fast delivery in 4 days.",Positive,positive,2017-04-13
REV_90753,ORD_50753,3,Review 3 Stars,"Produto razoável, dentro do esperado pelo valor.","Reasonable product, as expected for the price.",Neutral,neutral,2017-12-16
REV_90754,ORD_50754,4,Review 4 Stars,"Ótimo custo benefício, original com nota fiscal.","Great cost-benefit, genuine product with tax invoice.",Positive,positive,2018-01-31
REV_90755,ORD_50755,4,Review 4 Stars,"Ótimo custo benefício, original com nota fiscal.","Great cost-benefit, genuine product with tax invoice.",Positive,positive,2017-05-04
REV_90756,ORD_50756,2,Review 2 Stars,O mouse parou de funcionar após 3 dias de uso.,Mouse stopped working after 3 days of usage.,Negative,defective,2017-07-20
REV_90757,ORD_50757,4,Review 4 Stars,"Ótimo custo benefício, original com nota fiscal.","Great cost-benefit, genuine product with tax invoice.",Positive,positive,2017-09-22
REV_90758,ORD_50758,4,Review 4 Stars,"Monitor de alta resolução, entrega ultra rápida em 4 dias.","High resolution monitor, ultra-fast delivery in 4 days.",Positive,positive,2017-09-21
REV_90759,ORD_50759,5,Review 5 Stars,"Teclado mecânico excelente, resposta rápida e iluminação linda.","Excellent mechanical keyboard, rapid response and gorgeous RGB lighting.",Positive,positive,2017-12-06
REV_90760,ORD_50760,5,Review 5 Stars,"Teclado mecânico excelente, resposta rápida e iluminação linda.","Excellent mechanical keyboard, rapid response and gorgeous RGB lighting.",Positive,positive,2017-09-22
REV_90761,ORD_50761,4,Review 4 Stars,"Teclado mecânico excelente, resposta rápida e iluminação linda.","Excellent mechanical keyboard, rapid response and gorgeous RGB lighting.",Positive,positive,2017-07-27
REV_90762,ORD_50762,4,Review 4 Stars,"Teclado mecânico excelente, resposta rápida e iluminação linda.","Excellent mechanical keyboard, rapid response and gorgeous RGB lighting.",Positive,positive,2017-10-23
REV_90763,ORD_50763,5,Review 5 Stars,"Ótimo custo benefício, original com nota fiscal.","Great cost-benefit, genuine product with tax invoice.",Positive,positive,2017-09-19
REV_90764,ORD_50764,5,Review 5 Stars,"Ótimo custo benefício, original com nota fiscal.","Great cost-benefit, genuine product with tax invoice.",Positive,positive,2017-09-12
REV_90765,ORD_50765,4,Review 4 Stars,"Teclado mecânico excelente, resposta rápida e iluminação linda.","Excellent mechanical keyboard, rapid response and gorgeous RGB lighting.",Positive,positive,2018-02-08
REV_90766,ORD_50766,5,Review 5 Stars,"Teclado mecânico excelente, resposta rápida e iluminação linda.","Excellent mechanical keyboard, rapid response and gorgeous RGB lighting.",Positive,positive,2018-02-23
REV_90767,ORD_50767,5,Review 5 Stars,"Teclado mecânico excelente, resposta rápida e iluminação linda.","Excellent mechanical keyboard, rapid response and gorgeous RGB lighting.",Positive,positive,2017-07-16
REV_90768,ORD_50768,5,Review 5 Stars,"Monitor de alta resolução, entrega ultra rápida em 4 dias.","High resolution monitor, ultra-fast delivery in 4 days.",Positive,positive,2017-11-03
REV_90769,ORD_50769,5,Review 5 Stars,"Ótimo custo benefício, original com nota fiscal.","Great cost-benefit, genuine product with tax invoice.",Positive,positive,2017-10-13
REV_90770,ORD_50770,5,Review 5 Stars,"Monitor de alta resolução, entrega ultra rápida em 4 dias.","High resolution monitor, ultra-fast delivery in 4 days.",Positive,positive,2017-01-17
REV_90771,ORD_50771,4,Review 4 Stars,"Monitor de alta resolução, entrega ultra rápida em 4 dias.","High resolution monitor, ultra-fast delivery in 4 days.",Positive,positive,2018-02-25
REV_90772,ORD_50772,1,Review 1 Stars,Demorou um pouco além do prazo estimado.,Took a bit longer than estimated delivery date.,Negative,delivery_delay,2017-04-16
REV_90773,ORD_50773,4,Review 4 Stars,"Ótimo custo benefício, original com nota fiscal.","Great cost-benefit, genuine product with tax invoice.",Positive,positive,2017-05-27
REV_90774,ORD_50774,5,Review 5 Stars,"Ótimo custo benefício, original com nota fiscal.","Great cost-benefit, genuine product with tax invoice.",Positive,positive,2018-01-18
REV_90775,ORD_50775,5,Review 5 Stars,"Monitor de alta resolução, entrega ultra rápida em 4 dias.","High resolution monitor, ultra-fast delivery in 4 days.",Positive,positive,2017-04-30
REV_90776,ORD_50776,1,Review 1 Stars,O mouse parou de funcionar após 3 dias de uso.,Mouse stopped working after 3 days of usage.,Negative,defective,2017-07-04
REV_90777,ORD_50777,4,Review 4 Stars,"Monitor de alta resolução, entrega ultra rápida em 4 dias.","High resolution monitor, ultra-fast delivery in 4 days.",Positive,positive,2018-03-29
REV_90778,ORD_50778,5,Review 5 Stars,"Ótimo custo benefício, original com nota fiscal.","Great cost-benefit, genuine product with tax invoice.",Positive,positive,2018-03-06
REV_90779,ORD_50779,5,Review 5 Stars,"Monitor de alta resolução, entrega ultra rápida em 4 dias.","High resolution monitor, ultra-fast delivery in 4 days.",Positive,positive,2017-09-11
REV_90780,ORD_50780,5,Review 5 Stars,"Teclado mecânico excelente, resposta rápida e iluminação linda.","Excellent mechanical keyboard, rapid response and gorgeous RGB lighting.",Positive,positive,2017-11-26
REV_90781,ORD_50781,5,Review 5 Stars,"Monitor de alta resolução, entrega ultra rápida em 4 dias.","High resolution monitor, ultra-fast delivery in 4 days.",Positive,positive,2017-08-01
REV_90782,ORD_50782,4,Review 4 Stars,"Monitor de alta resolução, entrega ultra rápida em 4 dias.","High resolution monitor, ultra-fast delivery in 4 days.",Positive,positive,2017-10-20
REV_90783,ORD_50783,5,Review 5 Stars,"Ótimo custo benefício, original com nota fiscal.","Great cost-benefit, genuine product with tax invoice.",Positive,positive,2017-05-26
REV_90784,ORD_50784,5,Review 5 Stars,"Monitor de alta resolução, entrega ultra rápida em 4 dias.","High resolution monitor, ultra-fast delivery in 4 days.",Positive,positive,2017-02-12
REV_90785,ORD_50785,4,Review 4 Stars,"Teclado mecânico excelente, resposta rápida e iluminação linda.","Excellent mechanical keyboard, rapid response and gorgeous RGB lighting.",Positive,positive,2017-08-06
REV_90786,ORD_50786,5,Review 5 Stars,"Monitor de alta resolução, entrega ultra rápida em 4 dias.","High resolution monitor, ultra-fast delivery in 4 days.",Positive,positive,2017-05-25
REV_90787,ORD_50787,5,Review 5 Stars,"Teclado mecânico excelente, resposta rápida e iluminação linda.","Excellent mechanical keyboard, rapid response and gorgeous RGB lighting.",Positive,positive,2018-02-21
REV_90788,ORD_50788,4,Review 4 Stars,"Ótimo custo benefício, original com nota fiscal.","Great cost-benefit, genuine product with tax invoice.",Positive,positive,2017-08-29
REV_90789,ORD_50789,2,Review 2 Stars,Cabo USB com mau contato.,USB cable has loose contact.,Negative,defective,2017-06-29
REV_90790,ORD_50790,4,Review 4 Stars,"Ótimo custo benefício, original com nota fiscal.","Great cost-benefit, genuine product with tax invoice.",Positive,positive,2018-03-17
REV_90791,ORD_50791,4,Review 4 Stars,"Teclado mecânico excelente, resposta rápida e iluminação linda.","Excellent mechanical keyboard, rapid response and gorgeous RGB lighting.",Positive,positive,2017-12-04
REV_90792,ORD_50792,3,Review 3 Stars,"Produto razoável, dentro do esperado pelo valor.","Reasonable product, as expected for the price.",Neutral,neutral,2017-01-10
REV_90793,ORD_50793,1,Review 1 Stars,Cabo USB com mau contato.,USB cable has loose contact.,Negative,defective,2017-05-06
REV_90794,ORD_50794,3,Review 3 Stars,"Produto razoável, dentro do esperado pelo valor.","Reasonable product, as expected for the price.",Neutral,neutral,2017-09-05
REV_90795,ORD_50795,3,Review 3 Stars,"Produto razoável, dentro do esperado pelo valor.","Reasonable product, as expected for the price.",Neutral,neutral,2017-12-29
REV_90796,ORD_50796,5,Review 5 Stars,"Ótimo custo benefício, original com nota fiscal.","Great cost-benefit, genuine product with tax invoice.",Positive,positive,2018-01-16
REV_90797,ORD_50797,3,Review 3 Stars,"Produto razoável, dentro do esperado pelo valor.","Reasonable product, as expected for the price.",Neutral,neutral,2018-02-26
REV_90798,ORD_50798,5,Review 5 Stars,"Ótimo custo benefício, original com nota fiscal.","Great cost-benefit, genuine product with tax invoice.",Positive,positive,2017-03-20
REV_90799,ORD_50799,1,Review 1 Stars,Demorou um pouco além do prazo estimado.,Took a bit longer than estimated delivery date.,Negative,delivery_delay,2017-08-30
REV_90800,ORD_50800,2,Review 2 Stars,Demorou um pouco além do prazo estimado.,Took a bit longer than estimated delivery date.,Negative,delivery_delay,2018-03-07
REV_90801,ORD_50801,2,Review 2 Stars,O mouse parou de funcionar após 3 dias de uso.,Mouse stopped working after 3 days of usage.,Negative,defective,2018-05-04
REV_90802,ORD_50802,5,Review 5 Stars,"Ótimo custo benefício, original com nota fiscal.","Great cost-benefit, genuine product with tax invoice.",Positive,positive,2017-04-28
REV_90803,ORD_50803,2,Review 2 Stars,Cabo USB com mau contato.,USB cable has loose contact.,Negative,defective,2017-04-06
REV_90804,ORD_50804,5,Review 5 Stars,"Ótimo custo benefício, original com nota fiscal.","Great cost-benefit, genuine product with tax invoice.",Positive,positive,2017-03-16
REV_90805,ORD_50805,5,Review 5 Stars,"Ótimo custo benefício, original com nota fiscal.","Great cost-benefit, genuine product with tax invoice.",Positive,positive,2017-03-24
REV_90806,ORD_50806,4,Review 4 Stars,"Monitor de alta resolução, entrega ultra rápida em 4 dias.","High resolution monitor, ultra-fast delivery in 4 days.",Positive,positive,2017-08-14
REV_90807,ORD_50807,3,Review 3 Stars,"Produto razoável, dentro do esperado pelo valor.","Reasonable product, as expected for the price.",Neutral,neutral,2018-04-20
REV_90808,ORD_50808,2,Review 2 Stars,O mouse parou de funcionar após 3 dias de uso.,Mouse stopped working after 3 days of usage.,Negative,defective,2017-09-09
REV_90809,ORD_50809,3,Review 3 Stars,"Produto razoável, dentro do esperado pelo valor.","Reasonable product, as expected for the price.",Neutral,neutral,2018-01-10
REV_90810,ORD_50810,4,Review 4 Stars,"Ótimo custo benefício, original com nota fiscal.","Great cost-benefit, genuine product with tax invoice.",Positive,positive,2017-02-02
REV_90811,ORD_50811,1,Review 1 Stars,Demorou um pouco além do prazo estimado.,Took a bit longer than estimated delivery date.,Negative,delivery_delay,2017-01-20
REV_90812,ORD_50812,2,Review 2 Stars,O mouse parou de funcionar após 3 dias de uso.,Mouse stopped working after 3 days of usage.,Negative,defective,2017-05-30
REV_90813,ORD_50813,5,Review 5 Stars,"Monitor de alta resolução, entrega ultra rápida em 4 dias.","High resolution monitor, ultra-fast delivery in 4 days.",Positive,positive,2017-08-16
REV_90814,ORD_50814,4,Review 4 Stars,"Ótimo custo benefício, original com nota fiscal.","Great cost-benefit, genuine product with tax invoice.",Positive,positive,2018-04-26
REV_90815,ORD_50815,3,Review 3 Stars,"Produto razoável, dentro do esperado pelo valor.","Reasonable product, as expected for the price.",Neutral,neutral,2018-04-18
REV_90816,ORD_50816,3,Review 3 Stars,"Produto razoável, dentro do esperado pelo valor.","Reasonable product, as expected for the price.",Neutral,neutral,2017-02-09
REV_90817,ORD_50817,5,Review 5 Stars,"Monitor de alta resolução, entrega ultra rápida em 4 dias.","High resolution monitor, ultra-fast delivery in 4 days.",Positive,positive,2017-04-03
REV_90818,ORD_50818,5,Review 5 Stars,"Monitor de alta resolução, entrega ultra rápida em 4 dias.","High resolution monitor, ultra-fast delivery in 4 days.",Positive,positive,2017-08-26
REV_90819,ORD_50819,5,Review 5 Stars,"Monitor de alta resolução, entrega ultra rápida em 4 dias.","High resolution monitor, ultra-fast delivery in 4 days.",Positive,positive,2018-04-02
REV_90820,ORD_50820,5,Review 5 Stars,"Teclado mecânico excelente, resposta rápida e iluminação linda.","Excellent mechanical keyboard, rapid response and gorgeous RGB lighting.",Positive,positive,2017-11-06
REV_90821,ORD_50821,4,Review 4 Stars,"Ótimo custo benefício, original com nota fiscal.","Great cost-benefit, genuine product with tax invoice.",Positive,positive,2017-12-24
REV_90822,ORD_50822,5,Review 5 Stars,"Monitor de alta resolução, entrega ultra rápida em 4 dias.","High resolution monitor, ultra-fast delivery in 4 days.",Positive,positive,2017-07-24
REV_90823,ORD_50823,4,Review 4 Stars,"Ótimo custo benefício, original com nota fiscal.","Great cost-benefit, genuine product with tax invoice.",Positive,positive,2017-09-02
REV_90824,ORD_50824,3,Review 3 Stars,"Produto razoável, dentro do esperado pelo valor.","Reasonable product, as expected for the price.",Neutral,neutral,2017-06-23
REV_90825,ORD_50825,5,Review 5 Stars,"Monitor de alta resolução, entrega ultra rápida em 4 dias.","High resolution monitor, ultra-fast delivery in 4 days.",Positive,positive,2018-01-20
REV_90826,ORD_50826,3,Review 3 Stars,"Produto razoável, dentro do esperado pelo valor.","Reasonable product, as expected for the price.",Neutral,neutral,2017-05-08
REV_90827,ORD_50827,5,Review 5 Stars,"Monitor de alta resolução, entrega ultra rápida em 4 dias.","High resolution monitor, ultra-fast delivery in 4 days.",Positive,positive,2017-12-06
REV_90828,ORD_50828,5,Review 5 Stars,"Monitor de alta resolução, entrega ultra rápida em 4 dias.","High resolution monitor, ultra-fast delivery in 4 days.",Positive,positive,2017-07-13
REV_90829,ORD_50829,5,Review 5 Stars,"Teclado mecânico excelente, resposta rápida e iluminação linda.","Excellent mechanical keyboard, rapid response and gorgeous RGB lighting.",Positive,positive,2017-05-26
REV_90830,ORD_50830,5,Review 5 Stars,"Ótimo custo benefício, original com nota fiscal.","Great cost-benefit, genuine product with tax invoice.",Positive,positive,2017-02-25
REV_90831,ORD_50831,5,Review 5 Stars,"Monitor de alta resolução, entrega ultra rápida em 4 dias.","High resolution monitor, ultra-fast delivery in 4 days.",Positive,positive,2018-04-27
REV_90832,ORD_50832,5,Review 5 Stars,"Teclado mecânico excelente, resposta rápida e iluminação linda.","Excellent mechanical keyboard, rapid response and gorgeous RGB lighting.",Positive,positive,2017-02-25
REV_90833,ORD_50833,4,Review 4 Stars,"Ótimo custo benefício, original com nota fiscal.","Great cost-benefit, genuine product with tax invoice.",Positive,positive,2017-06-11
REV_90834,ORD_50834,4,Review 4 Stars,"Monitor de alta resolução, entrega ultra rápida em 4 dias.","High resolution monitor, ultra-fast delivery in 4 days.",Positive,positive,2017-03-02
REV_90835,ORD_50835,5,Review 5 Stars,"Teclado mecânico excelente, resposta rápida e iluminação linda.","Excellent mechanical keyboard, rapid response and gorgeous RGB lighting.",Positive,positive,2018-02-14
REV_90836,ORD_50836,3,Review 3 Stars,"Produto razoável, dentro do esperado pelo valor.","Reasonable product, as expected for the price.",Neutral,neutral,2017-02-21
REV_90837,ORD_50837,5,Review 5 Stars,"Teclado mecânico excelente, resposta rápida e iluminação linda.","Excellent mechanical keyboard, rapid response and gorgeous RGB lighting.",Positive,positive,2018-02-02
REV_90838,ORD_50838,5,Review 5 Stars,"Teclado mecânico excelente, resposta rápida e iluminação linda.","Excellent mechanical keyboard, rapid response and gorgeous RGB lighting.",Positive,positive,2018-01-24
REV_90839,ORD_50839,2,Review 2 Stars,Cabo USB com mau contato.,USB cable has loose contact.,Negative,defective,2017-03-21
REV_90840,ORD_50840,5,Review 5 Stars,"Teclado mecânico excelente, resposta rápida e iluminação linda.","Excellent mechanical keyboard, rapid response and gorgeous RGB lighting.",Positive,positive,2017-12-27
REV_90841,ORD_50841,1,Review 1 Stars,Demorou um pouco além do prazo estimado.,Took a bit longer than estimated delivery date.,Negative,delivery_delay,2018-03-12
REV_90842,ORD_50842,4,Review 4 Stars,"Monitor de alta resolução, entrega ultra rápida em 4 dias.","High resolution monitor, ultra-fast delivery in 4 days.",Positive,positive,2018-03-17
REV_90843,ORD_50843,3,Review 3 Stars,"Produto razoável, dentro do esperado pelo valor.","Reasonable product, as expected for the price.",Neutral,neutral,2017-03-09
REV_90844,ORD_50844,3,Review 3 Stars,"Produto razoável, dentro do esperado pelo valor.","Reasonable product, as expected for the price.",Neutral,neutral,2017-01-19
REV_90845,ORD_50845,3,Review 3 Stars,"Produto razoável, dentro do esperado pelo valor.","Reasonable product, as expected for the price.",Neutral,neutral,2017-07-01
REV_90846,ORD_50846,2,Review 2 Stars,Demorou um pouco além do prazo estimado.,Took a bit longer than estimated delivery date.,Negative,delivery_delay,2017-02-01
REV_90847,ORD_50847,5,Review 5 Stars,"Ótimo custo benefício, original com nota fiscal.","Great cost-benefit, genuine product with tax invoice.",Positive,positive,2017-05-11
REV_90848,ORD_50848,5,Review 5 Stars,"Ótimo custo benefício, original com nota fiscal.","Great cost-benefit, genuine product with tax invoice.",Positive,positive,2018-04-07
REV_90849,ORD_50849,2,Review 2 Stars,O mouse parou de funcionar após 3 dias de uso.,Mouse stopped working after 3 days of usage.,Negative,defective,2018-01-11
REV_90850,ORD_50850,5,Review 5 Stars,"Teclado mecânico excelente, resposta rápida e iluminação linda.","Excellent mechanical keyboard, rapid response and gorgeous RGB lighting.",Positive,positive,2017-11-02
REV_90851,ORD_50851,3,Review 3 Stars,"Produto razoável, dentro do esperado pelo valor.","Reasonable product, as expected for the price.",Neutral,neutral,2018-05-20
REV_90852,ORD_50852,5,Review 5 Stars,"Teclado mecânico excelente, resposta rápida e iluminação linda.","Excellent mechanical keyboard, rapid response and gorgeous RGB lighting.",Positive,positive,2018-02-26
REV_90853,ORD_50853,5,Review 5 Stars,"Monitor de alta resolução, entrega ultra rápida em 4 dias.","High resolution monitor, ultra-fast delivery in 4 days.",Positive,positive,2017-03-19
REV_90854,ORD_50854,4,Review 4 Stars,"Monitor de alta resolução, entrega ultra rápida em 4 dias.","High resolution monitor, ultra-fast delivery in 4 days.",Positive,positive,2017-05-08
REV_90855,ORD_50855,4,Review 4 Stars,"Ótimo custo benefício, original com nota fiscal.","Great cost-benefit, genuine product with tax invoice.",Positive,positive,2017-04-03
REV_90856,ORD_50856,3,Review 3 Stars,"Produto razoável, dentro do esperado pelo valor.","Reasonable product, as expected for the price.",Neutral,neutral,2017-10-22
REV_90857,ORD_50857,1,Review 1 Stars,Cabo USB com mau contato.,USB cable has loose contact.,Negative,defective,2018-04-21
REV_90858,ORD_50858,5,Review 5 Stars,"Teclado mecânico excelente, resposta rápida e iluminação linda.","Excellent mechanical keyboard, rapid response and gorgeous RGB lighting.",Positive,positive,2018-06-01
REV_90859,ORD_50859,4,Review 4 Stars,"Monitor de alta resolução, entrega ultra rápida em 4 dias.","High resolution monitor, ultra-fast delivery in 4 days.",Positive,positive,2017-04-03
REV_90860,ORD_50860,1,Review 1 Stars,O mouse parou de funcionar após 3 dias de uso.,Mouse stopped working after 3 days of usage.,Negative,defective,2018-02-11
REV_90861,ORD_50861,5,Review 5 Stars,"Monitor de alta resolução, entrega ultra rápida em 4 dias.","High resolution monitor, ultra-fast delivery in 4 days.",Positive,positive,2018-05-24
REV_90862,ORD_50862,4,Review 4 Stars,"Ótimo custo benefício, original com nota fiscal.","Great cost-benefit, genuine product with tax invoice.",Positive,positive,2017-04-12
REV_90863,ORD_50863,4,Review 4 Stars,"Monitor de alta resolução, entrega ultra rápida em 4 dias.","High resolution monitor, ultra-fast delivery in 4 days.",Positive,positive,2017-03-28
REV_90864,ORD_50864,5,Review 5 Stars,"Ótimo custo benefício, original com nota fiscal.","Great cost-benefit, genuine product with tax invoice.",Positive,positive,2018-02-22
REV_90865,ORD_50865,3,Review 3 Stars,"Produto razoável, dentro do esperado pelo valor.","Reasonable product, as expected for the price.",Neutral,neutral,2017-02-28
REV_90866,ORD_50866,2,Review 2 Stars,O mouse parou de funcionar após 3 dias de uso.,Mouse stopped working after 3 days of usage.,Negative,defective,2018-01-29
REV_90867,ORD_50867,3,Review 3 Stars,"Produto razoável, dentro do esperado pelo valor.","Reasonable product, as expected for the price.",Neutral,neutral,2018-05-28
REV_90868,ORD_50868,5,Review 5 Stars,"Teclado mecânico excelente, resposta rápida e iluminação linda.","Excellent mechanical keyboard, rapid response and gorgeous RGB lighting.",Positive,positive,2018-04-16
REV_90869,ORD_50869,2,Review 2 Stars,Demorou um pouco além do prazo estimado.,Took a bit longer than estimated delivery date.,Negative,delivery_delay,2017-09-09
REV_90870,ORD_50870,5,Review 5 Stars,"Ótimo custo benefício, original com nota fiscal.","Great cost-benefit, genuine product with tax invoice.",Positive,positive,2018-04-09
REV_90871,ORD_50871,4,Review 4 Stars,"Ótimo custo benefício, original com nota fiscal.","Great cost-benefit, genuine product with tax invoice.",Positive,positive,2017-10-05
REV_90872,ORD_50872,4,Review 4 Stars,"Teclado mecânico excelente, resposta rápida e iluminação linda.","Excellent mechanical keyboard, rapid response and gorgeous RGB lighting.",Positive,positive,2017-01-28
REV_90873,ORD_50873,5,Review 5 Stars,"Ótimo custo benefício, original com nota fiscal.","Great cost-benefit, genuine product with tax invoice.",Positive,positive,2017-09-28
REV_90874,ORD_50874,5,Review 5 Stars,"Monitor de alta resolução, entrega ultra rápida em 4 dias.","High resolution monitor, ultra-fast delivery in 4 days.",Positive,positive,2017-02-02
REV_90875,ORD_50875,3,Review 3 Stars,"Produto razoável, dentro do esperado pelo valor.","Reasonable product, as expected for the price.",Neutral,neutral,2018-02-28
REV_90876,ORD_50876,3,Review 3 Stars,"Produto razoável, dentro do esperado pelo valor.","Reasonable product, as expected for the price.",Neutral,neutral,2018-01-16
REV_90877,ORD_50877,4,Review 4 Stars,"Monitor de alta resolução, entrega ultra rápida em 4 dias.","High resolution monitor, ultra-fast delivery in 4 days.",Positive,positive,2018-03-08
REV_90878,ORD_50878,5,Review 5 Stars,"Teclado mecânico excelente, resposta rápida e iluminação linda.","Excellent mechanical keyboard, rapid response and gorgeous RGB lighting.",Positive,positive,2017-02-17
REV_90879,ORD_50879,5,Review 5 Stars,"Monitor de alta resolução, entrega ultra rápida em 4 dias.","High resolution monitor, ultra-fast delivery in 4 days.",Positive,positive,2017-08-06
REV_90880,ORD_50880,2,Review 2 Stars,O mouse parou de funcionar após 3 dias de uso.,Mouse stopped working after 3 days of usage.,Negative,defective,2018-01-29
REV_90881,ORD_50881,4,Review 4 Stars,"Ótimo custo benefício, original com nota fiscal.","Great cost-benefit, genuine product with tax invoice.",Positive,positive,2018-03-31
REV_90882,ORD_50882,3,Review 3 Stars,"Produto razoável, dentro do esperado pelo valor.","Reasonable product, as expected for the price.",Neutral,neutral,2018-04-21
REV_90883,ORD_50883,4,Review 4 Stars,"Monitor de alta resolução, entrega ultra rápida em 4 dias.","High resolution monitor, ultra-fast delivery in 4 days.",Positive,positive,2017-01-30
REV_90884,ORD_50884,4,Review 4 Stars,"Monitor de alta resolução, entrega ultra rápida em 4 dias.","High resolution monitor, ultra-fast delivery in 4 days.",Positive,positive,2018-02-20
REV_90885,ORD_50885,4,Review 4 Stars,"Teclado mecânico excelente, resposta rápida e iluminação linda.","Excellent mechanical keyboard, rapid response and gorgeous RGB lighting.",Positive,positive,2017-04-18
REV_90886,ORD_50886,4,Review 4 Stars,"Ótimo custo benefício, original com nota fiscal.","Great cost-benefit, genuine product with tax invoice.",Positive,positive,2017-11-04
REV_90887,ORD_50887,3,Review 3 Stars,"Produto razoável, dentro do esperado pelo valor.","Reasonable product, as expected for the price.",Neutral,neutral,2018-01-30
REV_90888,ORD_50888,3,Review 3 Stars,"Produto razoável, dentro do esperado pelo valor.","Reasonable product, as expected for the price.",Neutral,neutral,2018-03-30
REV_90889,ORD_50889,5,Review 5 Stars,"Ótimo custo benefício, original com nota fiscal.","Great cost-benefit, genuine product with tax invoice.",Positive,positive,2017-05-14
REV_90890,ORD_50890,1,Review 1 Stars,Demorou um pouco além do prazo estimado.,Took a bit longer than estimated delivery date.,Negative,delivery_delay,2018-04-07
REV_90891,ORD_50891,5,Review 5 Stars,"Ótimo custo benefício, original com nota fiscal.","Great cost-benefit, genuine product with tax invoice.",Positive,positive,2017-04-18
REV_90892,ORD_50892,4,Review 4 Stars,"Ótimo custo benefício, original com nota fiscal.","Great cost-benefit, genuine product with tax invoice.",Positive,positive,2017-12-17
REV_90893,ORD_50893,4,Review 4 Stars,"Monitor de alta resolução, entrega ultra rápida em 4 dias.","High resolution monitor, ultra-fast delivery in 4 days.",Positive,positive,2017-02-21
REV_90894,ORD_50894,4,Review 4 Stars,"Teclado mecânico excelente, resposta rápida e iluminação linda.","Excellent mechanical keyboard, rapid response and gorgeous RGB lighting.",Positive,positive,2017-08-09
REV_90895,ORD_50895,4,Review 4 Stars,"Teclado mecânico excelente, resposta rápida e iluminação linda.","Excellent mechanical keyboard, rapid response and gorgeous RGB lighting.",Positive,positive,2017-10-17
REV_90896,ORD_50896,5,Review 5 Stars,"Ótimo custo benefício, original com nota fiscal.","Great cost-benefit, genuine product with tax invoice.",Positive,positive,2017-12-26
REV_90897,ORD_50897,3,Review 3 Stars,"Produto razoável, dentro do esperado pelo valor.","Reasonable product, as expected for the price.",Neutral,neutral,2017-08-04
REV_90898,ORD_50898,5,Review 5 Stars,"Monitor de alta resolução, entrega ultra rápida em 4 dias.","High resolution monitor, ultra-fast delivery in 4 days.",Positive,positive,2017-02-01
REV_90899,ORD_50899,4,Review 4 Stars,"Monitor de alta resolução, entrega ultra rápida em 4 dias.","High resolution monitor, ultra-fast delivery in 4 days.",Positive,positive,2017-07-20
REV_90900,ORD_50900,2,Review 2 Stars,Demorou um pouco além do prazo estimado.,Took a bit longer than estimated delivery date.,Negative,delivery_delay,2017-01-21
REV_90901,ORD_50901,5,Review 5 Stars,"Ótimo custo benefício, original com nota fiscal.","Great cost-benefit, genuine product with tax invoice.",Positive,positive,2017-05-22
REV_90902,ORD_50902,1,Review 1 Stars,Cabo USB com mau contato.,USB cable has loose contact.,Negative,defective,2018-02-14
REV_90903,ORD_50903,5,Review 5 Stars,"Teclado mecânico excelente, resposta rápida e iluminação linda.","Excellent mechanical keyboard, rapid response and gorgeous RGB lighting.",Positive,positive,2017-01-29
REV_90904,ORD_50904,4,Review 4 Stars,"Monitor de alta resolução, entrega ultra rápida em 4 dias.","High resolution monitor, ultra-fast delivery in 4 days.",Positive,positive,2018-04-28
REV_90905,ORD_50905,5,Review 5 Stars,"Teclado mecânico excelente, resposta rápida e iluminação linda.","Excellent mechanical keyboard, rapid response and gorgeous RGB lighting.",Positive,positive,2017-11-07
REV_90906,ORD_50906,3,Review 3 Stars,"Produto razoável, dentro do esperado pelo valor.","Reasonable product, as expected for the price.",Neutral,neutral,2017-08-03
REV_90907,ORD_50907,4,Review 4 Stars,"Ótimo custo benefício, original com nota fiscal.","Great cost-benefit, genuine product with tax invoice.",Positive,positive,2017-11-26
REV_90908,ORD_50908,3,Review 3 Stars,"Produto razoável, dentro do esperado pelo valor.","Reasonable product, as expected for the price.",Neutral,neutral,2017-05-16
REV_90909,ORD_50909,3,Review 3 Stars,"Produto razoável, dentro do esperado pelo valor.","Reasonable product, as expected for the price.",Neutral,neutral,2017-12-05
REV_90910,ORD_50910,5,Review 5 Stars,"Ótimo custo benefício, original com nota fiscal.","Great cost-benefit, genuine product with tax invoice.",Positive,positive,2017-10-21
REV_90911,ORD_50911,2,Review 2 Stars,Cabo USB com mau contato.,USB cable has loose contact.,Negative,defective,2017-01-20
REV_90912,ORD_50912,1,Review 1 Stars,Cabo USB com mau contato.,USB cable has loose contact.,Negative,defective,2018-03-25
REV_90913,ORD_50913,3,Review 3 Stars,"Produto razoável, dentro do esperado pelo valor.","Reasonable product, as expected for the price.",Neutral,neutral,2017-04-18
REV_90914,ORD_50914,4,Review 4 Stars,"Ótimo custo benefício, original com nota fiscal.","Great cost-benefit, genuine product with tax invoice.",Positive,positive,2017-09-25
REV_90915,ORD_50915,1,Review 1 Stars,Demorou um pouco além do prazo estimado.,Took a bit longer than estimated delivery date.,Negative,delivery_delay,2017-05-02
REV_90916,ORD_50916,4,Review 4 Stars,"Teclado mecânico excelente, resposta rápida e iluminação linda.","Excellent mechanical keyboard, rapid response and gorgeous RGB lighting.",Positive,positive,2017-02-18
REV_90917,ORD_50917,2,Review 2 Stars,O mouse parou de funcionar após 3 dias de uso.,Mouse stopped working after 3 days of usage.,Negative,defective,2017-05-01
REV_90918,ORD_50918,5,Review 5 Stars,"Ótimo custo benefício, original com nota fiscal.","Great cost-benefit, genuine product with tax invoice.",Positive,positive,2018-03-23
REV_90919,ORD_50919,5,Review 5 Stars,"Teclado mecânico excelente, resposta rápida e iluminação linda.","Excellent mechanical keyboard, rapid response and gorgeous RGB lighting.",Positive,positive,2017-09-23
REV_90920,ORD_50920,1,Review 1 Stars,Demorou um pouco além do prazo estimado.,Took a bit longer than estimated delivery date.,Negative,delivery_delay,2017-10-18
REV_90921,ORD_50921,3,Review 3 Stars,"Produto razoável, dentro do esperado pelo valor.","Reasonable product, as expected for the price.",Neutral,neutral,2018-05-17
REV_90922,ORD_50922,3,Review 3 Stars,"Produto razoável, dentro do esperado pelo valor.","Reasonable product, as expected for the price.",Neutral,neutral,2017-12-01
REV_90923,ORD_50923,4,Review 4 Stars,"Monitor de alta resolução, entrega ultra rápida em 4 dias.","High resolution monitor, ultra-fast delivery in 4 days.",Positive,positive,2018-03-29
REV_90924,ORD_50924,4,Review 4 Stars,"Ótimo custo benefício, original com nota fiscal.","Great cost-benefit, genuine product with tax invoice.",Positive,positive,2018-05-08
REV_90925,ORD_50925,3,Review 3 Stars,"Produto razoável, dentro do esperado pelo valor.","Reasonable product, as expected for the price.",Neutral,neutral,2017-02-16
REV_90926,ORD_50926,1,Review 1 Stars,Demorou um pouco além do prazo estimado.,Took a bit longer than estimated delivery date.,Negative,delivery_delay,2017-02-17
REV_90927,ORD_50927,3,Review 3 Stars,"Produto razoável, dentro do esperado pelo valor.","Reasonable product, as expected for the price.",Neutral,neutral,2018-03-21
REV_90928,ORD_50928,5,Review 5 Stars,"Teclado mecânico excelente, resposta rápida e iluminação linda.","Excellent mechanical keyboard, rapid response and gorgeous RGB lighting.",Positive,positive,2017-09-04
REV_90929,ORD_50929,5,Review 5 Stars,"Ótimo custo benefício, original com nota fiscal.","Great cost-benefit, genuine product with tax invoice.",Positive,positive,2017-09-06
REV_90930,ORD_50930,3,Review 3 Stars,"Produto razoável, dentro do esperado pelo valor.","Reasonable product, as expected for the price.",Neutral,neutral,2017-11-07
REV_90931,ORD_50931,1,Review 1 Stars,O mouse parou de funcionar após 3 dias de uso.,Mouse stopped working after 3 days of usage.,Negative,defective,2017-08-22
REV_90932,ORD_50932,4,Review 4 Stars,"Ótimo custo benefício, original com nota fiscal.","Great cost-benefit, genuine product with tax invoice.",Positive,positive,2017-11-06
REV_90933,ORD_50933,5,Review 5 Stars,"Ótimo custo benefício, original com nota fiscal.","Great cost-benefit, genuine product with tax invoice.",Positive,positive,2017-04-05
REV_90934,ORD_50934,5,Review 5 Stars,"Monitor de alta resolução, entrega ultra rápida em 4 dias.","High resolution monitor, ultra-fast delivery in 4 days.",Positive,positive,2017-02-11
REV_90935,ORD_50935,5,Review 5 Stars,"Monitor de alta resolução, entrega ultra rápida em 4 dias.","High resolution monitor, ultra-fast delivery in 4 days.",Positive,positive,2017-12-03
REV_90936,ORD_50936,4,Review 4 Stars,"Monitor de alta resolução, entrega ultra rápida em 4 dias.","High resolution monitor, ultra-fast delivery in 4 days.",Positive,positive,2017-11-15
REV_90937,ORD_50937,5,Review 5 Stars,"Ótimo custo benefício, original com nota fiscal.","Great cost-benefit, genuine product with tax invoice.",Positive,positive,2017-04-12
REV_90938,ORD_50938,5,Review 5 Stars,"Monitor de alta resolução, entrega ultra rápida em 4 dias.","High resolution monitor, ultra-fast delivery in 4 days.",Positive,positive,2017-09-09
REV_90939,ORD_50939,3,Review 3 Stars,"Produto razoável, dentro do esperado pelo valor.","Reasonable product, as expected for the price.",Neutral,neutral,2017-04-15
REV_90940,ORD_50940,2,Review 2 Stars,O mouse parou de funcionar após 3 dias de uso.,Mouse stopped working after 3 days of usage.,Negative,defective,2017-03-19
REV_90941,ORD_50941,1,Review 1 Stars,O mouse parou de funcionar após 3 dias de uso.,Mouse stopped working after 3 days of usage.,Negative,defective,2017-05-02
REV_90942,ORD_50942,4,Review 4 Stars,"Monitor de alta resolução, entrega ultra rápida em 4 dias.","High resolution monitor, ultra-fast delivery in 4 days.",Positive,positive,2017-04-07
REV_90943,ORD_50943,5,Review 5 Stars,"Ótimo custo benefício, original com nota fiscal.","Great cost-benefit, genuine product with tax invoice.",Positive,positive,2017-07-02
REV_90944,ORD_50944,5,Review 5 Stars,"Teclado mecânico excelente, resposta rápida e iluminação linda.","Excellent mechanical keyboard, rapid response and gorgeous RGB lighting.",Positive,positive,2018-05-30
REV_90945,ORD_50945,4,Review 4 Stars,"Ótimo custo benefício, original com nota fiscal.","Great cost-benefit, genuine product with tax invoice.",Positive,positive,2017-10-07
REV_90946,ORD_50946,4,Review 4 Stars,"Teclado mecânico excelente, resposta rápida e iluminação linda.","Excellent mechanical keyboard, rapid response and gorgeous RGB lighting.",Positive,positive,2018-02-06
REV_90947,ORD_50947,2,Review 2 Stars,Demorou um pouco além do prazo estimado.,Took a bit longer than estimated delivery date.,Negative,delivery_delay,2018-04-12
REV_90948,ORD_50948,5,Review 5 Stars,"Monitor de alta resolução, entrega ultra rápida em 4 dias.","High resolution monitor, ultra-fast delivery in 4 days.",Positive,positive,2017-04-10
REV_90949,ORD_50949,5,Review 5 Stars,"Ótimo custo benefício, original com nota fiscal.","Great cost-benefit, genuine product with tax invoice.",Positive,positive,2017-04-16
REV_90950,ORD_50950,3,Review 3 Stars,"Produto razoável, dentro do esperado pelo valor.","Reasonable product, as expected for the price.",Neutral,neutral,2017-05-29
REV_90951,ORD_50951,3,Review 3 Stars,"Produto razoável, dentro do esperado pelo valor.","Reasonable product, as expected for the price.",Neutral,neutral,2018-04-17
REV_90952,ORD_50952,5,Review 5 Stars,"Teclado mecânico excelente, resposta rápida e iluminação linda.","Excellent mechanical keyboard, rapid response and gorgeous RGB lighting.",Positive,positive,2018-04-08
REV_90953,ORD_50953,2,Review 2 Stars,Cabo USB com mau contato.,USB cable has loose contact.,Negative,defective,2017-06-18
REV_90954,ORD_50954,5,Review 5 Stars,"Monitor de alta resolução, entrega ultra rápida em 4 dias.","High resolution monitor, ultra-fast delivery in 4 days.",Positive,positive,2017-08-20
REV_90955,ORD_50955,1,Review 1 Stars,Cabo USB com mau contato.,USB cable has loose contact.,Negative,defective,2017-09-03
REV_90956,ORD_50956,5,Review 5 Stars,"Teclado mecânico excelente, resposta rápida e iluminação linda.","Excellent mechanical keyboard, rapid response and gorgeous RGB lighting.",Positive,positive,2017-03-15
REV_90957,ORD_50957,2,Review 2 Stars,O mouse parou de funcionar após 3 dias de uso.,Mouse stopped working after 3 days of usage.,Negative,defective,2017-05-24
REV_90958,ORD_50958,5,Review 5 Stars,"Monitor de alta resolução, entrega ultra rápida em 4 dias.","High resolution monitor, ultra-fast delivery in 4 days.",Positive,positive,2018-03-29
REV_90959,ORD_50959,2,Review 2 Stars,O mouse parou de funcionar após 3 dias de uso.,Mouse stopped working after 3 days of usage.,Negative,defective,2017-09-17
REV_90960,ORD_50960,4,Review 4 Stars,"Monitor de alta resolução, entrega ultra rápida em 4 dias.","High resolution monitor, ultra-fast delivery in 4 days.",Positive,positive,2018-01-20
REV_90961,ORD_50961,4,Review 4 Stars,"Teclado mecânico excelente, resposta rápida e iluminação linda.","Excellent mechanical keyboard, rapid response and gorgeous RGB lighting.",Positive,positive,2017-04-24
REV_90962,ORD_50962,4,Review 4 Stars,"Teclado mecânico excelente, resposta rápida e iluminação linda.","Excellent mechanical keyboard, rapid response and gorgeous RGB lighting.",Positive,positive,2017-06-13
REV_90963,ORD_50963,5,Review 5 Stars,"Monitor de alta resolução, entrega ultra rápida em 4 dias.","High resolution monitor, ultra-fast delivery in 4 days.",Positive,positive,2018-01-02
REV_90964,ORD_50964,3,Review 3 Stars,"Produto razoável, dentro do esperado pelo valor.","Reasonable product, as expected for the price.",Neutral,neutral,2017-11-01
REV_90965,ORD_50965,5,Review 5 Stars,"Teclado mecânico excelente, resposta rápida e iluminação linda.","Excellent mechanical keyboard, rapid response and gorgeous RGB lighting.",Positive,positive,2017-07-28
REV_90966,ORD_50966,4,Review 4 Stars,"Teclado mecânico excelente, resposta rápida e iluminação linda.","Excellent mechanical keyboard, rapid response and gorgeous RGB lighting.",Positive,positive,2017-06-27
REV_90967,ORD_50967,3,Review 3 Stars,"Produto razoável, dentro do esperado pelo valor.","Reasonable product, as expected for the price.",Neutral,neutral,2017-01-28
REV_90968,ORD_50968,4,Review 4 Stars,"Monitor de alta resolução, entrega ultra rápida em 4 dias.","High resolution monitor, ultra-fast delivery in 4 days.",Positive,positive,2017-05-15
REV_90969,ORD_50969,3,Review 3 Stars,"Produto razoável, dentro do esperado pelo valor.","Reasonable product, as expected for the price.",Neutral,neutral,2017-04-10
REV_90970,ORD_50970,5,Review 5 Stars,"Teclado mecânico excelente, resposta rápida e iluminação linda.","Excellent mechanical keyboard, rapid response and gorgeous RGB lighting.",Positive,positive,2017-10-10
REV_90971,ORD_50971,5,Review 5 Stars,"Teclado mecânico excelente, resposta rápida e iluminação linda.","Excellent mechanical keyboard, rapid response and gorgeous RGB lighting.",Positive,positive,2017-08-20
REV_90972,ORD_50972,4,Review 4 Stars,"Monitor de alta resolução, entrega ultra rápida em 4 dias.","High resolution monitor, ultra-fast delivery in 4 days.",Positive,positive,2017-06-01
REV_90973,ORD_50973,3,Review 3 Stars,"Produto razoável, dentro do esperado pelo valor.","Reasonable product, as expected for the price.",Neutral,neutral,2017-10-14
REV_90974,ORD_50974,3,Review 3 Stars,"Produto razoável, dentro do esperado pelo valor.","Reasonable product, as expected for the price.",Neutral,neutral,2018-01-18
REV_90975,ORD_50975,2,Review 2 Stars,Demorou um pouco além do prazo estimado.,Took a bit longer than estimated delivery date.,Negative,delivery_delay,2017-08-05
REV_90976,ORD_50976,5,Review 5 Stars,"Ótimo custo benefício, original com nota fiscal.","Great cost-benefit, genuine product with tax invoice.",Positive,positive,2017-07-29
REV_90977,ORD_50977,4,Review 4 Stars,"Monitor de alta resolução, entrega ultra rápida em 4 dias.","High resolution monitor, ultra-fast delivery in 4 days.",Positive,positive,2017-12-31
REV_90978,ORD_50978,2,Review 2 Stars,O mouse parou de funcionar após 3 dias de uso.,Mouse stopped working after 3 days of usage.,Negative,defective,2017-10-04
REV_90979,ORD_50979,1,Review 1 Stars,Demorou um pouco além do prazo estimado.,Took a bit longer than estimated delivery date.,Negative,delivery_delay,2017-08-04
REV_90980,ORD_50980,2,Review 2 Stars,O mouse parou de funcionar após 3 dias de uso.,Mouse stopped working after 3 days of usage.,Negative,defective,2017-12-31
REV_90981,ORD_50981,1,Review 1 Stars,Demorou um pouco além do prazo estimado.,Took a bit longer than estimated delivery date.,Negative,delivery_delay,2018-03-25
REV_90982,ORD_50982,5,Review 5 Stars,"Teclado mecânico excelente, resposta rápida e iluminação linda.","Excellent mechanical keyboard, rapid response and gorgeous RGB lighting.",Positive,positive,2017-04-13
REV_90983,ORD_50983,4,Review 4 Stars,"Monitor de alta resolução, entrega ultra rápida em 4 dias.","High resolution monitor, ultra-fast delivery in 4 days.",Positive,positive,2017-04-18
REV_90984,ORD_50984,4,Review 4 Stars,"Ótimo custo benefício, original com nota fiscal.","Great cost-benefit, genuine product with tax invoice.",Positive,positive,2018-03-11
REV_90985,ORD_50985,4,Review 4 Stars,"Teclado mecânico excelente, resposta rápida e iluminação linda.","Excellent mechanical keyboard, rapid response and gorgeous RGB lighting.",Positive,positive,2018-02-09
REV_90986,ORD_50986,5,Review 5 Stars,"Ótimo custo benefício, original com nota fiscal.","Great cost-benefit, genuine product with tax invoice.",Positive,positive,2017-08-17
REV_90987,ORD_50987,5,Review 5 Stars,"Teclado mecânico excelente, resposta rápida e iluminação linda.","Excellent mechanical keyboard, rapid response and gorgeous RGB lighting.",Positive,positive,2018-05-16
REV_90988,ORD_50988,4,Review 4 Stars,"Teclado mecânico excelente, resposta rápida e iluminação linda.","Excellent mechanical keyboard, rapid response and gorgeous RGB lighting.",Positive,positive,2017-09-26
REV_90989,ORD_50989,2,Review 2 Stars,O mouse parou de funcionar após 3 dias de uso.,Mouse stopped working after 3 days of usage.,Negative,defective,2018-05-01
REV_90990,ORD_50990,4,Review 4 Stars,"Teclado mecânico excelente, resposta rápida e iluminação linda.","Excellent mechanical keyboard, rapid response and gorgeous RGB lighting.",Positive,positive,2017-04-10
REV_90991,ORD_50991,5,Review 5 Stars,"Monitor de alta resolução, entrega ultra rápida em 4 dias.","High resolution monitor, ultra-fast delivery in 4 days.",Positive,positive,2017-02-22
REV_90992,ORD_50992,5,Review 5 Stars,"Ótimo custo benefício, original com nota fiscal.","Great cost-benefit, genuine product with tax invoice.",Positive,positive,2017-03-01
REV_90993,ORD_50993,5,Review 5 Stars,"Ótimo custo benefício, original com nota fiscal.","Great cost-benefit, genuine product with tax invoice.",Positive,positive,2017-12-31
REV_90994,ORD_50994,3,Review 3 Stars,"Produto razoável, dentro do esperado pelo valor.","Reasonable product, as expected for the price.",Neutral,neutral,2017-07-02
REV_90995,ORD_50995,5,Review 5 Stars,"Teclado mecânico excelente, resposta rápida e iluminação linda.","Excellent mechanical keyboard, rapid response and gorgeous RGB lighting.",Positive,positive,2017-09-25
REV_90996,ORD_50996,1,Review 1 Stars,O mouse parou de funcionar após 3 dias de uso.,Mouse stopped working after 3 days of usage.,Negative,defective,2018-02-12
REV_90997,ORD_50997,2,Review 2 Stars,O mouse parou de funcionar após 3 dias de uso.,Mouse stopped working after 3 days of usage.,Negative,defective,2017-12-14
REV_90998,ORD_50998,3,Review 3 Stars,"Produto razoável, dentro do esperado pelo valor.","Reasonable product, as expected for the price.",Neutral,neutral,2017-12-04
REV_90999,ORD_50999,2,Review 2 Stars,Demorou um pouco além do prazo estimado.,Took a bit longer than estimated delivery date.,Negative,delivery_delay,2018-03-21
REV_91000,ORD_51000,4,Review 4 Stars,"Teclado mecânico excelente, resposta rápida e iluminação linda.","Excellent mechanical keyboard, rapid response and gorgeous RGB lighting.",Positive,positive,2017-11-20
REV_91001,ORD_51001,2,Review 2 Stars,O mouse parou de funcionar após 3 dias de uso.,Mouse stopped working after 3 days of usage.,Negative,defective,2017-02-13
REV_91002,ORD_51002,4,Review 4 Stars,"Monitor de alta resolução, entrega ultra rápida em 4 dias.","High resolution monitor, ultra-fast delivery in 4 days.",Positive,positive,2018-03-16
REV_91003,ORD_51003,1,Review 1 Stars,Cabo USB com mau contato.,USB cable has loose contact.,Negative,defective,2018-01-10
REV_91004,ORD_51004,5,Review 5 Stars,"Monitor de alta resolução, entrega ultra rápida em 4 dias.","High resolution monitor, ultra-fast delivery in 4 days.",Positive,positive,2018-05-22
REV_91005,ORD_51005,1,Review 1 Stars,Cabo USB com mau contato.,USB cable has loose contact.,Negative,defective,2017-04-14
REV_91006,ORD_51006,4,Review 4 Stars,"Teclado mecânico excelente, resposta rápida e iluminação linda.","Excellent mechanical keyboard, rapid response and gorgeous RGB lighting.",Positive,positive,2017-08-17
REV_91007,ORD_51007,3,Review 3 Stars,"Produto razoável, dentro do esperado pelo valor.","Reasonable product, as expected for the price.",Neutral,neutral,2017-05-26
REV_91008,ORD_51008,5,Review 5 Stars,"Teclado mecânico excelente, resposta rápida e iluminação linda.","Excellent mechanical keyboard, rapid response and gorgeous RGB lighting.",Positive,positive,2017-02-18
REV_91009,ORD_51009,2,Review 2 Stars,Cabo USB com mau contato.,USB cable has loose contact.,Negative,defective,2018-04-05
REV_91010,ORD_51010,4,Review 4 Stars,"Teclado mecânico excelente, resposta rápida e iluminação linda.","Excellent mechanical keyboard, rapid response and gorgeous RGB lighting.",Positive,positive,2017-08-07
REV_91011,ORD_51011,3,Review 3 Stars,"Produto razoável, dentro do esperado pelo valor.","Reasonable product, as expected for the price.",Neutral,neutral,2018-05-14
REV_91012,ORD_51012,5,Review 5 Stars,"Ótimo custo benefício, original com nota fiscal.","Great cost-benefit, genuine product with tax invoice.",Positive,positive,2017-12-01
REV_91013,ORD_51013,3,Review 3 Stars,"Produto razoável, dentro do esperado pelo valor.","Reasonable product, as expected for the price.",Neutral,neutral,2017-09-19
REV_91014,ORD_51014,1,Review 1 Stars,O mouse parou de funcionar após 3 dias de uso.,Mouse stopped working after 3 days of usage.,Negative,defective,2018-01-10
REV_91015,ORD_51015,4,Review 4 Stars,"Teclado mecânico excelente, resposta rápida e iluminação linda.","Excellent mechanical keyboard, rapid response and gorgeous RGB lighting.",Positive,positive,2017-12-06
REV_91016,ORD_51016,2,Review 2 Stars,Demorou um pouco além do prazo estimado.,Took a bit longer than estimated delivery date.,Negative,delivery_delay,2018-03-08
REV_91017,ORD_51017,5,Review 5 Stars,"Ótimo custo benefício, original com nota fiscal.","Great cost-benefit, genuine product with tax invoice.",Positive,positive,2018-01-27
REV_91018,ORD_51018,4,Review 4 Stars,"Ótimo custo benefício, original com nota fiscal.","Great cost-benefit, genuine product with tax invoice.",Positive,positive,2018-03-03
REV_91019,ORD_51019,2,Review 2 Stars,Demorou um pouco além do prazo estimado.,Took a bit longer than estimated delivery date.,Negative,delivery_delay,2017-04-11
REV_91020,ORD_51020,5,Review 5 Stars,"Teclado mecânico excelente, resposta rápida e iluminação linda.","Excellent mechanical keyboard, rapid response and gorgeous RGB lighting.",Positive,positive,2018-01-18
REV_91021,ORD_51021,5,Review 5 Stars,"Teclado mecânico excelente, resposta rápida e iluminação linda.","Excellent mechanical keyboard, rapid response and gorgeous RGB lighting.",Positive,positive,2017-04-10
REV_91022,ORD_51022,5,Review 5 Stars,"Ótimo custo benefício, original com nota fiscal.","Great cost-benefit, genuine product with tax invoice.",Positive,positive,2018-02-22
REV_91023,ORD_51023,2,Review 2 Stars,Cabo USB com mau contato.,USB cable has loose contact.,Negative,defective,2017-02-20
REV_91024,ORD_51024,1,Review 1 Stars,Demorou um pouco além do prazo estimado.,Took a bit longer than estimated delivery date.,Negative,delivery_delay,2017-09-20
REV_91025,ORD_51025,3,Review 3 Stars,"Produto razoável, dentro do esperado pelo valor.","Reasonable product, as expected for the price.",Neutral,neutral,2017-02-27
REV_91026,ORD_51026,5,Review 5 Stars,"Monitor de alta resolução, entrega ultra rápida em 4 dias.","High resolution monitor, ultra-fast delivery in 4 days.",Positive,positive,2018-05-05
REV_91027,ORD_51027,4,Review 4 Stars,"Ótimo custo benefício, original com nota fiscal.","Great cost-benefit, genuine product with tax invoice.",Positive,positive,2017-06-16
REV_91028,ORD_51028,5,Review 5 Stars,"Monitor de alta resolução, entrega ultra rápida em 4 dias.","High resolution monitor, ultra-fast delivery in 4 days.",Positive,positive,2018-04-07
REV_91029,ORD_51029,4,Review 4 Stars,"Monitor de alta resolução, entrega ultra rápida em 4 dias.","High resolution monitor, ultra-fast delivery in 4 days.",Positive,positive,2017-01-26
REV_91030,ORD_51030,4,Review 4 Stars,"Teclado mecânico excelente, resposta rápida e iluminação linda.","Excellent mechanical keyboard, rapid response and gorgeous RGB lighting.",Positive,positive,2017-09-29
REV_91031,ORD_51031,1,Review 1 Stars,Cabo USB com mau contato.,USB cable has loose contact.,Negative,defective,2018-03-29
REV_91032,ORD_51032,5,Review 5 Stars,"Teclado mecânico excelente, resposta rápida e iluminação linda.","Excellent mechanical keyboard, rapid response and gorgeous RGB lighting.",Positive,positive,2017-08-07
REV_91033,ORD_51033,3,Review 3 Stars,"Produto razoável, dentro do esperado pelo valor.","Reasonable product, as expected for the price.",Neutral,neutral,2017-06-05
REV_91034,ORD_51034,5,Review 5 Stars,"Monitor de alta resolução, entrega ultra rápida em 4 dias.","High resolution monitor, ultra-fast delivery in 4 days.",Positive,positive,2017-03-20
REV_91035,ORD_51035,3,Review 3 Stars,"Produto razoável, dentro do esperado pelo valor.","Reasonable product, as expected for the price.",Neutral,neutral,2018-05-14
REV_91036,ORD_51036,5,Review 5 Stars,"Monitor de alta resolução, entrega ultra rápida em 4 dias.","High resolution monitor, ultra-fast delivery in 4 days.",Positive,positive,2018-01-31
REV_91037,ORD_51037,3,Review 3 Stars,"Produto razoável, dentro do esperado pelo valor.","Reasonable product, as expected for the price.",Neutral,neutral,2017-04-30
REV_91038,ORD_51038,3,Review 3 Stars,"Produto razoável, dentro do esperado pelo valor.","Reasonable product, as expected for the price.",Neutral,neutral,2017-12-01
REV_91039,ORD_51039,5,Review 5 Stars,"Ótimo custo benefício, original com nota fiscal.","Great cost-benefit, genuine product with tax invoice.",Positive,positive,2017-12-08
REV_91040,ORD_51040,4,Review 4 Stars,"Teclado mecânico excelente, resposta rápida e iluminação linda.","Excellent mechanical keyboard, rapid response and gorgeous RGB lighting.",Positive,positive,2018-03-02
REV_91041,ORD_51041,2,Review 2 Stars,O mouse parou de funcionar após 3 dias de uso.,Mouse stopped working after 3 days of usage.,Negative,defective,2018-01-25
REV_91042,ORD_51042,4,Review 4 Stars,"Monitor de alta resolução, entrega ultra rápida em 4 dias.","High resolution monitor, ultra-fast delivery in 4 days.",Positive,positive,2017-11-07
REV_91043,ORD_51043,5,Review 5 Stars,"Ótimo custo benefício, original com nota fiscal.","Great cost-benefit, genuine product with tax invoice.",Positive,positive,2018-02-10
REV_91044,ORD_51044,3,Review 3 Stars,"Produto razoável, dentro do esperado pelo valor.","Reasonable product, as expected for the price.",Neutral,neutral,2017-03-08
REV_91045,ORD_51045,5,Review 5 Stars,"Ótimo custo benefício, original com nota fiscal.","Great cost-benefit, genuine product with tax invoice.",Positive,positive,2017-09-23
REV_91046,ORD_51046,3,Review 3 Stars,"Produto razoável, dentro do esperado pelo valor.","Reasonable product, as expected for the price.",Neutral,neutral,2017-11-16
REV_91047,ORD_51047,3,Review 3 Stars,"Produto razoável, dentro do esperado pelo valor.","Reasonable product, as expected for the price.",Neutral,neutral,2017-12-06
REV_91048,ORD_51048,1,Review 1 Stars,Cabo USB com mau contato.,USB cable has loose contact.,Negative,defective,2018-03-21
REV_91049,ORD_51049,4,Review 4 Stars,"Monitor de alta resolução, entrega ultra rápida em 4 dias.","High resolution monitor, ultra-fast delivery in 4 days.",Positive,positive,2017-06-20
REV_91050,ORD_51050,1,Review 1 Stars,Demorou um pouco além do prazo estimado.,Took a bit longer than estimated delivery date.,Negative,delivery_delay,2017-07-16
REV_91051,ORD_51051,5,Review 5 Stars,"Monitor de alta resolução, entrega ultra rápida em 4 dias.","High resolution monitor, ultra-fast delivery in 4 days.",Positive,positive,2017-03-02
REV_91052,ORD_51052,3,Review 3 Stars,"Produto razoável, dentro do esperado pelo valor.","Reasonable product, as expected for the price.",Neutral,neutral,2017-11-04
REV_91053,ORD_51053,5,Review 5 Stars,"Ótimo custo benefício, original com nota fiscal.","Great cost-benefit, genuine product with tax invoice.",Positive,positive,2018-02-23
REV_91054,ORD_51054,4,Review 4 Stars,Excelente atendimento da loja e brinde enviado junto.,Excellent store service and gift included.,Positive,positive,2017-03-12
REV_91055,ORD_51055,5,Review 5 Stars,Excelente atendimento da loja e brinde enviado junto.,Excellent store service and gift included.,Positive,positive,2017-06-08
REV_91056,ORD_51056,1,Review 1 Stars,Frasco de perfume vazou durante o transporte.,Perfume bottle leaked during transit.,Negative,shipping_damage,2017-11-13
REV_91057,ORD_51057,4,Review 4 Stars,Excelente atendimento da loja e brinde enviado junto.,Excellent store service and gift included.,Positive,positive,2017-05-07
REV_91058,ORD_51058,2,Review 2 Stars,Data de validade muito próxima do vencimento.,Expiration date too close to current date.,Negative,poor_quality,2017-11-16
REV_91059,ORD_51059,5,Review 5 Stars,Excelente atendimento da loja e brinde enviado junto.,Excellent store service and gift included.,Positive,positive,2017-08-01
REV_91060,ORD_51060,5,Review 5 Stars,Excelente atendimento da loja e brinde enviado junto.,Excellent store service and gift included.,Positive,positive,2017-04-18
REV_91061,ORD_51061,5,Review 5 Stars,"Produto 100% original, embalagem lacrada e envio imediato.","100% genuine product, sealed packaging and immediate dispatch.",Positive,positive,2017-10-24
REV_91062,ORD_51062,5,Review 5 Stars,"Produto 100% original, embalagem lacrada e envio imediato.","100% genuine product, sealed packaging and immediate dispatch.",Positive,positive,2018-02-23
REV_91063,ORD_51063,5,Review 5 Stars,"Creme maravilhoso, pele super hidratada!","Wonderful cream, skin is super hydrated!",Positive,positive,2017-03-11
REV_91064,ORD_51064,4,Review 4 Stars,"Creme maravilhoso, pele super hidratada!","Wonderful cream, skin is super hydrated!",Positive,positive,2018-02-14
REV_91065,ORD_51065,4,Review 4 Stars,Excelente atendimento da loja e brinde enviado junto.,Excellent store service and gift included.,Positive,positive,2017-07-24
REV_91066,ORD_51066,5,Review 5 Stars,"Produto 100% original, embalagem lacrada e envio imediato.","100% genuine product, sealed packaging and immediate dispatch.",Positive,positive,2017-03-02
REV_91067,ORD_51067,5,Review 5 Stars,"Produto 100% original, embalagem lacrada e envio imediato.","100% genuine product, sealed packaging and immediate dispatch.",Positive,positive,2018-04-11
REV_91068,ORD_51068,4,Review 4 Stars,"Creme maravilhoso, pele super hidratada!","Wonderful cream, skin is super hydrated!",Positive,positive,2017-10-26
REV_91069,ORD_51069,4,Review 4 Stars,"Produto 100% original, embalagem lacrada e envio imediato.","100% genuine product, sealed packaging and immediate dispatch.",Positive,positive,2017-12-23
REV_91070,ORD_51070,4,Review 4 Stars,Excelente atendimento da loja e brinde enviado junto.,Excellent store service and gift included.,Positive,positive,2017-02-14
REV_91071,ORD_51071,4,Review 4 Stars,"Produto 100% original, embalagem lacrada e envio imediato.","100% genuine product, sealed packaging and immediate dispatch.",Positive,positive,2018-01-02
REV_91072,ORD_51072,5,Review 5 Stars,"Creme maravilhoso, pele super hidratada!","Wonderful cream, skin is super hydrated!",Positive,positive,2017-10-08
REV_91073,ORD_51073,4,Review 4 Stars,Excelente atendimento da loja e brinde enviado junto.,Excellent store service and gift included.,Positive,positive,2018-02-07
REV_91074,ORD_51074,3,Review 3 Stars,"Produto razoável, dentro do esperado pelo valor.","Reasonable product, as expected for the price.",Neutral,neutral,2017-04-03
REV_91075,ORD_51075,1,Review 1 Stars,Data de validade muito próxima do vencimento.,Expiration date too close to current date.,Negative,poor_quality,2018-05-25
REV_91076,ORD_51076,5,Review 5 Stars,Excelente atendimento da loja e brinde enviado junto.,Excellent store service and gift included.,Positive,positive,2018-04-20
REV_91077,ORD_51077,2,Review 2 Stars,Frasco de perfume vazou durante o transporte.,Perfume bottle leaked during transit.,Negative,shipping_damage,2018-02-01
REV_91078,ORD_51078,4,Review 4 Stars,"Produto 100% original, embalagem lacrada e envio imediato.","100% genuine product, sealed packaging and immediate dispatch.",Positive,positive,2018-04-22
REV_91079,ORD_51079,4,Review 4 Stars,"Creme maravilhoso, pele super hidratada!","Wonderful cream, skin is super hydrated!",Positive,positive,2017-09-24
REV_91080,ORD_51080,5,Review 5 Stars,Excelente atendimento da loja e brinde enviado junto.,Excellent store service and gift included.,Positive,positive,2017-06-04
REV_91081,ORD_51081,5,Review 5 Stars,"Produto 100% original, embalagem lacrada e envio imediato.","100% genuine product, sealed packaging and immediate dispatch.",Positive,positive,2017-04-27
REV_91082,ORD_51082,5,Review 5 Stars,"Produto 100% original, embalagem lacrada e envio imediato.","100% genuine product, sealed packaging and immediate dispatch.",Positive,positive,2017-02-05
REV_91083,ORD_51083,4,Review 4 Stars,"Produto 100% original, embalagem lacrada e envio imediato.","100% genuine product, sealed packaging and immediate dispatch.",Positive,positive,2017-07-10
REV_91084,ORD_51084,4,Review 4 Stars,"Produto 100% original, embalagem lacrada e envio imediato.","100% genuine product, sealed packaging and immediate dispatch.",Positive,positive,2017-02-25
REV_91085,ORD_51085,3,Review 3 Stars,"Produto razoável, dentro do esperado pelo valor.","Reasonable product, as expected for the price.",Neutral,neutral,2018-02-12
REV_91086,ORD_51086,5,Review 5 Stars,Excelente atendimento da loja e brinde enviado junto.,Excellent store service and gift included.,Positive,positive,2017-08-18
REV_91087,ORD_51087,4,Review 4 Stars,"Creme maravilhoso, pele super hidratada!","Wonderful cream, skin is super hydrated!",Positive,positive,2017-03-17
REV_91088,ORD_51088,5,Review 5 Stars,"Creme maravilhoso, pele super hidratada!","Wonderful cream, skin is super hydrated!",Positive,positive,2017-06-06
REV_91089,ORD_51089,5,Review 5 Stars,"Produto 100% original, embalagem lacrada e envio imediato.","100% genuine product, sealed packaging and immediate dispatch.",Positive,positive,2018-05-13
REV_91090,ORD_51090,5,Review 5 Stars,Excelente atendimento da loja e brinde enviado junto.,Excellent store service and gift included.,Positive,positive,2018-02-28
REV_91091,ORD_51091,4,Review 4 Stars,"Produto 100% original, embalagem lacrada e envio imediato.","100% genuine product, sealed packaging and immediate dispatch.",Positive,positive,2017-03-22
REV_91092,ORD_51092,5,Review 5 Stars,Excelente atendimento da loja e brinde enviado junto.,Excellent store service and gift included.,Positive,positive,2018-02-11
REV_91093,ORD_51093,3,Review 3 Stars,"Produto razoável, dentro do esperado pelo valor.","Reasonable product, as expected for the price.",Neutral,neutral,2017-08-19
REV_91094,ORD_51094,4,Review 4 Stars,Excelente atendimento da loja e brinde enviado junto.,Excellent store service and gift included.,Positive,positive,2018-01-23
REV_91095,ORD_51095,5,Review 5 Stars,Excelente atendimento da loja e brinde enviado junto.,Excellent store service and gift included.,Positive,positive,2017-04-17
REV_91096,ORD_51096,4,Review 4 Stars,"Creme maravilhoso, pele super hidratada!","Wonderful cream, skin is super hydrated!",Positive,positive,2017-04-14
REV_91097,ORD_51097,5,Review 5 Stars,"Creme maravilhoso, pele super hidratada!","Wonderful cream, skin is super hydrated!",Positive,positive,2017-05-31
REV_91098,ORD_51098,4,Review 4 Stars,"Creme maravilhoso, pele super hidratada!","Wonderful cream, skin is super hydrated!",Positive,positive,2017-07-27
REV_91099,ORD_51099,4,Review 4 Stars,"Creme maravilhoso, pele super hidratada!","Wonderful cream, skin is super hydrated!",Positive,positive,2017-09-15
REV_91100,ORD_51100,5,Review 5 Stars,"Creme maravilhoso, pele super hidratada!","Wonderful cream, skin is super hydrated!",Positive,positive,2017-06-05
REV_91101,ORD_51101,5,Review 5 Stars,"Produto 100% original, embalagem lacrada e envio imediato.","100% genuine product, sealed packaging and immediate dispatch.",Positive,positive,2017-02-02
REV_91102,ORD_51102,5,Review 5 Stars,"Produto 100% original, embalagem lacrada e envio imediato.","100% genuine product, sealed packaging and immediate dispatch.",Positive,positive,2017-08-15
REV_91103,ORD_51103,5,Review 5 Stars,"Produto 100% original, embalagem lacrada e envio imediato.","100% genuine product, sealed packaging and immediate dispatch.",Positive,positive,2017-12-22
REV_91104,ORD_51104,4,Review 4 Stars,Excelente atendimento da loja e brinde enviado junto.,Excellent store service and gift included.,Positive,positive,2018-01-25
REV_91105,ORD_51105,4,Review 4 Stars,Excelente atendimento da loja e brinde enviado junto.,Excellent store service and gift included.,Positive,positive,2017-11-07
REV_91106,ORD_51106,3,Review 3 Stars,"Produto razoável, dentro do esperado pelo valor.","Reasonable product, as expected for the price.",Neutral,neutral,2017-02-06
REV_91107,ORD_51107,3,Review 3 Stars,"Produto razoável, dentro do esperado pelo valor.","Reasonable product, as expected for the price.",Neutral,neutral,2018-04-23
REV_91108,ORD_51108,5,Review 5 Stars,"Creme maravilhoso, pele super hidratada!","Wonderful cream, skin is super hydrated!",Positive,positive,2018-02-08
REV_91109,ORD_51109,4,Review 4 Stars,"Produto 100% original, embalagem lacrada e envio imediato.","100% genuine product, sealed packaging and immediate dispatch.",Positive,positive,2018-04-12
REV_91110,ORD_51110,5,Review 5 Stars,"Creme maravilhoso, pele super hidratada!","Wonderful cream, skin is super hydrated!",Positive,positive,2018-04-21
REV_91111,ORD_51111,5,Review 5 Stars,"Creme maravilhoso, pele super hidratada!","Wonderful cream, skin is super hydrated!",Positive,positive,2017-12-29
REV_91112,ORD_51112,5,Review 5 Stars,"Produto 100% original, embalagem lacrada e envio imediato.","100% genuine product, sealed packaging and immediate dispatch.",Positive,positive,2017-09-27
REV_91113,ORD_51113,5,Review 5 Stars,"Creme maravilhoso, pele super hidratada!","Wonderful cream, skin is super hydrated!",Positive,positive,2017-10-25
REV_91114,ORD_51114,5,Review 5 Stars,Excelente atendimento da loja e brinde enviado junto.,Excellent store service and gift included.,Positive,positive,2017-10-25
REV_91115,ORD_51115,2,Review 2 Stars,Frasco de perfume vazou durante o transporte.,Perfume bottle leaked during transit.,Negative,shipping_damage,2017-05-18
REV_91116,ORD_51116,5,Review 5 Stars,"Produto 100% original, embalagem lacrada e envio imediato.","100% genuine product, sealed packaging and immediate dispatch.",Positive,positive,2017-02-04
REV_91117,ORD_51117,5,Review 5 Stars,"Creme maravilhoso, pele super hidratada!","Wonderful cream, skin is super hydrated!",Positive,positive,2018-04-01
REV_91118,ORD_51118,5,Review 5 Stars,"Produto 100% original, embalagem lacrada e envio imediato.","100% genuine product, sealed packaging and immediate dispatch.",Positive,positive,2017-12-09
REV_91119,ORD_51119,5,Review 5 Stars,"Creme maravilhoso, pele super hidratada!","Wonderful cream, skin is super hydrated!",Positive,positive,2017-08-17
REV_91120,ORD_51120,3,Review 3 Stars,"Produto razoável, dentro do esperado pelo valor.","Reasonable product, as expected for the price.",Neutral,neutral,2017-04-10
REV_91121,ORD_51121,3,Review 3 Stars,"Produto razoável, dentro do esperado pelo valor.","Reasonable product, as expected for the price.",Neutral,neutral,2018-05-09
REV_91122,ORD_51122,2,Review 2 Stars,Frasco de perfume vazou durante o transporte.,Perfume bottle leaked during transit.,Negative,shipping_damage,2018-03-16
REV_91123,ORD_51123,5,Review 5 Stars,"Produto 100% original, embalagem lacrada e envio imediato.","100% genuine product, sealed packaging and immediate dispatch.",Positive,positive,2018-01-17
REV_91124,ORD_51124,4,Review 4 Stars,Excelente atendimento da loja e brinde enviado junto.,Excellent store service and gift included.,Positive,positive,2017-04-17
REV_91125,ORD_51125,1,Review 1 Stars,Frasco de perfume vazou durante o transporte.,Perfume bottle leaked during transit.,Negative,shipping_damage,2017-06-26
REV_91126,ORD_51126,5,Review 5 Stars,"Creme maravilhoso, pele super hidratada!","Wonderful cream, skin is super hydrated!",Positive,positive,2017-08-29
REV_91127,ORD_51127,3,Review 3 Stars,"Produto razoável, dentro do esperado pelo valor.","Reasonable product, as expected for the price.",Neutral,neutral,2017-11-12
REV_91128,ORD_51128,4,Review 4 Stars,Excelente atendimento da loja e brinde enviado junto.,Excellent store service and gift included.,Positive,positive,2017-03-15
REV_91129,ORD_51129,4,Review 4 Stars,"Creme maravilhoso, pele super hidratada!","Wonderful cream, skin is super hydrated!",Positive,positive,2018-05-13
REV_91130,ORD_51130,4,Review 4 Stars,"Produto 100% original, embalagem lacrada e envio imediato.","100% genuine product, sealed packaging and immediate dispatch.",Positive,positive,2018-01-27
REV_91131,ORD_51131,5,Review 5 Stars,"Creme maravilhoso, pele super hidratada!","Wonderful cream, skin is super hydrated!",Positive,positive,2017-02-01
REV_91132,ORD_51132,3,Review 3 Stars,"Produto razoável, dentro do esperado pelo valor.","Reasonable product, as expected for the price.",Neutral,neutral,2017-10-15
REV_91133,ORD_51133,4,Review 4 Stars,"Creme maravilhoso, pele super hidratada!","Wonderful cream, skin is super hydrated!",Positive,positive,2017-05-06
REV_91134,ORD_51134,5,Review 5 Stars,"Creme maravilhoso, pele super hidratada!","Wonderful cream, skin is super hydrated!",Positive,positive,2017-12-28
REV_91135,ORD_51135,5,Review 5 Stars,"Produto 100% original, embalagem lacrada e envio imediato.","100% genuine product, sealed packaging and immediate dispatch.",Positive,positive,2018-05-08
REV_91136,ORD_51136,5,Review 5 Stars,"Creme maravilhoso, pele super hidratada!","Wonderful cream, skin is super hydrated!",Positive,positive,2017-11-16
REV_91137,ORD_51137,4,Review 4 Stars,"Creme maravilhoso, pele super hidratada!","Wonderful cream, skin is super hydrated!",Positive,positive,2017-03-29
REV_91138,ORD_51138,4,Review 4 Stars,"Creme maravilhoso, pele super hidratada!","Wonderful cream, skin is super hydrated!",Positive,positive,2017-12-14
REV_91139,ORD_51139,4,Review 4 Stars,"Creme maravilhoso, pele super hidratada!","Wonderful cream, skin is super hydrated!",Positive,positive,2017-06-29
REV_91140,ORD_51140,2,Review 2 Stars,Data de validade muito próxima do vencimento.,Expiration date too close to current date.,Negative,poor_quality,2018-05-26
REV_91141,ORD_51141,4,Review 4 Stars,"Produto 100% original, embalagem lacrada e envio imediato.","100% genuine product, sealed packaging and immediate dispatch.",Positive,positive,2017-08-14
REV_91142,ORD_51142,2,Review 2 Stars,Frasco de perfume vazou durante o transporte.,Perfume bottle leaked during transit.,Negative,shipping_damage,2017-07-20
REV_91143,ORD_51143,5,Review 5 Stars,"Creme maravilhoso, pele super hidratada!","Wonderful cream, skin is super hydrated!",Positive,positive,2017-10-30
REV_91144,ORD_51144,3,Review 3 Stars,"Produto razoável, dentro do esperado pelo valor.","Reasonable product, as expected for the price.",Neutral,neutral,2017-05-13
REV_91145,ORD_51145,4,Review 4 Stars,"Produto 100% original, embalagem lacrada e envio imediato.","100% genuine product, sealed packaging and immediate dispatch.",Positive,positive,2018-05-01
REV_91146,ORD_51146,5,Review 5 Stars,"Creme maravilhoso, pele super hidratada!","Wonderful cream, skin is super hydrated!",Positive,positive,2018-03-13
REV_91147,ORD_51147,4,Review 4 Stars,Excelente atendimento da loja e brinde enviado junto.,Excellent store service and gift included.,Positive,positive,2017-03-16
REV_91148,ORD_51148,2,Review 2 Stars,Frasco de perfume vazou durante o transporte.,Perfume bottle leaked during transit.,Negative,shipping_damage,2017-02-01
REV_91149,ORD_51149,4,Review 4 Stars,"Produto 100% original, embalagem lacrada e envio imediato.","100% genuine product, sealed packaging and immediate dispatch.",Positive,positive,2017-07-12
REV_91150,ORD_51150,4,Review 4 Stars,"Produto 100% original, embalagem lacrada e envio imediato.","100% genuine product, sealed packaging and immediate dispatch.",Positive,positive,2017-09-03
REV_91151,ORD_51151,4,Review 4 Stars,"Creme maravilhoso, pele super hidratada!","Wonderful cream, skin is super hydrated!",Positive,positive,2017-08-27
REV_91152,ORD_51152,5,Review 5 Stars,"Produto 100% original, embalagem lacrada e envio imediato.","100% genuine product, sealed packaging and immediate dispatch.",Positive,positive,2017-11-13
REV_91153,ORD_51153,3,Review 3 Stars,"Produto razoável, dentro do esperado pelo valor.","Reasonable product, as expected for the price.",Neutral,neutral,2017-10-24
REV_91154,ORD_51154,4,Review 4 Stars,"Creme maravilhoso, pele super hidratada!","Wonderful cream, skin is super hydrated!",Positive,positive,2017-08-23
REV_91155,ORD_51155,5,Review 5 Stars,Excelente atendimento da loja e brinde enviado junto.,Excellent store service and gift included.,Positive,positive,2017-08-05
REV_91156,ORD_51156,5,Review 5 Stars,"Produto 100% original, embalagem lacrada e envio imediato.","100% genuine product, sealed packaging and immediate dispatch.",Positive,positive,2018-03-06
REV_91157,ORD_51157,4,Review 4 Stars,"Creme maravilhoso, pele super hidratada!","Wonderful cream, skin is super hydrated!",Positive,positive,2017-02-07
REV_91158,ORD_51158,3,Review 3 Stars,"Produto razoável, dentro do esperado pelo valor.","Reasonable product, as expected for the price.",Neutral,neutral,2017-11-16
REV_91159,ORD_51159,4,Review 4 Stars,Excelente atendimento da loja e brinde enviado junto.,Excellent store service and gift included.,Positive,positive,2017-03-05
REV_91160,ORD_51160,4,Review 4 Stars,Excelente atendimento da loja e brinde enviado junto.,Excellent store service and gift included.,Positive,positive,2017-05-13
REV_91161,ORD_51161,4,Review 4 Stars,"Produto 100% original, embalagem lacrada e envio imediato.","100% genuine product, sealed packaging and immediate dispatch.",Positive,positive,2017-01-29
REV_91162,ORD_51162,5,Review 5 Stars,Excelente atendimento da loja e brinde enviado junto.,Excellent store service and gift included.,Positive,positive,2017-04-21
REV_91163,ORD_51163,5,Review 5 Stars,"Creme maravilhoso, pele super hidratada!","Wonderful cream, skin is super hydrated!",Positive,positive,2017-06-23
REV_91164,ORD_51164,5,Review 5 Stars,"Creme maravilhoso, pele super hidratada!","Wonderful cream, skin is super hydrated!",Positive,positive,2017-09-08
REV_91165,ORD_51165,4,Review 4 Stars,Excelente atendimento da loja e brinde enviado junto.,Excellent store service and gift included.,Positive,positive,2017-02-23
REV_91166,ORD_51166,2,Review 2 Stars,Data de validade muito próxima do vencimento.,Expiration date too close to current date.,Negative,poor_quality,2018-02-16
REV_91167,ORD_51167,5,Review 5 Stars,Excelente atendimento da loja e brinde enviado junto.,Excellent store service and gift included.,Positive,positive,2017-06-02
REV_91168,ORD_51168,4,Review 4 Stars,"Produto 100% original, embalagem lacrada e envio imediato.","100% genuine product, sealed packaging and immediate dispatch.",Positive,positive,2017-05-01
REV_91169,ORD_51169,2,Review 2 Stars,Frasco de perfume vazou durante o transporte.,Perfume bottle leaked during transit.,Negative,shipping_damage,2017-04-01
REV_91170,ORD_51170,5,Review 5 Stars,"Creme maravilhoso, pele super hidratada!","Wonderful cream, skin is super hydrated!",Positive,positive,2017-02-13
REV_91171,ORD_51171,4,Review 4 Stars,"Creme maravilhoso, pele super hidratada!","Wonderful cream, skin is super hydrated!",Positive,positive,2017-05-23
REV_91172,ORD_51172,5,Review 5 Stars,Excelente atendimento da loja e brinde enviado junto.,Excellent store service and gift included.,Positive,positive,2017-02-03
REV_91173,ORD_51173,5,Review 5 Stars,Excelente atendimento da loja e brinde enviado junto.,Excellent store service and gift included.,Positive,positive,2017-07-11
REV_91174,ORD_51174,5,Review 5 Stars,Excelente atendimento da loja e brinde enviado junto.,Excellent store service and gift included.,Positive,positive,2017-08-22
REV_91175,ORD_51175,3,Review 3 Stars,"Produto razoável, dentro do esperado pelo valor.","Reasonable product, as expected for the price.",Neutral,neutral,2018-01-08
REV_91176,ORD_51176,3,Review 3 Stars,"Produto razoável, dentro do esperado pelo valor.","Reasonable product, as expected for the price.",Neutral,neutral,2018-03-22
REV_91177,ORD_51177,4,Review 4 Stars,"Creme maravilhoso, pele super hidratada!","Wonderful cream, skin is super hydrated!",Positive,positive,2017-09-07
REV_91178,ORD_51178,5,Review 5 Stars,"Creme maravilhoso, pele super hidratada!","Wonderful cream, skin is super hydrated!",Positive,positive,2018-04-29
REV_91179,ORD_51179,1,Review 1 Stars,Frasco de perfume vazou durante o transporte.,Perfume bottle leaked during transit.,Negative,shipping_damage,2017-11-23
REV_91180,ORD_51180,4,Review 4 Stars,"Creme maravilhoso, pele super hidratada!","Wonderful cream, skin is super hydrated!",Positive,positive,2017-12-01
REV_91181,ORD_51181,4,Review 4 Stars,"Produto 100% original, embalagem lacrada e envio imediato.","100% genuine product, sealed packaging and immediate dispatch.",Positive,positive,2017-09-04
REV_91182,ORD_51182,5,Review 5 Stars,Excelente atendimento da loja e brinde enviado junto.,Excellent store service and gift included.,Positive,positive,2017-02-27
REV_91183,ORD_51183,4,Review 4 Stars,"Creme maravilhoso, pele super hidratada!","Wonderful cream, skin is super hydrated!",Positive,positive,2017-09-30
REV_91184,ORD_51184,5,Review 5 Stars,"Produto 100% original, embalagem lacrada e envio imediato.","100% genuine product, sealed packaging and immediate dispatch.",Positive,positive,2018-05-19
REV_91185,ORD_51185,5,Review 5 Stars,Excelente atendimento da loja e brinde enviado junto.,Excellent store service and gift included.,Positive,positive,2017-12-25
REV_91186,ORD_51186,4,Review 4 Stars,Excelente atendimento da loja e brinde enviado junto.,Excellent store service and gift included.,Positive,positive,2017-10-21
REV_91187,ORD_51187,4,Review 4 Stars,"Creme maravilhoso, pele super hidratada!","Wonderful cream, skin is super hydrated!",Positive,positive,2017-12-18
REV_91188,ORD_51188,4,Review 4 Stars,"Produto 100% original, embalagem lacrada e envio imediato.","100% genuine product, sealed packaging and immediate dispatch.",Positive,positive,2018-05-02
REV_91189,ORD_51189,4,Review 4 Stars,Excelente atendimento da loja e brinde enviado junto.,Excellent store service and gift included.,Positive,positive,2018-01-15
REV_91190,ORD_51190,5,Review 5 Stars,Excelente atendimento da loja e brinde enviado junto.,Excellent store service and gift included.,Positive,positive,2017-01-26
REV_91191,ORD_51191,4,Review 4 Stars,"Creme maravilhoso, pele super hidratada!","Wonderful cream, skin is super hydrated!",Positive,positive,2017-05-04
REV_91192,ORD_51192,4,Review 4 Stars,"Produto 100% original, embalagem lacrada e envio imediato.","100% genuine product, sealed packaging and immediate dispatch.",Positive,positive,2017-01-23
REV_91193,ORD_51193,5,Review 5 Stars,"Produto 100% original, embalagem lacrada e envio imediato.","100% genuine product, sealed packaging and immediate dispatch.",Positive,positive,2017-08-15
REV_91194,ORD_51194,5,Review 5 Stars,Excelente atendimento da loja e brinde enviado junto.,Excellent store service and gift included.,Positive,positive,2017-09-01
REV_91195,ORD_51195,3,Review 3 Stars,"Produto razoável, dentro do esperado pelo valor.","Reasonable product, as expected for the price.",Neutral,neutral,2017-05-31
REV_91196,ORD_51196,5,Review 5 Stars,"Creme maravilhoso, pele super hidratada!","Wonderful cream, skin is super hydrated!",Positive,positive,2017-02-18
REV_91197,ORD_51197,2,Review 2 Stars,Frasco de perfume vazou durante o transporte.,Perfume bottle leaked during transit.,Negative,shipping_damage,2017-03-10
REV_91198,ORD_51198,5,Review 5 Stars,"Produto 100% original, embalagem lacrada e envio imediato.","100% genuine product, sealed packaging and immediate dispatch.",Positive,positive,2017-10-31
REV_91199,ORD_51199,2,Review 2 Stars,Data de validade muito próxima do vencimento.,Expiration date too close to current date.,Negative,poor_quality,2017-01-16
REV_91200,ORD_51200,4,Review 4 Stars,"Creme maravilhoso, pele super hidratada!","Wonderful cream, skin is super hydrated!",Positive,positive,2017-12-17
REV_91201,ORD_51201,4,Review 4 Stars,"Creme maravilhoso, pele super hidratada!","Wonderful cream, skin is super hydrated!",Positive,positive,2018-03-15
REV_91202,ORD_51202,2,Review 2 Stars,Data de validade muito próxima do vencimento.,Expiration date too close to current date.,Negative,poor_quality,2017-05-10
REV_91203,ORD_51203,3,Review 3 Stars,"Produto razoável, dentro do esperado pelo valor.","Reasonable product, as expected for the price.",Neutral,neutral,2017-03-20
REV_91204,ORD_51204,5,Review 5 Stars,"Creme maravilhoso, pele super hidratada!","Wonderful cream, skin is super hydrated!",Positive,positive,2017-04-04
REV_91205,ORD_51205,2,Review 2 Stars,Data de validade muito próxima do vencimento.,Expiration date too close to current date.,Negative,poor_quality,2018-03-12
REV_91206,ORD_51206,5,Review 5 Stars,"Creme maravilhoso, pele super hidratada!","Wonderful cream, skin is super hydrated!",Positive,positive,2017-02-26
REV_91207,ORD_51207,2,Review 2 Stars,Data de validade muito próxima do vencimento.,Expiration date too close to current date.,Negative,poor_quality,2018-05-05
REV_91208,ORD_51208,5,Review 5 Stars,"Produto 100% original, embalagem lacrada e envio imediato.","100% genuine product, sealed packaging and immediate dispatch.",Positive,positive,2017-12-05
REV_91209,ORD_51209,4,Review 4 Stars,Excelente atendimento da loja e brinde enviado junto.,Excellent store service and gift included.,Positive,positive,2017-05-27
REV_91210,ORD_51210,3,Review 3 Stars,"Produto razoável, dentro do esperado pelo valor.","Reasonable product, as expected for the price.",Neutral,neutral,2017-09-15
REV_91211,ORD_51211,5,Review 5 Stars,"Produto 100% original, embalagem lacrada e envio imediato.","100% genuine product, sealed packaging and immediate dispatch.",Positive,positive,2017-09-21
REV_91212,ORD_51212,5,Review 5 Stars,"Produto 100% original, embalagem lacrada e envio imediato.","100% genuine product, sealed packaging and immediate dispatch.",Positive,positive,2017-02-22
REV_91213,ORD_51213,4,Review 4 Stars,"Creme maravilhoso, pele super hidratada!","Wonderful cream, skin is super hydrated!",Positive,positive,2017-12-03
REV_91214,ORD_51214,4,Review 4 Stars,Excelente atendimento da loja e brinde enviado junto.,Excellent store service and gift included.,Positive,positive,2017-03-12
REV_91215,ORD_51215,4,Review 4 Stars,"Creme maravilhoso, pele super hidratada!","Wonderful cream, skin is super hydrated!",Positive,positive,2017-10-09
REV_91216,ORD_51216,4,Review 4 Stars,"Creme maravilhoso, pele super hidratada!","Wonderful cream, skin is super hydrated!",Positive,positive,2017-10-04
REV_91217,ORD_51217,4,Review 4 Stars,"Produto 100% original, embalagem lacrada e envio imediato.","100% genuine product, sealed packaging and immediate dispatch.",Positive,positive,2017-03-27
REV_91218,ORD_51218,5,Review 5 Stars,"Produto 100% original, embalagem lacrada e envio imediato.","100% genuine product, sealed packaging and immediate dispatch.",Positive,positive,2018-05-09
REV_91219,ORD_51219,4,Review 4 Stars,"Creme maravilhoso, pele super hidratada!","Wonderful cream, skin is super hydrated!",Positive,positive,2017-08-18
REV_91220,ORD_51220,5,Review 5 Stars,"Creme maravilhoso, pele super hidratada!","Wonderful cream, skin is super hydrated!",Positive,positive,2018-05-14
REV_91221,ORD_51221,5,Review 5 Stars,Excelente atendimento da loja e brinde enviado junto.,Excellent store service and gift included.,Positive,positive,2017-08-13
REV_91222,ORD_51222,5,Review 5 Stars,"Produto 100% original, embalagem lacrada e envio imediato.","100% genuine product, sealed packaging and immediate dispatch.",Positive,positive,2017-08-22
REV_91223,ORD_51223,5,Review 5 Stars,Excelente atendimento da loja e brinde enviado junto.,Excellent store service and gift included.,Positive,positive,2018-05-16
REV_91224,ORD_51224,5,Review 5 Stars,"Produto 100% original, embalagem lacrada e envio imediato.","100% genuine product, sealed packaging and immediate dispatch.",Positive,positive,2017-08-03
REV_91225,ORD_51225,4,Review 4 Stars,"Creme maravilhoso, pele super hidratada!","Wonderful cream, skin is super hydrated!",Positive,positive,2017-05-03
REV_91226,ORD_51226,4,Review 4 Stars,Excelente atendimento da loja e brinde enviado junto.,Excellent store service and gift included.,Positive,positive,2018-01-11
REV_91227,ORD_51227,5,Review 5 Stars,"Produto 100% original, embalagem lacrada e envio imediato.","100% genuine product, sealed packaging and immediate dispatch.",Positive,positive,2017-06-05
REV_91228,ORD_51228,1,Review 1 Stars,Data de validade muito próxima do vencimento.,Expiration date too close to current date.,Negative,poor_quality,2017-11-02
REV_91229,ORD_51229,5,Review 5 Stars,"Creme maravilhoso, pele super hidratada!","Wonderful cream, skin is super hydrated!",Positive,positive,2017-02-08
REV_91230,ORD_51230,4,Review 4 Stars,"Produto 100% original, embalagem lacrada e envio imediato.","100% genuine product, sealed packaging and immediate dispatch.",Positive,positive,2017-11-13
REV_91231,ORD_51231,5,Review 5 Stars,Excelente atendimento da loja e brinde enviado junto.,Excellent store service and gift included.,Positive,positive,2018-04-26
REV_91232,ORD_51232,5,Review 5 Stars,"Produto 100% original, embalagem lacrada e envio imediato.","100% genuine product, sealed packaging and immediate dispatch.",Positive,positive,2017-12-03
REV_91233,ORD_51233,3,Review 3 Stars,"Produto razoável, dentro do esperado pelo valor.","Reasonable product, as expected for the price.",Neutral,neutral,2018-01-27
REV_91234,ORD_51234,5,Review 5 Stars,"Creme maravilhoso, pele super hidratada!","Wonderful cream, skin is super hydrated!",Positive,positive,2017-07-28
REV_91235,ORD_51235,5,Review 5 Stars,"Produto 100% original, embalagem lacrada e envio imediato.","100% genuine product, sealed packaging and immediate dispatch.",Positive,positive,2017-01-30
REV_91236,ORD_51236,5,Review 5 Stars,"Creme maravilhoso, pele super hidratada!","Wonderful cream, skin is super hydrated!",Positive,positive,2017-05-10
REV_91237,ORD_51237,5,Review 5 Stars,"Produto 100% original, embalagem lacrada e envio imediato.","100% genuine product, sealed packaging and immediate dispatch.",Positive,positive,2017-05-20
REV_91238,ORD_51238,5,Review 5 Stars,"Creme maravilhoso, pele super hidratada!","Wonderful cream, skin is super hydrated!",Positive,positive,2017-06-01
REV_91239,ORD_51239,5,Review 5 Stars,Excelente atendimento da loja e brinde enviado junto.,Excellent store service and gift included.,Positive,positive,2018-04-02
REV_91240,ORD_51240,5,Review 5 Stars,"Produto 100% original, embalagem lacrada e envio imediato.","100% genuine product, sealed packaging and immediate dispatch.",Positive,positive,2017-10-10
REV_91241,ORD_51241,3,Review 3 Stars,"Produto razoável, dentro do esperado pelo valor.","Reasonable product, as expected for the price.",Neutral,neutral,2017-05-06
REV_91242,ORD_51242,4,Review 4 Stars,"Creme maravilhoso, pele super hidratada!","Wonderful cream, skin is super hydrated!",Positive,positive,2017-12-13
REV_91243,ORD_51243,4,Review 4 Stars,"Produto 100% original, embalagem lacrada e envio imediato.","100% genuine product, sealed packaging and immediate dispatch.",Positive,positive,2017-04-24
REV_91244,ORD_51244,4,Review 4 Stars,Excelente atendimento da loja e brinde enviado junto.,Excellent store service and gift included.,Positive,positive,2017-04-23
REV_91245,ORD_51245,5,Review 5 Stars,"Produto 100% original, embalagem lacrada e envio imediato.","100% genuine product, sealed packaging and immediate dispatch.",Positive,positive,2018-03-15
REV_91246,ORD_51246,4,Review 4 Stars,"Creme maravilhoso, pele super hidratada!","Wonderful cream, skin is super hydrated!",Positive,positive,2017-04-25
REV_91247,ORD_51247,5,Review 5 Stars,Excelente atendimento da loja e brinde enviado junto.,Excellent store service and gift included.,Positive,positive,2018-05-15
REV_91248,ORD_51248,4,Review 4 Stars,Excelente atendimento da loja e brinde enviado junto.,Excellent store service and gift included.,Positive,positive,2017-01-13
REV_91249,ORD_51249,3,Review 3 Stars,"Produto razoável, dentro do esperado pelo valor.","Reasonable product, as expected for the price.",Neutral,neutral,2017-05-21
REV_91250,ORD_51250,4,Review 4 Stars,"Produto 100% original, embalagem lacrada e envio imediato.","100% genuine product, sealed packaging and immediate dispatch.",Positive,positive,2017-08-06
REV_91251,ORD_51251,2,Review 2 Stars,Frasco de perfume vazou durante o transporte.,Perfume bottle leaked during transit.,Negative,shipping_damage,2017-02-03
REV_91252,ORD_51252,3,Review 3 Stars,"Produto razoável, dentro do esperado pelo valor.","Reasonable product, as expected for the price.",Neutral,neutral,2017-11-13
REV_91253,ORD_51253,5,Review 5 Stars,"Creme maravilhoso, pele super hidratada!","Wonderful cream, skin is super hydrated!",Positive,positive,2017-12-08
REV_91254,ORD_51254,2,Review 2 Stars,Data de validade muito próxima do vencimento.,Expiration date too close to current date.,Negative,poor_quality,2017-05-20
REV_91255,ORD_51255,1,Review 1 Stars,Frasco de perfume vazou durante o transporte.,Perfume bottle leaked during transit.,Negative,shipping_damage,2017-04-26
REV_91256,ORD_51256,5,Review 5 Stars,"Creme maravilhoso, pele super hidratada!","Wonderful cream, skin is super hydrated!",Positive,positive,2017-07-07
REV_91257,ORD_51257,5,Review 5 Stars,"Creme maravilhoso, pele super hidratada!","Wonderful cream, skin is super hydrated!",Positive,positive,2017-09-30
REV_91258,ORD_51258,5,Review 5 Stars,"Creme maravilhoso, pele super hidratada!","Wonderful cream, skin is super hydrated!",Positive,positive,2017-12-23
REV_91259,ORD_51259,5,Review 5 Stars,Excelente atendimento da loja e brinde enviado junto.,Excellent store service and gift included.,Positive,positive,2017-08-12
REV_91260,ORD_51260,5,Review 5 Stars,"Creme maravilhoso, pele super hidratada!","Wonderful cream, skin is super hydrated!",Positive,positive,2018-05-23
REV_91261,ORD_51261,1,Review 1 Stars,Frasco de perfume vazou durante o transporte.,Perfume bottle leaked during transit.,Negative,shipping_damage,2017-11-09
REV_91262,ORD_51262,4,Review 4 Stars,Excelente atendimento da loja e brinde enviado junto.,Excellent store service and gift included.,Positive,positive,2018-02-28
REV_91263,ORD_51263,2,Review 2 Stars,Data de validade muito próxima do vencimento.,Expiration date too close to current date.,Negative,poor_quality,2017-05-21
REV_91264,ORD_51264,4,Review 4 Stars,"Creme maravilhoso, pele super hidratada!","Wonderful cream, skin is super hydrated!",Positive,positive,2017-03-05
REV_91265,ORD_51265,5,Review 5 Stars,Excelente atendimento da loja e brinde enviado junto.,Excellent store service and gift included.,Positive,positive,2017-12-12
REV_91266,ORD_51266,5,Review 5 Stars,"Creme maravilhoso, pele super hidratada!","Wonderful cream, skin is super hydrated!",Positive,positive,2017-07-10
REV_91267,ORD_51267,4,Review 4 Stars,Excelente atendimento da loja e brinde enviado junto.,Excellent store service and gift included.,Positive,positive,2018-04-16
REV_91268,ORD_51268,5,Review 5 Stars,"Creme maravilhoso, pele super hidratada!","Wonderful cream, skin is super hydrated!",Positive,positive,2017-07-29
REV_91269,ORD_51269,3,Review 3 Stars,"Produto razoável, dentro do esperado pelo valor.","Reasonable product, as expected for the price.",Neutral,neutral,2018-01-10
REV_91270,ORD_51270,4,Review 4 Stars,"Produto 100% original, embalagem lacrada e envio imediato.","100% genuine product, sealed packaging and immediate dispatch.",Positive,positive,2017-06-04
REV_91271,ORD_51271,3,Review 3 Stars,"Produto razoável, dentro do esperado pelo valor.","Reasonable product, as expected for the price.",Neutral,neutral,2017-09-29
REV_91272,ORD_51272,5,Review 5 Stars,Excelente atendimento da loja e brinde enviado junto.,Excellent store service and gift included.,Positive,positive,2017-02-09
REV_91273,ORD_51273,5,Review 5 Stars,"Creme maravilhoso, pele super hidratada!","Wonderful cream, skin is super hydrated!",Positive,positive,2017-09-19
REV_91274,ORD_51274,4,Review 4 Stars,"Creme maravilhoso, pele super hidratada!","Wonderful cream, skin is super hydrated!",Positive,positive,2017-07-12
REV_91275,ORD_51275,4,Review 4 Stars,"Creme maravilhoso, pele super hidratada!","Wonderful cream, skin is super hydrated!",Positive,positive,2017-03-26
REV_91276,ORD_51276,4,Review 4 Stars,"Produto 100% original, embalagem lacrada e envio imediato.","100% genuine product, sealed packaging and immediate dispatch.",Positive,positive,2018-05-04
REV_91277,ORD_51277,4,Review 4 Stars,Excelente atendimento da loja e brinde enviado junto.,Excellent store service and gift included.,Positive,positive,2018-04-07
REV_91278,ORD_51278,1,Review 1 Stars,Data de validade muito próxima do vencimento.,Expiration date too close to current date.,Negative,poor_quality,2018-03-05
REV_91279,ORD_51279,5,Review 5 Stars,"Produto 100% original, embalagem lacrada e envio imediato.","100% genuine product, sealed packaging and immediate dispatch.",Positive,positive,2017-06-16
REV_91280,ORD_51280,4,Review 4 Stars,Excelente atendimento da loja e brinde enviado junto.,Excellent store service and gift included.,Positive,positive,2017-03-28
REV_91281,ORD_51281,4,Review 4 Stars,Excelente atendimento da loja e brinde enviado junto.,Excellent store service and gift included.,Positive,positive,2017-07-11
REV_91282,ORD_51282,5,Review 5 Stars,Excelente atendimento da loja e brinde enviado junto.,Excellent store service and gift included.,Positive,positive,2017-02-23
REV_91283,ORD_51283,4,Review 4 Stars,"Creme maravilhoso, pele super hidratada!","Wonderful cream, skin is super hydrated!",Positive,positive,2017-11-30
REV_91284,ORD_51284,4,Review 4 Stars,"Creme maravilhoso, pele super hidratada!","Wonderful cream, skin is super hydrated!",Positive,positive,2017-09-01
REV_91285,ORD_51285,3,Review 3 Stars,"Produto razoável, dentro do esperado pelo valor.","Reasonable product, as expected for the price.",Neutral,neutral,2017-07-04
REV_91286,ORD_51286,4,Review 4 Stars,Excelente atendimento da loja e brinde enviado junto.,Excellent store service and gift included.,Positive,positive,2018-03-24
REV_91287,ORD_51287,4,Review 4 Stars,"Creme maravilhoso, pele super hidratada!","Wonderful cream, skin is super hydrated!",Positive,positive,2017-12-29
REV_91288,ORD_51288,4,Review 4 Stars,Excelente atendimento da loja e brinde enviado junto.,Excellent store service and gift included.,Positive,positive,2017-06-12
REV_91289,ORD_51289,1,Review 1 Stars,Data de validade muito próxima do vencimento.,Expiration date too close to current date.,Negative,poor_quality,2017-02-20
REV_91290,ORD_51290,5,Review 5 Stars,"Produto 100% original, embalagem lacrada e envio imediato.","100% genuine product, sealed packaging and immediate dispatch.",Positive,positive,2017-08-26
REV_91291,ORD_51291,3,Review 3 Stars,"Produto razoável, dentro do esperado pelo valor.","Reasonable product, as expected for the price.",Neutral,neutral,2018-03-21
REV_91292,ORD_51292,4,Review 4 Stars,Excelente atendimento da loja e brinde enviado junto.,Excellent store service and gift included.,Positive,positive,2017-08-24
REV_91293,ORD_51293,3,Review 3 Stars,"Produto razoável, dentro do esperado pelo valor.","Reasonable product, as expected for the price.",Neutral,neutral,2017-10-02
REV_91294,ORD_51294,5,Review 5 Stars,"Produto 100% original, embalagem lacrada e envio imediato.","100% genuine product, sealed packaging and immediate dispatch.",Positive,positive,2017-12-12
REV_91295,ORD_51295,3,Review 3 Stars,"Produto razoável, dentro do esperado pelo valor.","Reasonable product, as expected for the price.",Neutral,neutral,2018-01-05
REV_91296,ORD_51296,5,Review 5 Stars,Excelente atendimento da loja e brinde enviado junto.,Excellent store service and gift included.,Positive,positive,2017-03-09
REV_91297,ORD_51297,5,Review 5 Stars,"Produto 100% original, embalagem lacrada e envio imediato.","100% genuine product, sealed packaging and immediate dispatch.",Positive,positive,2017-01-25
REV_91298,ORD_51298,5,Review 5 Stars,Excelente atendimento da loja e brinde enviado junto.,Excellent store service and gift included.,Positive,positive,2017-07-09
REV_91299,ORD_51299,5,Review 5 Stars,Excelente atendimento da loja e brinde enviado junto.,Excellent store service and gift included.,Positive,positive,2017-09-29
REV_91300,ORD_51300,4,Review 4 Stars,"Produto 100% original, embalagem lacrada e envio imediato.","100% genuine product, sealed packaging and immediate dispatch.",Positive,positive,2017-08-31
REV_91301,ORD_51301,3,Review 3 Stars,"Produto razoável, dentro do esperado pelo valor.","Reasonable product, as expected for the price.",Neutral,neutral,2018-04-24
REV_91302,ORD_51302,4,Review 4 Stars,Excelente atendimento da loja e brinde enviado junto.,Excellent store service and gift included.,Positive,positive,2018-02-16
REV_91303,ORD_51303,3,Review 3 Stars,"Produto razoável, dentro do esperado pelo valor.","Reasonable product, as expected for the price.",Neutral,neutral,2017-11-06
REV_91304,ORD_51304,4,Review 4 Stars,"Produto 100% original, embalagem lacrada e envio imediato.","100% genuine product, sealed packaging and immediate dispatch.",Positive,positive,2017-05-02
REV_91305,ORD_51305,2,Review 2 Stars,Frasco de perfume vazou durante o transporte.,Perfume bottle leaked during transit.,Negative,shipping_damage,2017-03-16
REV_91306,ORD_51306,4,Review 4 Stars,"Produto 100% original, embalagem lacrada e envio imediato.","100% genuine product, sealed packaging and immediate dispatch.",Positive,positive,2017-08-28
REV_91307,ORD_51307,4,Review 4 Stars,"Creme maravilhoso, pele super hidratada!","Wonderful cream, skin is super hydrated!",Positive,positive,2017-07-21
REV_91308,ORD_51308,3,Review 3 Stars,"Produto razoável, dentro do esperado pelo valor.","Reasonable product, as expected for the price.",Neutral,neutral,2017-08-25
REV_91309,ORD_51309,5,Review 5 Stars,"Creme maravilhoso, pele super hidratada!","Wonderful cream, skin is super hydrated!",Positive,positive,2018-03-05
REV_91310,ORD_51310,5,Review 5 Stars,Excelente atendimento da loja e brinde enviado junto.,Excellent store service and gift included.,Positive,positive,2018-03-03
REV_91311,ORD_51311,5,Review 5 Stars,"Produto 100% original, embalagem lacrada e envio imediato.","100% genuine product, sealed packaging and immediate dispatch.",Positive,positive,2017-04-14
REV_91312,ORD_51312,1,Review 1 Stars,A costura da mochila abriu no primeiro treino.,Backpack seam opened up on the first workout.,Negative,poor_quality,2018-05-17
REV_91313,ORD_51313,3,Review 3 Stars,"Produto razoável, dentro do esperado pelo valor.","Reasonable product, as expected for the price.",Neutral,neutral,2017-06-18
REV_91314,ORD_51314,5,Review 5 Stars,Bicicleta resistente e confortável para pedaladas no parque.,Sturdy and comfortable bicycle for park rides.,Positive,positive,2017-12-30
REV_91315,ORD_51315,2,Review 2 Stars,A costura da mochila abriu no primeiro treino.,Backpack seam opened up on the first workout.,Negative,poor_quality,2017-10-15
REV_91316,ORD_51316,4,Review 4 Stars,Bicicleta resistente e confortável para pedaladas no parque.,Sturdy and comfortable bicycle for park rides.,Positive,positive,2017-08-26
REV_91317,ORD_51317,4,Review 4 Stars,Bicicleta resistente e confortável para pedaladas no parque.,Sturdy and comfortable bicycle for park rides.,Positive,positive,2017-10-31
REV_91318,ORD_51318,5,Review 5 Stars,Bicicleta resistente e confortável para pedaladas no parque.,Sturdy and comfortable bicycle for park rides.,Positive,positive,2017-03-18
REV_91319,ORD_51319,3,Review 3 Stars,"Produto razoável, dentro do esperado pelo valor.","Reasonable product, as expected for the price.",Neutral,neutral,2017-11-12
REV_91320,ORD_51320,2,Review 2 Stars,"Tênis ficou apertado, processo de troca muito demorado.","Sneakers were too tight, exchange process was overly slow.",Negative,size_issue,2018-05-09
REV_91321,ORD_51321,5,Review 5 Stars,Garrafa térmica mantém a água gelada o dia inteiro.,Thermos bottle keeps water cold all day long.,Positive,positive,2018-05-11
REV_91322,ORD_51322,4,Review 4 Stars,Garrafa térmica mantém a água gelada o dia inteiro.,Thermos bottle keeps water cold all day long.,Positive,positive,2017-09-29
REV_91323,ORD_51323,3,Review 3 Stars,"Produto razoável, dentro do esperado pelo valor.","Reasonable product, as expected for the price.",Neutral,neutral,2017-04-23
REV_91324,ORD_51324,4,Review 4 Stars,Garrafa térmica mantém a água gelada o dia inteiro.,Thermos bottle keeps water cold all day long.,Positive,positive,2017-03-17
REV_91325,ORD_51325,2,Review 2 Stars,"Tênis ficou apertado, processo de troca muito demorado.","Sneakers were too tight, exchange process was overly slow.",Negative,size_issue,2018-05-22
REV_91326,ORD_51326,3,Review 3 Stars,"Produto razoável, dentro do esperado pelo valor.","Reasonable product, as expected for the price.",Neutral,neutral,2018-03-29
REV_91327,ORD_51327,4,Review 4 Stars,Garrafa térmica mantém a água gelada o dia inteiro.,Thermos bottle keeps water cold all day long.,Positive,positive,2017-04-30
REV_91328,ORD_51328,5,Review 5 Stars,Bicicleta resistente e confortável para pedaladas no parque.,Sturdy and comfortable bicycle for park rides.,Positive,positive,2018-02-13
REV_91329,ORD_51329,3,Review 3 Stars,"Produto razoável, dentro do esperado pelo valor.","Reasonable product, as expected for the price.",Neutral,neutral,2018-01-15
REV_91330,ORD_51330,4,Review 4 Stars,Garrafa térmica mantém a água gelada o dia inteiro.,Thermos bottle keeps water cold all day long.,Positive,positive,2017-10-18
REV_91331,ORD_51331,5,Review 5 Stars,Bicicleta resistente e confortável para pedaladas no parque.,Sturdy and comfortable bicycle for park rides.,Positive,positive,2017-05-29
REV_91332,ORD_51332,4,Review 4 Stars,Garrafa térmica mantém a água gelada o dia inteiro.,Thermos bottle keeps water cold all day long.,Positive,positive,2018-02-28
REV_91333,ORD_51333,3,Review 3 Stars,"Produto razoável, dentro do esperado pelo valor.","Reasonable product, as expected for the price.",Neutral,neutral,2017-02-04
REV_91334,ORD_51334,1,Review 1 Stars,A costura da mochila abriu no primeiro treino.,Backpack seam opened up on the first workout.,Negative,poor_quality,2017-03-28
REV_91335,ORD_51335,4,Review 4 Stars,Bicicleta resistente e confortável para pedaladas no parque.,Sturdy and comfortable bicycle for park rides.,Positive,positive,2017-01-26
REV_91336,ORD_51336,2,Review 2 Stars,A costura da mochila abriu no primeiro treino.,Backpack seam opened up on the first workout.,Negative,poor_quality,2017-06-15
REV_91337,ORD_51337,4,Review 4 Stars,Bicicleta resistente e confortável para pedaladas no parque.,Sturdy and comfortable bicycle for park rides.,Positive,positive,2017-05-10
REV_91338,ORD_51338,4,Review 4 Stars,Bicicleta resistente e confortável para pedaladas no parque.,Sturdy and comfortable bicycle for park rides.,Positive,positive,2017-04-16
REV_91339,ORD_51339,1,Review 1 Stars,A costura da mochila abriu no primeiro treino.,Backpack seam opened up on the first workout.,Negative,poor_quality,2018-06-03
REV_91340,ORD_51340,5,Review 5 Stars,Garrafa térmica mantém a água gelada o dia inteiro.,Thermos bottle keeps water cold all day long.,Positive,positive,2017-09-22
REV_91341,ORD_51341,4,Review 4 Stars,Bicicleta resistente e confortável para pedaladas no parque.,Sturdy and comfortable bicycle for park rides.,Positive,positive,2018-03-07
REV_91342,ORD_51342,5,Review 5 Stars,Bicicleta resistente e confortável para pedaladas no parque.,Sturdy and comfortable bicycle for park rides.,Positive,positive,2017-07-01
REV_91343,ORD_51343,4,Review 4 Stars,Bicicleta resistente e confortável para pedaladas no parque.,Sturdy and comfortable bicycle for park rides.,Positive,positive,2017-01-29
REV_91344,ORD_51344,1,Review 1 Stars,"Tênis ficou apertado, processo de troca muito demorado.","Sneakers were too tight, exchange process was overly slow.",Negative,size_issue,2018-01-26
REV_91345,ORD_51345,4,Review 4 Stars,Garrafa térmica mantém a água gelada o dia inteiro.,Thermos bottle keeps water cold all day long.,Positive,positive,2018-05-13
REV_91346,ORD_51346,4,Review 4 Stars,Garrafa térmica mantém a água gelada o dia inteiro.,Thermos bottle keeps water cold all day long.,Positive,positive,2018-03-20
REV_91347,ORD_51347,3,Review 3 Stars,"Produto razoável, dentro do esperado pelo valor.","Reasonable product, as expected for the price.",Neutral,neutral,2017-04-23
REV_91348,ORD_51348,5,Review 5 Stars,Garrafa térmica mantém a água gelada o dia inteiro.,Thermos bottle keeps water cold all day long.,Positive,positive,2017-06-26
REV_91349,ORD_51349,5,Review 5 Stars,Bicicleta resistente e confortável para pedaladas no parque.,Sturdy and comfortable bicycle for park rides.,Positive,positive,2017-10-27
REV_91350,ORD_51350,3,Review 3 Stars,"Produto razoável, dentro do esperado pelo valor.","Reasonable product, as expected for the price.",Neutral,neutral,2017-05-06
REV_91351,ORD_51351,5,Review 5 Stars,Bicicleta resistente e confortável para pedaladas no parque.,Sturdy and comfortable bicycle for park rides.,Positive,positive,2017-11-23
REV_91352,ORD_51352,4,Review 4 Stars,Garrafa térmica mantém a água gelada o dia inteiro.,Thermos bottle keeps water cold all day long.,Positive,positive,2017-09-30
REV_91353,ORD_51353,3,Review 3 Stars,"Produto razoável, dentro do esperado pelo valor.","Reasonable product, as expected for the price.",Neutral,neutral,2017-03-18
REV_91354,ORD_51354,5,Review 5 Stars,Bicicleta resistente e confortável para pedaladas no parque.,Sturdy and comfortable bicycle for park rides.,Positive,positive,2017-03-24
REV_91355,ORD_51355,3,Review 3 Stars,"Produto razoável, dentro do esperado pelo valor.","Reasonable product, as expected for the price.",Neutral,neutral,2018-04-28
REV_91356,ORD_51356,3,Review 3 Stars,"Produto razoável, dentro do esperado pelo valor.","Reasonable product, as expected for the price.",Neutral,neutral,2018-01-16
REV_91357,ORD_51357,5,Review 5 Stars,Garrafa térmica mantém a água gelada o dia inteiro.,Thermos bottle keeps water cold all day long.,Positive,positive,2018-01-19
REV_91358,ORD_51358,4,Review 4 Stars,Bicicleta resistente e confortável para pedaladas no parque.,Sturdy and comfortable bicycle for park rides.,Positive,positive,2017-06-09
REV_91359,ORD_51359,5,Review 5 Stars,Garrafa térmica mantém a água gelada o dia inteiro.,Thermos bottle keeps water cold all day long.,Positive,positive,2017-11-09
REV_91360,ORD_51360,3,Review 3 Stars,"Produto razoável, dentro do esperado pelo valor.","Reasonable product, as expected for the price.",Neutral,neutral,2018-01-18
REV_91361,ORD_51361,2,Review 2 Stars,A costura da mochila abriu no primeiro treino.,Backpack seam opened up on the first workout.,Negative,poor_quality,2017-02-13
REV_91362,ORD_51362,2,Review 2 Stars,A costura da mochila abriu no primeiro treino.,Backpack seam opened up on the first workout.,Negative,poor_quality,2017-02-11
REV_91363,ORD_51363,2,Review 2 Stars,A costura da mochila abriu no primeiro treino.,Backpack seam opened up on the first workout.,Negative,poor_quality,2017-06-09
REV_91364,ORD_51364,1,Review 1 Stars,"Tênis ficou apertado, processo de troca muito demorado.","Sneakers were too tight, exchange process was overly slow.",Negative,size_issue,2018-05-09
REV_91365,ORD_51365,5,Review 5 Stars,Bicicleta resistente e confortável para pedaladas no parque.,Sturdy and comfortable bicycle for park rides.,Positive,positive,2018-05-17
REV_91366,ORD_51366,5,Review 5 Stars,Garrafa térmica mantém a água gelada o dia inteiro.,Thermos bottle keeps water cold all day long.,Positive,positive,2017-05-28
REV_91367,ORD_51367,5,Review 5 Stars,Bicicleta resistente e confortável para pedaladas no parque.,Sturdy and comfortable bicycle for park rides.,Positive,positive,2017-08-24
REV_91368,ORD_51368,3,Review 3 Stars,"Produto razoável, dentro do esperado pelo valor.","Reasonable product, as expected for the price.",Neutral,neutral,2018-01-31
REV_91369,ORD_51369,5,Review 5 Stars,Garrafa térmica mantém a água gelada o dia inteiro.,Thermos bottle keeps water cold all day long.,Positive,positive,2017-09-01
REV_91370,ORD_51370,5,Review 5 Stars,Bicicleta resistente e confortável para pedaladas no parque.,Sturdy and comfortable bicycle for park rides.,Positive,positive,2017-03-08
REV_91371,ORD_51371,1,Review 1 Stars,A costura da mochila abriu no primeiro treino.,Backpack seam opened up on the first workout.,Negative,poor_quality,2017-05-28
REV_91372,ORD_51372,5,Review 5 Stars,Bicicleta resistente e confortável para pedaladas no parque.,Sturdy and comfortable bicycle for park rides.,Positive,positive,2017-05-30
REV_91373,ORD_51373,3,Review 3 Stars,"Produto razoável, dentro do esperado pelo valor.","Reasonable product, as expected for the price.",Neutral,neutral,2017-02-17
REV_91374,ORD_51374,4,Review 4 Stars,Garrafa térmica mantém a água gelada o dia inteiro.,Thermos bottle keeps water cold all day long.,Positive,positive,2017-12-26
REV_91375,ORD_51375,2,Review 2 Stars,A costura da mochila abriu no primeiro treino.,Backpack seam opened up on the first workout.,Negative,poor_quality,2017-12-22
REV_91376,ORD_51376,5,Review 5 Stars,Garrafa térmica mantém a água gelada o dia inteiro.,Thermos bottle keeps water cold all day long.,Positive,positive,2017-06-14
REV_91377,ORD_51377,4,Review 4 Stars,Bicicleta resistente e confortável para pedaladas no parque.,Sturdy and comfortable bicycle for park rides.,Positive,positive,2017-12-12
REV_91378,ORD_51378,4,Review 4 Stars,Garrafa térmica mantém a água gelada o dia inteiro.,Thermos bottle keeps water cold all day long.,Positive,positive,2018-01-04
REV_91379,ORD_51379,2,Review 2 Stars,A costura da mochila abriu no primeiro treino.,Backpack seam opened up on the first workout.,Negative,poor_quality,2017-02-03
REV_91380,ORD_51380,1,Review 1 Stars,"Tênis ficou apertado, processo de troca muito demorado.","Sneakers were too tight, exchange process was overly slow.",Negative,size_issue,2017-08-10
REV_91381,ORD_51381,4,Review 4 Stars,Garrafa térmica mantém a água gelada o dia inteiro.,Thermos bottle keeps water cold all day long.,Positive,positive,2018-01-22
REV_91382,ORD_51382,5,Review 5 Stars,Garrafa térmica mantém a água gelada o dia inteiro.,Thermos bottle keeps water cold all day long.,Positive,positive,2017-10-17
REV_91383,ORD_51383,5,Review 5 Stars,Garrafa térmica mantém a água gelada o dia inteiro.,Thermos bottle keeps water cold all day long.,Positive,positive,2017-01-20
REV_91384,ORD_51384,2,Review 2 Stars,A costura da mochila abriu no primeiro treino.,Backpack seam opened up on the first workout.,Negative,poor_quality,2017-12-23
REV_91385,ORD_51385,3,Review 3 Stars,"Produto razoável, dentro do esperado pelo valor.","Reasonable product, as expected for the price.",Neutral,neutral,2017-06-14
REV_91386,ORD_51386,4,Review 4 Stars,Garrafa térmica mantém a água gelada o dia inteiro.,Thermos bottle keeps water cold all day long.,Positive,positive,2018-05-10
REV_91387,ORD_51387,3,Review 3 Stars,"Produto razoável, dentro do esperado pelo valor.","Reasonable product, as expected for the price.",Neutral,neutral,2017-04-01
REV_91388,ORD_51388,3,Review 3 Stars,"Produto razoável, dentro do esperado pelo valor.","Reasonable product, as expected for the price.",Neutral,neutral,2017-06-02
REV_91389,ORD_51389,5,Review 5 Stars,Garrafa térmica mantém a água gelada o dia inteiro.,Thermos bottle keeps water cold all day long.,Positive,positive,2018-03-25
REV_91390,ORD_51390,5,Review 5 Stars,Garrafa térmica mantém a água gelada o dia inteiro.,Thermos bottle keeps water cold all day long.,Positive,positive,2018-01-23
REV_91391,ORD_51391,2,Review 2 Stars,A costura da mochila abriu no primeiro treino.,Backpack seam opened up on the first workout.,Negative,poor_quality,2018-02-22
REV_91392,ORD_51392,5,Review 5 Stars,Garrafa térmica mantém a água gelada o dia inteiro.,Thermos bottle keeps water cold all day long.,Positive,positive,2017-03-03
REV_91393,ORD_51393,3,Review 3 Stars,"Produto razoável, dentro do esperado pelo valor.","Reasonable product, as expected for the price.",Neutral,neutral,2017-05-04
REV_91394,ORD_51394,5,Review 5 Stars,Garrafa térmica mantém a água gelada o dia inteiro.,Thermos bottle keeps water cold all day long.,Positive,positive,2017-05-23
REV_91395,ORD_51395,3,Review 3 Stars,"Produto razoável, dentro do esperado pelo valor.","Reasonable product, as expected for the price.",Neutral,neutral,2017-09-01
REV_91396,ORD_51396,5,Review 5 Stars,Bicicleta resistente e confortável para pedaladas no parque.,Sturdy and comfortable bicycle for park rides.,Positive,positive,2017-09-24
REV_91397,ORD_51397,2,Review 2 Stars,"Tênis ficou apertado, processo de troca muito demorado.","Sneakers were too tight, exchange process was overly slow.",Negative,size_issue,2017-05-04
REV_91398,ORD_51398,3,Review 3 Stars,"Produto razoável, dentro do esperado pelo valor.","Reasonable product, as expected for the price.",Neutral,neutral,2017-05-24
REV_91399,ORD_51399,4,Review 4 Stars,Garrafa térmica mantém a água gelada o dia inteiro.,Thermos bottle keeps water cold all day long.,Positive,positive,2018-04-01
REV_91400,ORD_51400,5,Review 5 Stars,Bicicleta resistente e confortável para pedaladas no parque.,Sturdy and comfortable bicycle for park rides.,Positive,positive,2017-06-29
REV_91401,ORD_51401,1,Review 1 Stars,"Tênis ficou apertado, processo de troca muito demorado.","Sneakers were too tight, exchange process was overly slow.",Negative,size_issue,2018-01-10
REV_91402,ORD_51402,5,Review 5 Stars,Garrafa térmica mantém a água gelada o dia inteiro.,Thermos bottle keeps water cold all day long.,Positive,positive,2018-03-27
REV_91403,ORD_51403,3,Review 3 Stars,"Produto razoável, dentro do esperado pelo valor.","Reasonable product, as expected for the price.",Neutral,neutral,2017-08-13
REV_91404,ORD_51404,5,Review 5 Stars,Bicicleta resistente e confortável para pedaladas no parque.,Sturdy and comfortable bicycle for park rides.,Positive,positive,2017-10-09
REV_91405,ORD_51405,2,Review 2 Stars,A costura da mochila abriu no primeiro treino.,Backpack seam opened up on the first workout.,Negative,poor_quality,2017-10-23
REV_91406,ORD_51406,1,Review 1 Stars,"Tênis ficou apertado, processo de troca muito demorado.","Sneakers were too tight, exchange process was overly slow.",Negative,size_issue,2018-05-07
REV_91407,ORD_51407,4,Review 4 Stars,Bicicleta resistente e confortável para pedaladas no parque.,Sturdy and comfortable bicycle for park rides.,Positive,positive,2018-05-30
REV_91408,ORD_51408,1,Review 1 Stars,A costura da mochila abriu no primeiro treino.,Backpack seam opened up on the first workout.,Negative,poor_quality,2017-07-08
REV_91409,ORD_51409,5,Review 5 Stars,Garrafa térmica mantém a água gelada o dia inteiro.,Thermos bottle keeps water cold all day long.,Positive,positive,2018-05-03
REV_91410,ORD_51410,4,Review 4 Stars,Bicicleta resistente e confortável para pedaladas no parque.,Sturdy and comfortable bicycle for park rides.,Positive,positive,2018-05-10
REV_91411,ORD_51411,2,Review 2 Stars,A costura da mochila abriu no primeiro treino.,Backpack seam opened up on the first workout.,Negative,poor_quality,2017-03-12
REV_91412,ORD_51412,5,Review 5 Stars,Bicicleta resistente e confortável para pedaladas no parque.,Sturdy and comfortable bicycle for park rides.,Positive,positive,2018-05-27
REV_91413,ORD_51413,3,Review 3 Stars,"Produto razoável, dentro do esperado pelo valor.","Reasonable product, as expected for the price.",Neutral,neutral,2017-03-25
REV_91414,ORD_51414,4,Review 4 Stars,Bicicleta resistente e confortável para pedaladas no parque.,Sturdy and comfortable bicycle for park rides.,Positive,positive,2017-09-26
REV_91415,ORD_51415,1,Review 1 Stars,"Tênis ficou apertado, processo de troca muito demorado.","Sneakers were too tight, exchange process was overly slow.",Negative,size_issue,2017-07-29
REV_91416,ORD_51416,5,Review 5 Stars,Garrafa térmica mantém a água gelada o dia inteiro.,Thermos bottle keeps water cold all day long.,Positive,positive,2018-01-17
REV_91417,ORD_51417,5,Review 5 Stars,Garrafa térmica mantém a água gelada o dia inteiro.,Thermos bottle keeps water cold all day long.,Positive,positive,2017-10-28
REV_91418,ORD_51418,3,Review 3 Stars,"Produto razoável, dentro do esperado pelo valor.","Reasonable product, as expected for the price.",Neutral,neutral,2018-01-16
REV_91419,ORD_51419,2,Review 2 Stars,A costura da mochila abriu no primeiro treino.,Backpack seam opened up on the first workout.,Negative,poor_quality,2018-05-09
REV_91420,ORD_51420,2,Review 2 Stars,A costura da mochila abriu no primeiro treino.,Backpack seam opened up on the first workout.,Negative,poor_quality,2018-05-02
REV_91421,ORD_51421,4,Review 4 Stars,Garrafa térmica mantém a água gelada o dia inteiro.,Thermos bottle keeps water cold all day long.,Positive,positive,2018-01-05
REV_91422,ORD_51422,4,Review 4 Stars,Bicicleta resistente e confortável para pedaladas no parque.,Sturdy and comfortable bicycle for park rides.,Positive,positive,2017-09-15
REV_91423,ORD_51423,1,Review 1 Stars,"Tênis ficou apertado, processo de troca muito demorado.","Sneakers were too tight, exchange process was overly slow.",Negative,size_issue,2017-11-28
REV_91424,ORD_51424,4,Review 4 Stars,Bicicleta resistente e confortável para pedaladas no parque.,Sturdy and comfortable bicycle for park rides.,Positive,positive,2017-06-26
REV_91425,ORD_51425,4,Review 4 Stars,Bicicleta resistente e confortável para pedaladas no parque.,Sturdy and comfortable bicycle for park rides.,Positive,positive,2018-04-20
REV_91426,ORD_51426,5,Review 5 Stars,Garrafa térmica mantém a água gelada o dia inteiro.,Thermos bottle keeps water cold all day long.,Positive,positive,2017-08-11
REV_91427,ORD_51427,4,Review 4 Stars,Garrafa térmica mantém a água gelada o dia inteiro.,Thermos bottle keeps water cold all day long.,Positive,positive,2017-08-31
REV_91428,ORD_51428,2,Review 2 Stars,"Tênis ficou apertado, processo de troca muito demorado.","Sneakers were too tight, exchange process was overly slow.",Negative,size_issue,2017-06-21
REV_91429,ORD_51429,1,Review 1 Stars,"Tênis ficou apertado, processo de troca muito demorado.","Sneakers were too tight, exchange process was overly slow.",Negative,size_issue,2017-03-05
REV_91430,ORD_51430,3,Review 3 Stars,"Produto razoável, dentro do esperado pelo valor.","Reasonable product, as expected for the price.",Neutral,neutral,2017-12-05
REV_91431,ORD_51431,1,Review 1 Stars,A costura da mochila abriu no primeiro treino.,Backpack seam opened up on the first workout.,Negative,poor_quality,2018-02-04
REV_91432,ORD_51432,5,Review 5 Stars,Garrafa térmica mantém a água gelada o dia inteiro.,Thermos bottle keeps water cold all day long.,Positive,positive,2018-03-17
REV_91433,ORD_51433,5,Review 5 Stars,Garrafa térmica mantém a água gelada o dia inteiro.,Thermos bottle keeps water cold all day long.,Positive,positive,2017-06-03
REV_91434,ORD_51434,5,Review 5 Stars,Garrafa térmica mantém a água gelada o dia inteiro.,Thermos bottle keeps water cold all day long.,Positive,positive,2017-01-26
REV_91435,ORD_51435,3,Review 3 Stars,"Produto razoável, dentro do esperado pelo valor.","Reasonable product, as expected for the price.",Neutral,neutral,2017-05-02
REV_91436,ORD_51436,2,Review 2 Stars,"Tênis ficou apertado, processo de troca muito demorado.","Sneakers were too tight, exchange process was overly slow.",Negative,size_issue,2017-10-05
REV_91437,ORD_51437,3,Review 3 Stars,"Produto razoável, dentro do esperado pelo valor.","Reasonable product, as expected for the price.",Neutral,neutral,2017-09-17
REV_91438,ORD_51438,2,Review 2 Stars,A costura da mochila abriu no primeiro treino.,Backpack seam opened up on the first workout.,Negative,poor_quality,2017-06-22
REV_91439,ORD_51439,1,Review 1 Stars,"Tênis ficou apertado, processo de troca muito demorado.","Sneakers were too tight, exchange process was overly slow.",Negative,size_issue,2017-12-17
REV_91440,ORD_51440,5,Review 5 Stars,Garrafa térmica mantém a água gelada o dia inteiro.,Thermos bottle keeps water cold all day long.,Positive,positive,2017-11-11
REV_91441,ORD_51441,2,Review 2 Stars,A costura da mochila abriu no primeiro treino.,Backpack seam opened up on the first workout.,Negative,poor_quality,2017-09-16
REV_91442,ORD_51442,5,Review 5 Stars,Garrafa térmica mantém a água gelada o dia inteiro.,Thermos bottle keeps water cold all day long.,Positive,positive,2018-05-13
REV_91443,ORD_51443,3,Review 3 Stars,"Produto razoável, dentro do esperado pelo valor.","Reasonable product, as expected for the price.",Neutral,neutral,2017-04-25
REV_91444,ORD_51444,4,Review 4 Stars,Bicicleta resistente e confortável para pedaladas no parque.,Sturdy and comfortable bicycle for park rides.,Positive,positive,2018-02-28
REV_91445,ORD_51445,1,Review 1 Stars,"Tênis ficou apertado, processo de troca muito demorado.","Sneakers were too tight, exchange process was overly slow.",Negative,size_issue,2017-06-24
REV_91446,ORD_51446,1,Review 1 Stars,A costura da mochila abriu no primeiro treino.,Backpack seam opened up on the first workout.,Negative,poor_quality,2017-01-25
REV_91447,ORD_51447,2,Review 2 Stars,"Tênis ficou apertado, processo de troca muito demorado.","Sneakers were too tight, exchange process was overly slow.",Negative,size_issue,2018-03-14
REV_91448,ORD_51448,4,Review 4 Stars,Garrafa térmica mantém a água gelada o dia inteiro.,Thermos bottle keeps water cold all day long.,Positive,positive,2017-08-06
REV_91449,ORD_51449,3,Review 3 Stars,"Produto razoável, dentro do esperado pelo valor.","Reasonable product, as expected for the price.",Neutral,neutral,2017-07-07
REV_91450,ORD_51450,4,Review 4 Stars,Garrafa térmica mantém a água gelada o dia inteiro.,Thermos bottle keeps water cold all day long.,Positive,positive,2018-02-12
REV_91451,ORD_51451,3,Review 3 Stars,"Produto razoável, dentro do esperado pelo valor.","Reasonable product, as expected for the price.",Neutral,neutral,2017-03-25
REV_91452,ORD_51452,3,Review 3 Stars,"Produto razoável, dentro do esperado pelo valor.","Reasonable product, as expected for the price.",Neutral,neutral,2017-07-29
REV_91453,ORD_51453,1,Review 1 Stars,A costura da mochila abriu no primeiro treino.,Backpack seam opened up on the first workout.,Negative,poor_quality,2017-02-04
REV_91454,ORD_51454,2,Review 2 Stars,A costura da mochila abriu no primeiro treino.,Backpack seam opened up on the first workout.,Negative,poor_quality,2018-01-05
REV_91455,ORD_51455,3,Review 3 Stars,"Produto razoável, dentro do esperado pelo valor.","Reasonable product, as expected for the price.",Neutral,neutral,2017-12-05
REV_91456,ORD_51456,3,Review 3 Stars,"Produto razoável, dentro do esperado pelo valor.","Reasonable product, as expected for the price.",Neutral,neutral,2017-11-12
REV_91457,ORD_51457,2,Review 2 Stars,A costura da mochila abriu no primeiro treino.,Backpack seam opened up on the first workout.,Negative,poor_quality,2018-05-27
REV_91458,ORD_51458,3,Review 3 Stars,"Produto razoável, dentro do esperado pelo valor.","Reasonable product, as expected for the price.",Neutral,neutral,2017-03-26
REV_91459,ORD_51459,4,Review 4 Stars,Bicicleta resistente e confortável para pedaladas no parque.,Sturdy and comfortable bicycle for park rides.,Positive,positive,2018-03-08
REV_91460,ORD_51460,4,Review 4 Stars,Garrafa térmica mantém a água gelada o dia inteiro.,Thermos bottle keeps water cold all day long.,Positive,positive,2017-07-17
REV_91461,ORD_51461,4,Review 4 Stars,Garrafa térmica mantém a água gelada o dia inteiro.,Thermos bottle keeps water cold all day long.,Positive,positive,2018-02-07
REV_91462,ORD_51462,2,Review 2 Stars,"Tênis ficou apertado, processo de troca muito demorado.","Sneakers were too tight, exchange process was overly slow.",Negative,size_issue,2017-07-07
REV_91463,ORD_51463,2,Review 2 Stars,A costura da mochila abriu no primeiro treino.,Backpack seam opened up on the first workout.,Negative,poor_quality,2017-10-21
REV_91464,ORD_51464,5,Review 5 Stars,Garrafa térmica mantém a água gelada o dia inteiro.,Thermos bottle keeps water cold all day long.,Positive,positive,2018-04-22
REV_91465,ORD_51465,3,Review 3 Stars,"Produto razoável, dentro do esperado pelo valor.","Reasonable product, as expected for the price.",Neutral,neutral,2017-11-27
REV_91466,ORD_51466,1,Review 1 Stars,A costura da mochila abriu no primeiro treino.,Backpack seam opened up on the first workout.,Negative,poor_quality,2017-08-22
REV_91467,ORD_51467,3,Review 3 Stars,"Produto razoável, dentro do esperado pelo valor.","Reasonable product, as expected for the price.",Neutral,neutral,2017-11-09
REV_91468,ORD_51468,5,Review 5 Stars,Bicicleta resistente e confortável para pedaladas no parque.,Sturdy and comfortable bicycle for park rides.,Positive,positive,2017-07-20
REV_91469,ORD_51469,5,Review 5 Stars,Garrafa térmica mantém a água gelada o dia inteiro.,Thermos bottle keeps water cold all day long.,Positive,positive,2017-12-24
REV_91470,ORD_51470,4,Review 4 Stars,Garrafa térmica mantém a água gelada o dia inteiro.,Thermos bottle keeps water cold all day long.,Positive,positive,2017-05-02
REV_91471,ORD_51471,5,Review 5 Stars,Bicicleta resistente e confortável para pedaladas no parque.,Sturdy and comfortable bicycle for park rides.,Positive,positive,2017-02-27
REV_91472,ORD_51472,2,Review 2 Stars,"Tênis ficou apertado, processo de troca muito demorado.","Sneakers were too tight, exchange process was overly slow.",Negative,size_issue,2018-01-27
REV_91473,ORD_51473,4,Review 4 Stars,Garrafa térmica mantém a água gelada o dia inteiro.,Thermos bottle keeps water cold all day long.,Positive,positive,2017-06-24
REV_91474,ORD_51474,4,Review 4 Stars,Bicicleta resistente e confortável para pedaladas no parque.,Sturdy and comfortable bicycle for park rides.,Positive,positive,2017-12-31
REV_91475,ORD_51475,4,Review 4 Stars,Garrafa térmica mantém a água gelada o dia inteiro.,Thermos bottle keeps water cold all day long.,Positive,positive,2017-10-31
REV_91476,ORD_51476,2,Review 2 Stars,A costura da mochila abriu no primeiro treino.,Backpack seam opened up on the first workout.,Negative,poor_quality,2017-09-07
REV_91477,ORD_51477,5,Review 5 Stars,Garrafa térmica mantém a água gelada o dia inteiro.,Thermos bottle keeps water cold all day long.,Positive,positive,2017-10-25
REV_91478,ORD_51478,4,Review 4 Stars,Bicicleta resistente e confortável para pedaladas no parque.,Sturdy and comfortable bicycle for park rides.,Positive,positive,2017-02-27
REV_91479,ORD_51479,4,Review 4 Stars,Garrafa térmica mantém a água gelada o dia inteiro.,Thermos bottle keeps water cold all day long.,Positive,positive,2017-10-22
REV_91480,ORD_51480,4,Review 4 Stars,Garrafa térmica mantém a água gelada o dia inteiro.,Thermos bottle keeps water cold all day long.,Positive,positive,2017-12-02
REV_91481,ORD_51481,2,Review 2 Stars,"Tênis ficou apertado, processo de troca muito demorado.","Sneakers were too tight, exchange process was overly slow.",Negative,size_issue,2017-10-17
REV_91482,ORD_51482,2,Review 2 Stars,"Tênis ficou apertado, processo de troca muito demorado.","Sneakers were too tight, exchange process was overly slow.",Negative,size_issue,2017-06-09
REV_91483,ORD_51483,1,Review 1 Stars,"Tênis ficou apertado, processo de troca muito demorado.","Sneakers were too tight, exchange process was overly slow.",Negative,size_issue,2017-08-08
REV_91484,ORD_51484,2,Review 2 Stars,"Tênis ficou apertado, processo de troca muito demorado.","Sneakers were too tight, exchange process was overly slow.",Negative,size_issue,2017-03-04
REV_91485,ORD_51485,5,Review 5 Stars,Garrafa térmica mantém a água gelada o dia inteiro.,Thermos bottle keeps water cold all day long.,Positive,positive,2018-01-24
REV_91486,ORD_51486,4,Review 4 Stars,Garrafa térmica mantém a água gelada o dia inteiro.,Thermos bottle keeps water cold all day long.,Positive,positive,2017-04-10
REV_91487,ORD_51487,4,Review 4 Stars,Bicicleta resistente e confortável para pedaladas no parque.,Sturdy and comfortable bicycle for park rides.,Positive,positive,2017-04-30
REV_91488,ORD_51488,3,Review 3 Stars,"Produto razoável, dentro do esperado pelo valor.","Reasonable product, as expected for the price.",Neutral,neutral,2017-09-24
REV_91489,ORD_51489,3,Review 3 Stars,"Produto razoável, dentro do esperado pelo valor.","Reasonable product, as expected for the price.",Neutral,neutral,2017-01-13
REV_91490,ORD_51490,3,Review 3 Stars,"Produto razoável, dentro do esperado pelo valor.","Reasonable product, as expected for the price.",Neutral,neutral,2018-02-19
REV_91491,ORD_51491,5,Review 5 Stars,Bicicleta resistente e confortável para pedaladas no parque.,Sturdy and comfortable bicycle for park rides.,Positive,positive,2018-01-18
REV_91492,ORD_51492,4,Review 4 Stars,Bicicleta resistente e confortável para pedaladas no parque.,Sturdy and comfortable bicycle for park rides.,Positive,positive,2018-01-12
REV_91493,ORD_51493,4,Review 4 Stars,Garrafa térmica mantém a água gelada o dia inteiro.,Thermos bottle keeps water cold all day long.,Positive,positive,2018-02-08
REV_91494,ORD_51494,5,Review 5 Stars,Bicicleta resistente e confortável para pedaladas no parque.,Sturdy and comfortable bicycle for park rides.,Positive,positive,2018-02-26
REV_91495,ORD_51495,3,Review 3 Stars,"Produto razoável, dentro do esperado pelo valor.","Reasonable product, as expected for the price.",Neutral,neutral,2018-02-06
REV_91496,ORD_51496,1,Review 1 Stars,"Tênis ficou apertado, processo de troca muito demorado.","Sneakers were too tight, exchange process was overly slow.",Negative,size_issue,2018-02-27
REV_91497,ORD_51497,1,Review 1 Stars,A costura da mochila abriu no primeiro treino.,Backpack seam opened up on the first workout.,Negative,poor_quality,2017-02-01
REV_91498,ORD_51498,4,Review 4 Stars,Garrafa térmica mantém a água gelada o dia inteiro.,Thermos bottle keeps water cold all day long.,Positive,positive,2017-12-21
REV_91499,ORD_51499,1,Review 1 Stars,A costura da mochila abriu no primeiro treino.,Backpack seam opened up on the first workout.,Negative,poor_quality,2017-12-10
REV_91500,ORD_51500,5,Review 5 Stars,Bicicleta resistente e confortável para pedaladas no parque.,Sturdy and comfortable bicycle for park rides.,Positive,positive,2018-01-31
REV_91501,ORD_51501,3,Review 3 Stars,"Produto razoável, dentro do esperado pelo valor.","Reasonable product, as expected for the price.",Neutral,neutral,2017-07-05
REV_91502,ORD_51502,4,Review 4 Stars,Garrafa térmica mantém a água gelada o dia inteiro.,Thermos bottle keeps water cold all day long.,Positive,positive,2017-09-11
REV_91503,ORD_51503,2,Review 2 Stars,A costura da mochila abriu no primeiro treino.,Backpack seam opened up on the first workout.,Negative,poor_quality,2017-04-05
REV_91504,ORD_51504,5,Review 5 Stars,Bicicleta resistente e confortável para pedaladas no parque.,Sturdy and comfortable bicycle for park rides.,Positive,positive,2018-03-19
REV_91505,ORD_51505,5,Review 5 Stars,Bicicleta resistente e confortável para pedaladas no parque.,Sturdy and comfortable bicycle for park rides.,Positive,positive,2018-05-09
REV_91506,ORD_51506,5,Review 5 Stars,Bicicleta resistente e confortável para pedaladas no parque.,Sturdy and comfortable bicycle for park rides.,Positive,positive,2017-10-28
REV_91507,ORD_51507,1,Review 1 Stars,"Tênis ficou apertado, processo de troca muito demorado.","Sneakers were too tight, exchange process was overly slow.",Negative,size_issue,2017-04-24
REV_91508,ORD_51508,3,Review 3 Stars,"Produto razoável, dentro do esperado pelo valor.","Reasonable product, as expected for the price.",Neutral,neutral,2017-06-15
REV_91509,ORD_51509,2,Review 2 Stars,"Tênis ficou apertado, processo de troca muito demorado.","Sneakers were too tight, exchange process was overly slow.",Negative,size_issue,2017-03-10
REV_91510,ORD_51510,4,Review 4 Stars,Garrafa térmica mantém a água gelada o dia inteiro.,Thermos bottle keeps water cold all day long.,Positive,positive,2017-09-13
REV_91511,ORD_51511,2,Review 2 Stars,"Tênis ficou apertado, processo de troca muito demorado.","Sneakers were too tight, exchange process was overly slow.",Negative,size_issue,2017-11-09
REV_91512,ORD_51512,3,Review 3 Stars,"Produto razoável, dentro do esperado pelo valor.","Reasonable product, as expected for the price.",Neutral,neutral,2017-01-16
REV_91513,ORD_51513,5,Review 5 Stars,Garrafa térmica mantém a água gelada o dia inteiro.,Thermos bottle keeps water cold all day long.,Positive,positive,2017-06-30
REV_91514,ORD_51514,5,Review 5 Stars,Garrafa térmica mantém a água gelada o dia inteiro.,Thermos bottle keeps water cold all day long.,Positive,positive,2017-06-30
REV_91515,ORD_51515,4,Review 4 Stars,Bicicleta resistente e confortável para pedaladas no parque.,Sturdy and comfortable bicycle for park rides.,Positive,positive,2017-09-18
REV_91516,ORD_51516,1,Review 1 Stars,"Tênis ficou apertado, processo de troca muito demorado.","Sneakers were too tight, exchange process was overly slow.",Negative,size_issue,2018-02-11
REV_91517,ORD_51517,5,Review 5 Stars,Bicicleta resistente e confortável para pedaladas no parque.,Sturdy and comfortable bicycle for park rides.,Positive,positive,2017-05-06
REV_91518,ORD_51518,2,Review 2 Stars,"Tênis ficou apertado, processo de troca muito demorado.","Sneakers were too tight, exchange process was overly slow.",Negative,size_issue,2018-05-07
REV_91519,ORD_51519,3,Review 3 Stars,"Produto razoável, dentro do esperado pelo valor.","Reasonable product, as expected for the price.",Neutral,neutral,2017-06-29
REV_91520,ORD_51520,3,Review 3 Stars,"Produto razoável, dentro do esperado pelo valor.","Reasonable product, as expected for the price.",Neutral,neutral,2017-05-06
REV_91521,ORD_51521,2,Review 2 Stars,A costura da mochila abriu no primeiro treino.,Backpack seam opened up on the first workout.,Negative,poor_quality,2018-02-04
REV_91522,ORD_51522,1,Review 1 Stars,"Tênis ficou apertado, processo de troca muito demorado.","Sneakers were too tight, exchange process was overly slow.",Negative,size_issue,2017-02-19
REV_91523,ORD_51523,2,Review 2 Stars,"Tênis ficou apertado, processo de troca muito demorado.","Sneakers were too tight, exchange process was overly slow.",Negative,size_issue,2017-06-06
REV_91524,ORD_51524,5,Review 5 Stars,Garrafa térmica mantém a água gelada o dia inteiro.,Thermos bottle keeps water cold all day long.,Positive,positive,2017-08-31
REV_91525,ORD_51525,4,Review 4 Stars,Garrafa térmica mantém a água gelada o dia inteiro.,Thermos bottle keeps water cold all day long.,Positive,positive,2018-05-18
REV_91526,ORD_51526,4,Review 4 Stars,Garrafa térmica mantém a água gelada o dia inteiro.,Thermos bottle keeps water cold all day long.,Positive,positive,2017-11-21
REV_91527,ORD_51527,1,Review 1 Stars,A costura da mochila abriu no primeiro treino.,Backpack seam opened up on the first workout.,Negative,poor_quality,2017-08-28
REV_91528,ORD_51528,3,Review 3 Stars,"Produto razoável, dentro do esperado pelo valor.","Reasonable product, as expected for the price.",Neutral,neutral,2018-03-10
REV_91529,ORD_51529,5,Review 5 Stars,Garrafa térmica mantém a água gelada o dia inteiro.,Thermos bottle keeps water cold all day long.,Positive,positive,2017-08-28
REV_91530,ORD_51530,4,Review 4 Stars,Garrafa térmica mantém a água gelada o dia inteiro.,Thermos bottle keeps water cold all day long.,Positive,positive,2017-03-28
REV_91531,ORD_51531,1,Review 1 Stars,A costura da mochila abriu no primeiro treino.,Backpack seam opened up on the first workout.,Negative,poor_quality,2018-02-05
REV_91532,ORD_51532,4,Review 4 Stars,Bicicleta resistente e confortável para pedaladas no parque.,Sturdy and comfortable bicycle for park rides.,Positive,positive,2017-03-30
REV_91533,ORD_51533,5,Review 5 Stars,Garrafa térmica mantém a água gelada o dia inteiro.,Thermos bottle keeps water cold all day long.,Positive,positive,2018-05-01
REV_91534,ORD_51534,4,Review 4 Stars,Bicicleta resistente e confortável para pedaladas no parque.,Sturdy and comfortable bicycle for park rides.,Positive,positive,2017-06-03
REV_91535,ORD_51535,5,Review 5 Stars,Bicicleta resistente e confortável para pedaladas no parque.,Sturdy and comfortable bicycle for park rides.,Positive,positive,2017-10-08
REV_91536,ORD_51536,3,Review 3 Stars,"Produto razoável, dentro do esperado pelo valor.","Reasonable product, as expected for the price.",Neutral,neutral,2018-03-04
REV_91537,ORD_51537,5,Review 5 Stars,Garrafa térmica mantém a água gelada o dia inteiro.,Thermos bottle keeps water cold all day long.,Positive,positive,2017-04-15
REV_91538,ORD_51538,2,Review 2 Stars,"Tênis ficou apertado, processo de troca muito demorado.","Sneakers were too tight, exchange process was overly slow.",Negative,size_issue,2017-11-09
REV_91539,ORD_51539,4,Review 4 Stars,Garrafa térmica mantém a água gelada o dia inteiro.,Thermos bottle keeps water cold all day long.,Positive,positive,2017-11-04
REV_91540,ORD_51540,3,Review 3 Stars,"Produto razoável, dentro do esperado pelo valor.","Reasonable product, as expected for the price.",Neutral,neutral,2017-04-18
REV_91541,ORD_51541,4,Review 4 Stars,Bicicleta resistente e confortável para pedaladas no parque.,Sturdy and comfortable bicycle for park rides.,Positive,positive,2018-02-18
REV_91542,ORD_51542,4,Review 4 Stars,Bicicleta resistente e confortável para pedaladas no parque.,Sturdy and comfortable bicycle for park rides.,Positive,positive,2017-05-09
REV_91543,ORD_51543,3,Review 3 Stars,"Produto razoável, dentro do esperado pelo valor.","Reasonable product, as expected for the price.",Neutral,neutral,2017-03-12
REV_91544,ORD_51544,5,Review 5 Stars,Bicicleta resistente e confortável para pedaladas no parque.,Sturdy and comfortable bicycle for park rides.,Positive,positive,2017-09-04
REV_91545,ORD_51545,2,Review 2 Stars,A costura da mochila abriu no primeiro treino.,Backpack seam opened up on the first workout.,Negative,poor_quality,2018-04-20
REV_91546,ORD_51546,2,Review 2 Stars,"Tênis ficou apertado, processo de troca muito demorado.","Sneakers were too tight, exchange process was overly slow.",Negative,size_issue,2018-02-11
REV_91547,ORD_51547,3,Review 3 Stars,"Produto razoável, dentro do esperado pelo valor.","Reasonable product, as expected for the price.",Neutral,neutral,2017-01-20
REV_91548,ORD_51548,1,Review 1 Stars,"Tênis ficou apertado, processo de troca muito demorado.","Sneakers were too tight, exchange process was overly slow.",Negative,size_issue,2018-03-22
REV_91549,ORD_51549,4,Review 4 Stars,Garrafa térmica mantém a água gelada o dia inteiro.,Thermos bottle keeps water cold all day long.,Positive,positive,2018-04-07
REV_91550,ORD_51550,2,Review 2 Stars,"Tênis ficou apertado, processo de troca muito demorado.","Sneakers were too tight, exchange process was overly slow.",Negative,size_issue,2018-03-27
REV_91551,ORD_51551,4,Review 4 Stars,Bicicleta resistente e confortável para pedaladas no parque.,Sturdy and comfortable bicycle for park rides.,Positive,positive,2018-03-28
REV_91552,ORD_51552,4,Review 4 Stars,Bicicleta resistente e confortável para pedaladas no parque.,Sturdy and comfortable bicycle for park rides.,Positive,positive,2018-05-18
REV_91553,ORD_51553,3,Review 3 Stars,"Produto razoável, dentro do esperado pelo valor.","Reasonable product, as expected for the price.",Neutral,neutral,2017-09-22
REV_91554,ORD_51554,5,Review 5 Stars,Bicicleta resistente e confortável para pedaladas no parque.,Sturdy and comfortable bicycle for park rides.,Positive,positive,2017-01-24
REV_91555,ORD_51555,1,Review 1 Stars,A costura da mochila abriu no primeiro treino.,Backpack seam opened up on the first workout.,Negative,poor_quality,2017-10-21
REV_91556,ORD_51556,4,Review 4 Stars,Garrafa térmica mantém a água gelada o dia inteiro.,Thermos bottle keeps water cold all day long.,Positive,positive,2017-08-14
REV_91557,ORD_51557,4,Review 4 Stars,Garrafa térmica mantém a água gelada o dia inteiro.,Thermos bottle keeps water cold all day long.,Positive,positive,2017-06-16
REV_91558,ORD_51558,5,Review 5 Stars,Bicicleta resistente e confortável para pedaladas no parque.,Sturdy and comfortable bicycle for park rides.,Positive,positive,2017-09-16
REV_91559,ORD_51559,5,Review 5 Stars,Garrafa térmica mantém a água gelada o dia inteiro.,Thermos bottle keeps water cold all day long.,Positive,positive,2018-02-25
REV_91560,ORD_51560,2,Review 2 Stars,A costura da mochila abriu no primeiro treino.,Backpack seam opened up on the first workout.,Negative,poor_quality,2017-05-26
REV_91561,ORD_51561,5,Review 5 Stars,Garrafa térmica mantém a água gelada o dia inteiro.,Thermos bottle keeps water cold all day long.,Positive,positive,2017-08-21
REV_91562,ORD_51562,4,Review 4 Stars,Bicicleta resistente e confortável para pedaladas no parque.,Sturdy and comfortable bicycle for park rides.,Positive,positive,2018-02-25
REV_91563,ORD_51563,5,Review 5 Stars,Bicicleta resistente e confortável para pedaladas no parque.,Sturdy and comfortable bicycle for park rides.,Positive,positive,2017-08-06
REV_91564,ORD_51564,2,Review 2 Stars,A costura da mochila abriu no primeiro treino.,Backpack seam opened up on the first workout.,Negative,poor_quality,2017-09-08
REV_91565,ORD_51565,2,Review 2 Stars,"Tênis ficou apertado, processo de troca muito demorado.","Sneakers were too tight, exchange process was overly slow.",Negative,size_issue,2017-05-22
REV_91566,ORD_51566,3,Review 3 Stars,"Produto razoável, dentro do esperado pelo valor.","Reasonable product, as expected for the price.",Neutral,neutral,2018-02-09
REV_91567,ORD_51567,5,Review 5 Stars,Bicicleta resistente e confortável para pedaladas no parque.,Sturdy and comfortable bicycle for park rides.,Positive,positive,2018-05-23
REV_91568,ORD_51568,4,Review 4 Stars,Bicicleta resistente e confortável para pedaladas no parque.,Sturdy and comfortable bicycle for park rides.,Positive,positive,2017-03-17
REV_91569,ORD_51569,5,Review 5 Stars,Garrafa térmica mantém a água gelada o dia inteiro.,Thermos bottle keeps water cold all day long.,Positive,positive,2017-04-25
REV_91570,ORD_51570,3,Review 3 Stars,"Produto razoável, dentro do esperado pelo valor.","Reasonable product, as expected for the price.",Neutral,neutral,2017-10-19
REV_91571,ORD_51571,5,Review 5 Stars,Bicicleta resistente e confortável para pedaladas no parque.,Sturdy and comfortable bicycle for park rides.,Positive,positive,2017-04-12
REV_91572,ORD_51572,2,Review 2 Stars,A costura da mochila abriu no primeiro treino.,Backpack seam opened up on the first workout.,Negative,poor_quality,2017-10-15
REV_91573,ORD_51573,2,Review 2 Stars,"Tênis ficou apertado, processo de troca muito demorado.","Sneakers were too tight, exchange process was overly slow.",Negative,size_issue,2018-05-29
REV_91574,ORD_51574,3,Review 3 Stars,"Produto razoável, dentro do esperado pelo valor.","Reasonable product, as expected for the price.",Neutral,neutral,2018-01-09
REV_91575,ORD_51575,4,Review 4 Stars,Garrafa térmica mantém a água gelada o dia inteiro.,Thermos bottle keeps water cold all day long.,Positive,positive,2017-02-09
REV_91576,ORD_51576,1,Review 1 Stars,A costura da mochila abriu no primeiro treino.,Backpack seam opened up on the first workout.,Negative,poor_quality,2017-07-30
REV_91577,ORD_51577,5,Review 5 Stars,Bicicleta resistente e confortável para pedaladas no parque.,Sturdy and comfortable bicycle for park rides.,Positive,positive,2017-03-24
REV_91578,ORD_51578,2,Review 2 Stars,A costura da mochila abriu no primeiro treino.,Backpack seam opened up on the first workout.,Negative,poor_quality,2017-10-10
REV_91579,ORD_51579,4,Review 4 Stars,Garrafa térmica mantém a água gelada o dia inteiro.,Thermos bottle keeps water cold all day long.,Positive,positive,2018-01-23
REV_91580,ORD_51580,5,Review 5 Stars,Bicicleta resistente e confortável para pedaladas no parque.,Sturdy and comfortable bicycle for park rides.,Positive,positive,2018-03-21
REV_91581,ORD_51581,2,Review 2 Stars,"Tênis ficou apertado, processo de troca muito demorado.","Sneakers were too tight, exchange process was overly slow.",Negative,size_issue,2018-02-11
REV_91582,ORD_51582,4,Review 4 Stars,Garrafa térmica mantém a água gelada o dia inteiro.,Thermos bottle keeps water cold all day long.,Positive,positive,2018-03-15
REV_91583,ORD_51583,5,Review 5 Stars,Bicicleta resistente e confortável para pedaladas no parque.,Sturdy and comfortable bicycle for park rides.,Positive,positive,2017-07-03
REV_91584,ORD_51584,2,Review 2 Stars,A costura da mochila abriu no primeiro treino.,Backpack seam opened up on the first workout.,Negative,poor_quality,2017-05-23
REV_91585,ORD_51585,4,Review 4 Stars,Bicicleta resistente e confortável para pedaladas no parque.,Sturdy and comfortable bicycle for park rides.,Positive,positive,2018-04-08
REV_91586,ORD_51586,2,Review 2 Stars,A costura da mochila abriu no primeiro treino.,Backpack seam opened up on the first workout.,Negative,poor_quality,2017-07-26
REV_91587,ORD_51587,3,Review 3 Stars,"Produto razoável, dentro do esperado pelo valor.","Reasonable product, as expected for the price.",Neutral,neutral,2017-02-06
REV_91588,ORD_51588,5,Review 5 Stars,Bicicleta resistente e confortável para pedaladas no parque.,Sturdy and comfortable bicycle for park rides.,Positive,positive,2017-05-13
REV_91589,ORD_51589,3,Review 3 Stars,"Produto razoável, dentro do esperado pelo valor.","Reasonable product, as expected for the price.",Neutral,neutral,2018-03-21
REV_91590,ORD_51590,4,Review 4 Stars,Bicicleta resistente e confortável para pedaladas no parque.,Sturdy and comfortable bicycle for park rides.,Positive,positive,2017-08-31
REV_91591,ORD_51591,4,Review 4 Stars,Garrafa térmica mantém a água gelada o dia inteiro.,Thermos bottle keeps water cold all day long.,Positive,positive,2017-12-12
REV_91592,ORD_51592,1,Review 1 Stars,A costura da mochila abriu no primeiro treino.,Backpack seam opened up on the first workout.,Negative,poor_quality,2017-07-22
REV_91593,ORD_51593,2,Review 2 Stars,A costura da mochila abriu no primeiro treino.,Backpack seam opened up on the first workout.,Negative,poor_quality,2017-12-13
REV_91594,ORD_51594,5,Review 5 Stars,Garrafa térmica mantém a água gelada o dia inteiro.,Thermos bottle keeps water cold all day long.,Positive,positive,2018-05-23
REV_91595,ORD_51595,4,Review 4 Stars,Bicicleta resistente e confortável para pedaladas no parque.,Sturdy and comfortable bicycle for park rides.,Positive,positive,2018-01-30
REV_91596,ORD_51596,2,Review 2 Stars,"Tênis ficou apertado, processo de troca muito demorado.","Sneakers were too tight, exchange process was overly slow.",Negative,size_issue,2017-03-11
REV_91597,ORD_51597,3,Review 3 Stars,"Produto razoável, dentro do esperado pelo valor.","Reasonable product, as expected for the price.",Neutral,neutral,2018-03-22
REV_91598,ORD_51598,3,Review 3 Stars,"Produto razoável, dentro do esperado pelo valor.","Reasonable product, as expected for the price.",Neutral,neutral,2017-05-15
REV_91599,ORD_51599,3,Review 3 Stars,"Produto razoável, dentro do esperado pelo valor.","Reasonable product, as expected for the price.",Neutral,neutral,2017-05-16
REV_91600,ORD_51600,4,Review 4 Stars,Bicicleta resistente e confortável para pedaladas no parque.,Sturdy and comfortable bicycle for park rides.,Positive,positive,2018-05-16
REV_91601,ORD_51601,2,Review 2 Stars,A costura da mochila abriu no primeiro treino.,Backpack seam opened up on the first workout.,Negative,poor_quality,2018-03-29
REV_91602,ORD_51602,5,Review 5 Stars,Bicicleta resistente e confortável para pedaladas no parque.,Sturdy and comfortable bicycle for park rides.,Positive,positive,2017-07-15
REV_91603,ORD_51603,5,Review 5 Stars,Garrafa térmica mantém a água gelada o dia inteiro.,Thermos bottle keeps water cold all day long.,Positive,positive,2018-03-01
REV_91604,ORD_51604,5,Review 5 Stars,Bicicleta resistente e confortável para pedaladas no parque.,Sturdy and comfortable bicycle for park rides.,Positive,positive,2017-03-05
REV_91605,ORD_51605,5,Review 5 Stars,Garrafa térmica mantém a água gelada o dia inteiro.,Thermos bottle keeps water cold all day long.,Positive,positive,2017-10-29
REV_91606,ORD_51606,5,Review 5 Stars,Garrafa térmica mantém a água gelada o dia inteiro.,Thermos bottle keeps water cold all day long.,Positive,positive,2017-01-27
REV_91607,ORD_51607,3,Review 3 Stars,"Produto razoável, dentro do esperado pelo valor.","Reasonable product, as expected for the price.",Neutral,neutral,2017-02-10
REV_91608,ORD_51608,2,Review 2 Stars,A costura da mochila abriu no primeiro treino.,Backpack seam opened up on the first workout.,Negative,poor_quality,2018-01-19
REV_91609,ORD_51609,4,Review 4 Stars,Garrafa térmica mantém a água gelada o dia inteiro.,Thermos bottle keeps water cold all day long.,Positive,positive,2017-06-27
REV_91610,ORD_51610,5,Review 5 Stars,Bicicleta resistente e confortável para pedaladas no parque.,Sturdy and comfortable bicycle for park rides.,Positive,positive,2018-01-08
REV_91611,ORD_51611,5,Review 5 Stars,Bicicleta resistente e confortável para pedaladas no parque.,Sturdy and comfortable bicycle for park rides.,Positive,positive,2018-01-15
REV_91612,ORD_51612,2,Review 2 Stars,A costura da mochila abriu no primeiro treino.,Backpack seam opened up on the first workout.,Negative,poor_quality,2018-01-26
REV_91613,ORD_51613,5,Review 5 Stars,Garrafa térmica mantém a água gelada o dia inteiro.,Thermos bottle keeps water cold all day long.,Positive,positive,2017-03-22
REV_91614,ORD_51614,3,Review 3 Stars,"Produto razoável, dentro do esperado pelo valor.","Reasonable product, as expected for the price.",Neutral,neutral,2017-03-04
REV_91615,ORD_51615,2,Review 2 Stars,"Tênis ficou apertado, processo de troca muito demorado.","Sneakers were too tight, exchange process was overly slow.",Negative,size_issue,2017-07-03
REV_91616,ORD_51616,2,Review 2 Stars,"Tênis ficou apertado, processo de troca muito demorado.","Sneakers were too tight, exchange process was overly slow.",Negative,size_issue,2017-12-31
REV_91617,ORD_51617,4,Review 4 Stars,Bicicleta resistente e confortável para pedaladas no parque.,Sturdy and comfortable bicycle for park rides.,Positive,positive,2017-06-19
REV_91618,ORD_51618,4,Review 4 Stars,Bicicleta resistente e confortável para pedaladas no parque.,Sturdy and comfortable bicycle for park rides.,Positive,positive,2017-12-10
REV_91619,ORD_51619,5,Review 5 Stars,Bicicleta resistente e confortável para pedaladas no parque.,Sturdy and comfortable bicycle for park rides.,Positive,positive,2017-11-02
REV_91620,ORD_51620,4,Review 4 Stars,Bicicleta resistente e confortável para pedaladas no parque.,Sturdy and comfortable bicycle for park rides.,Positive,positive,2017-11-30
REV_91621,ORD_51621,2,Review 2 Stars,"Tênis ficou apertado, processo de troca muito demorado.","Sneakers were too tight, exchange process was overly slow.",Negative,size_issue,2017-11-16
REV_91622,ORD_51622,5,Review 5 Stars,Bicicleta resistente e confortável para pedaladas no parque.,Sturdy and comfortable bicycle for park rides.,Positive,positive,2018-05-13
REV_91623,ORD_51623,4,Review 4 Stars,Bicicleta resistente e confortável para pedaladas no parque.,Sturdy and comfortable bicycle for park rides.,Positive,positive,2017-07-16
REV_91624,ORD_51624,4,Review 4 Stars,Bicicleta resistente e confortável para pedaladas no parque.,Sturdy and comfortable bicycle for park rides.,Positive,positive,2018-04-29
REV_91625,ORD_51625,5,Review 5 Stars,Garrafa térmica mantém a água gelada o dia inteiro.,Thermos bottle keeps water cold all day long.,Positive,positive,2017-12-22
REV_91626,ORD_51626,2,Review 2 Stars,A costura da mochila abriu no primeiro treino.,Backpack seam opened up on the first workout.,Negative,poor_quality,2017-06-13
REV_91627,ORD_51627,2,Review 2 Stars,A costura da mochila abriu no primeiro treino.,Backpack seam opened up on the first workout.,Negative,poor_quality,2017-07-30
REV_91628,ORD_51628,1,Review 1 Stars,A costura da mochila abriu no primeiro treino.,Backpack seam opened up on the first workout.,Negative,poor_quality,2018-02-20
REV_91629,ORD_51629,5,Review 5 Stars,Garrafa térmica mantém a água gelada o dia inteiro.,Thermos bottle keeps water cold all day long.,Positive,positive,2017-10-18
REV_91630,ORD_51630,1,Review 1 Stars,"Tênis ficou apertado, processo de troca muito demorado.","Sneakers were too tight, exchange process was overly slow.",Negative,size_issue,2018-03-21
REV_91631,ORD_51631,2,Review 2 Stars,"Tênis ficou apertado, processo de troca muito demorado.","Sneakers were too tight, exchange process was overly slow.",Negative,size_issue,2018-05-22
REV_91632,ORD_51632,5,Review 5 Stars,Bicicleta resistente e confortável para pedaladas no parque.,Sturdy and comfortable bicycle for park rides.,Positive,positive,2017-02-07
REV_91633,ORD_51633,4,Review 4 Stars,Bicicleta resistente e confortável para pedaladas no parque.,Sturdy and comfortable bicycle for park rides.,Positive,positive,2017-04-14
REV_91634,ORD_51634,5,Review 5 Stars,Garrafa térmica mantém a água gelada o dia inteiro.,Thermos bottle keeps water cold all day long.,Positive,positive,2017-11-26
REV_91635,ORD_51635,5,Review 5 Stars,Bicicleta resistente e confortável para pedaladas no parque.,Sturdy and comfortable bicycle for park rides.,Positive,positive,2017-08-08
REV_91636,ORD_51636,2,Review 2 Stars,A costura da mochila abriu no primeiro treino.,Backpack seam opened up on the first workout.,Negative,poor_quality,2017-11-19
REV_91637,ORD_51637,2,Review 2 Stars,A costura da mochila abriu no primeiro treino.,Backpack seam opened up on the first workout.,Negative,poor_quality,2017-02-20
REV_91638,ORD_51638,1,Review 1 Stars,A costura da mochila abriu no primeiro treino.,Backpack seam opened up on the first workout.,Negative,poor_quality,2018-05-21
REV_91639,ORD_51639,1,Review 1 Stars,"Tênis ficou apertado, processo de troca muito demorado.","Sneakers were too tight, exchange process was overly slow.",Negative,size_issue,2017-10-29
REV_91640,ORD_51640,4,Review 4 Stars,Garrafa térmica mantém a água gelada o dia inteiro.,Thermos bottle keeps water cold all day long.,Positive,positive,2017-04-16
REV_91641,ORD_51641,1,Review 1 Stars,"Tênis ficou apertado, processo de troca muito demorado.","Sneakers were too tight, exchange process was overly slow.",Negative,size_issue,2017-09-06
REV_91642,ORD_51642,3,Review 3 Stars,"Produto razoável, dentro do esperado pelo valor.","Reasonable product, as expected for the price.",Neutral,neutral,2018-03-29
REV_91643,ORD_51643,1,Review 1 Stars,A costura da mochila abriu no primeiro treino.,Backpack seam opened up on the first workout.,Negative,poor_quality,2017-08-11
REV_91644,ORD_51644,1,Review 1 Stars,"Tênis ficou apertado, processo de troca muito demorado.","Sneakers were too tight, exchange process was overly slow.",Negative,size_issue,2017-02-06
REV_91645,ORD_51645,5,Review 5 Stars,Bicicleta resistente e confortável para pedaladas no parque.,Sturdy and comfortable bicycle for park rides.,Positive,positive,2017-02-14
REV_91646,ORD_51646,2,Review 2 Stars,"Tênis ficou apertado, processo de troca muito demorado.","Sneakers were too tight, exchange process was overly slow.",Negative,size_issue,2018-01-27
REV_91647,ORD_51647,3,Review 3 Stars,"Produto razoável, dentro do esperado pelo valor.","Reasonable product, as expected for the price.",Neutral,neutral,2018-03-02
REV_91648,ORD_51648,2,Review 2 Stars,A costura da mochila abriu no primeiro treino.,Backpack seam opened up on the first workout.,Negative,poor_quality,2017-02-28
REV_91649,ORD_51649,1,Review 1 Stars,A costura da mochila abriu no primeiro treino.,Backpack seam opened up on the first workout.,Negative,poor_quality,2018-01-08
REV_91650,ORD_51650,3,Review 3 Stars,"Produto razoável, dentro do esperado pelo valor.","Reasonable product, as expected for the price.",Neutral,neutral,2017-05-11
REV_91651,ORD_51651,1,Review 1 Stars,A costura da mochila abriu no primeiro treino.,Backpack seam opened up on the first workout.,Negative,poor_quality,2017-07-31
REV_91652,ORD_51652,4,Review 4 Stars,Garrafa térmica mantém a água gelada o dia inteiro.,Thermos bottle keeps water cold all day long.,Positive,positive,2017-04-28
REV_91653,ORD_51653,5,Review 5 Stars,Bicicleta resistente e confortável para pedaladas no parque.,Sturdy and comfortable bicycle for park rides.,Positive,positive,2017-09-09
REV_91654,ORD_51654,2,Review 2 Stars,A costura da mochila abriu no primeiro treino.,Backpack seam opened up on the first workout.,Negative,poor_quality,2018-01-18
REV_91655,ORD_51655,4,Review 4 Stars,Garrafa térmica mantém a água gelada o dia inteiro.,Thermos bottle keeps water cold all day long.,Positive,positive,2017-05-06
REV_91656,ORD_51656,5,Review 5 Stars,Garrafa térmica mantém a água gelada o dia inteiro.,Thermos bottle keeps water cold all day long.,Positive,positive,2017-02-11
REV_91657,ORD_51657,4,Review 4 Stars,Bicicleta resistente e confortável para pedaladas no parque.,Sturdy and comfortable bicycle for park rides.,Positive,positive,2017-04-07
REV_91658,ORD_51658,3,Review 3 Stars,"Produto razoável, dentro do esperado pelo valor.","Reasonable product, as expected for the price.",Neutral,neutral,2017-12-10
REV_91659,ORD_51659,4,Review 4 Stars,Bicicleta resistente e confortável para pedaladas no parque.,Sturdy and comfortable bicycle for park rides.,Positive,positive,2017-05-23
REV_91660,ORD_51660,5,Review 5 Stars,Garrafa térmica mantém a água gelada o dia inteiro.,Thermos bottle keeps water cold all day long.,Positive,positive,2018-03-01
REV_91661,ORD_51661,4,Review 4 Stars,Garrafa térmica mantém a água gelada o dia inteiro.,Thermos bottle keeps water cold all day long.,Positive,positive,2018-01-28
REV_91662,ORD_51662,3,Review 3 Stars,"Produto razoável, dentro do esperado pelo valor.","Reasonable product, as expected for the price.",Neutral,neutral,2017-09-15
REV_91663,ORD_51663,3,Review 3 Stars,"Produto razoável, dentro do esperado pelo valor.","Reasonable product, as expected for the price.",Neutral,neutral,2018-04-22
REV_91664,ORD_51664,5,Review 5 Stars,Bicicleta resistente e confortável para pedaladas no parque.,Sturdy and comfortable bicycle for park rides.,Positive,positive,2017-10-22
REV_91665,ORD_51665,2,Review 2 Stars,"Tênis ficou apertado, processo de troca muito demorado.","Sneakers were too tight, exchange process was overly slow.",Negative,size_issue,2018-04-27
REV_91666,ORD_51666,5,Review 5 Stars,Garrafa térmica mantém a água gelada o dia inteiro.,Thermos bottle keeps water cold all day long.,Positive,positive,2018-05-03
REV_91667,ORD_51667,4,Review 4 Stars,Bicicleta resistente e confortável para pedaladas no parque.,Sturdy and comfortable bicycle for park rides.,Positive,positive,2018-04-10
REV_91668,ORD_51668,4,Review 4 Stars,Garrafa térmica mantém a água gelada o dia inteiro.,Thermos bottle keeps water cold all day long.,Positive,positive,2017-12-31
REV_91669,ORD_51669,3,Review 3 Stars,"Produto razoável, dentro do esperado pelo valor.","Reasonable product, as expected for the price.",Neutral,neutral,2017-07-17
REV_91670,ORD_51670,4,Review 4 Stars,Garrafa térmica mantém a água gelada o dia inteiro.,Thermos bottle keeps water cold all day long.,Positive,positive,2017-04-21
REV_91671,ORD_51671,4,Review 4 Stars,Garrafa térmica mantém a água gelada o dia inteiro.,Thermos bottle keeps water cold all day long.,Positive,positive,2017-12-08
REV_91672,ORD_51672,3,Review 3 Stars,"Produto razoável, dentro do esperado pelo valor.","Reasonable product, as expected for the price.",Neutral,neutral,2018-01-24
REV_91673,ORD_51673,4,Review 4 Stars,Garrafa térmica mantém a água gelada o dia inteiro.,Thermos bottle keeps water cold all day long.,Positive,positive,2018-01-23
REV_91674,ORD_51674,4,Review 4 Stars,Garrafa térmica mantém a água gelada o dia inteiro.,Thermos bottle keeps water cold all day long.,Positive,positive,2018-01-03
REV_91675,ORD_51675,5,Review 5 Stars,Bicicleta resistente e confortável para pedaladas no parque.,Sturdy and comfortable bicycle for park rides.,Positive,positive,2018-01-20
REV_91676,ORD_51676,3,Review 3 Stars,"Produto razoável, dentro do esperado pelo valor.","Reasonable product, as expected for the price.",Neutral,neutral,2018-02-26
REV_91677,ORD_51677,3,Review 3 Stars,"Produto razoável, dentro do esperado pelo valor.","Reasonable product, as expected for the price.",Neutral,neutral,2017-02-15
REV_91678,ORD_51678,3,Review 3 Stars,"Produto razoável, dentro do esperado pelo valor.","Reasonable product, as expected for the price.",Neutral,neutral,2017-01-16
REV_91679,ORD_51679,3,Review 3 Stars,"Produto razoável, dentro do esperado pelo valor.","Reasonable product, as expected for the price.",Neutral,neutral,2017-11-26
REV_91680,ORD_51680,5,Review 5 Stars,Garrafa térmica mantém a água gelada o dia inteiro.,Thermos bottle keeps water cold all day long.,Positive,positive,2017-04-29
REV_91681,ORD_51681,3,Review 3 Stars,"Produto razoável, dentro do esperado pelo valor.","Reasonable product, as expected for the price.",Neutral,neutral,2017-04-30
REV_91682,ORD_51682,4,Review 4 Stars,Bicicleta resistente e confortável para pedaladas no parque.,Sturdy and comfortable bicycle for park rides.,Positive,positive,2017-09-10
REV_91683,ORD_51683,5,Review 5 Stars,Bicicleta resistente e confortável para pedaladas no parque.,Sturdy and comfortable bicycle for park rides.,Positive,positive,2018-01-18
REV_91684,ORD_51684,4,Review 4 Stars,Bicicleta resistente e confortável para pedaladas no parque.,Sturdy and comfortable bicycle for park rides.,Positive,positive,2017-03-19
REV_91685,ORD_51685,4,Review 4 Stars,Garrafa térmica mantém a água gelada o dia inteiro.,Thermos bottle keeps water cold all day long.,Positive,positive,2018-03-27
REV_91686,ORD_51686,1,Review 1 Stars,A costura da mochila abriu no primeiro treino.,Backpack seam opened up on the first workout.,Negative,poor_quality,2017-10-14
REV_91687,ORD_51687,3,Review 3 Stars,"Produto razoável, dentro do esperado pelo valor.","Reasonable product, as expected for the price.",Neutral,neutral,2017-02-19
REV_91688,ORD_51688,2,Review 2 Stars,A costura da mochila abriu no primeiro treino.,Backpack seam opened up on the first workout.,Negative,poor_quality,2017-02-24
REV_91689,ORD_51689,3,Review 3 Stars,"Produto razoável, dentro do esperado pelo valor.","Reasonable product, as expected for the price.",Neutral,neutral,2018-01-06
REV_91690,ORD_51690,3,Review 3 Stars,"Produto razoável, dentro do esperado pelo valor.","Reasonable product, as expected for the price.",Neutral,neutral,2017-07-26
REV_91691,ORD_51691,3,Review 3 Stars,"Produto razoável, dentro do esperado pelo valor.","Reasonable product, as expected for the price.",Neutral,neutral,2017-11-10
REV_91692,ORD_51692,2,Review 2 Stars,A costura da mochila abriu no primeiro treino.,Backpack seam opened up on the first workout.,Negative,poor_quality,2018-05-09
REV_91693,ORD_51693,5,Review 5 Stars,Garrafa térmica mantém a água gelada o dia inteiro.,Thermos bottle keeps water cold all day long.,Positive,positive,2018-02-19
REV_91694,ORD_51694,2,Review 2 Stars,"Tênis ficou apertado, processo de troca muito demorado.","Sneakers were too tight, exchange process was overly slow.",Negative,size_issue,2018-02-28
REV_91695,ORD_51695,4,Review 4 Stars,Garrafa térmica mantém a água gelada o dia inteiro.,Thermos bottle keeps water cold all day long.,Positive,positive,2017-04-27
REV_91696,ORD_51696,2,Review 2 Stars,"Tênis ficou apertado, processo de troca muito demorado.","Sneakers were too tight, exchange process was overly slow.",Negative,size_issue,2017-09-23
REV_91697,ORD_51697,5,Review 5 Stars,Bicicleta resistente e confortável para pedaladas no parque.,Sturdy and comfortable bicycle for park rides.,Positive,positive,2017-02-17
REV_91698,ORD_51698,2,Review 2 Stars,"Tênis ficou apertado, processo de troca muito demorado.","Sneakers were too tight, exchange process was overly slow.",Negative,size_issue,2018-03-01
REV_91699,ORD_51699,5,Review 5 Stars,Garrafa térmica mantém a água gelada o dia inteiro.,Thermos bottle keeps water cold all day long.,Positive,positive,2017-12-30
REV_91700,ORD_51700,2,Review 2 Stars,"Tênis ficou apertado, processo de troca muito demorado.","Sneakers were too tight, exchange process was overly slow.",Negative,size_issue,2018-03-09
REV_91701,ORD_51701,5,Review 5 Stars,Garrafa térmica mantém a água gelada o dia inteiro.,Thermos bottle keeps water cold all day long.,Positive,positive,2018-01-02
REV_91702,ORD_51702,2,Review 2 Stars,"Tênis ficou apertado, processo de troca muito demorado.","Sneakers were too tight, exchange process was overly slow.",Negative,size_issue,2017-11-05
